
=== eastbrook (live) ===
2026-08-05 19:18:59,129 INFO  scraper.vendor: [eastbrook] skipping 3200 already-scraped URLs (mode=existing)
2026-08-05 19:18:59,133 INFO  scraper.vendor: [eastbrook] crawling category: https://www.eastbrooktrade.com/sitemap.xml
2026-08-05 19:19:01,913 INFO  scraper.vendor:   NEW Crossland  1200 x 900mm Right Hand (RH) Offset Quad Shower T | £360.0 | showering/shower-trays
2026-08-05 19:19:03,059 INFO  scraper.vendor:   NEW Crossland  1600 x 900mm Rectangular Shower Tray with Slate F | £541.0 | showering/shower-trays
2026-08-05 19:19:04,143 INFO  scraper.vendor:   NEW Crossland  1600 x 900mm Rectangular Shower tray with Slate F | £541.0 | showering/shower-trays
2026-08-05 19:19:05,721 INFO  scraper.vendor:   NEW Crossland  1600 x 900mm Rectangular Shower tray with Slate F | £541.0 | showering/shower-trays
2026-08-05 19:19:06,659 INFO  scraper.vendor:   NEW Crossland  1600 x 800mm Rectangular Shower Tray with Slate F | £535.0 | showering/shower-trays
2026-08-05 19:19:07,782 INFO  scraper.vendor:   NEW Corniche 2000 8mm Soft Close Walk in 1600 Slider RH  Brushed | £528.0 | showering/shower-enclosures
2026-08-05 19:19:09,002 INFO  scraper.vendor:   NEW Corniche 2000 8mm Soft Close Walk in 1400 Slider RH  Brushed | £500.0 | showering/shower-enclosures
2026-08-05 19:19:09,992 INFO  scraper.vendor:   NEW Corniche 2000 8mm Easy Clean 2000mm x 1200mm Soft Close Walk | £473.0 | showering/shower-enclosures
2026-08-05 19:19:11,588 INFO  scraper.vendor:   NEW Corniche 2000 8mm Soft Close Walk in 1600 Slider LH  Brushed | £528.0 | showering/shower-enclosures
2026-08-05 19:19:12,680 INFO  scraper.vendor:   NEW Corniche 2000 8mm Soft Close Walk in 1400 Slider LH  Brushed | £500.0 | showering/shower-enclosures
2026-08-05 19:19:14,823 INFO  scraper.vendor:   NEW Corniche 2000 8mm Easy Clean 2000mm x 1200mm Soft Close Walk | £473.0 | showering/shower-enclosures
2026-08-05 19:19:16,928 INFO  scraper.vendor:   NEW Corniche 2000 8mm Soft Close Walk in 1600 Slider RH  Matt Bl | £473.0 | showering/shower-enclosures
2026-08-05 19:19:19,222 INFO  scraper.vendor:   NEW Corniche 2000 8mm Soft Close Walk in 1400 Slider RH  Matt Bl | £449.0 | showering/shower-enclosures
2026-08-05 19:19:21,230 INFO  scraper.vendor:   NEW Corniche 2000 8mm Easy Clean 2000mm x 1200mm Soft Close Walk | £424.0 | showering/shower-enclosures
2026-08-05 19:19:23,289 INFO  scraper.vendor:   NEW Putney 1590 x 740 x 460mm (355 Depth) Low level Freestanding | £816.0 | baths/freestanding
2026-08-05 19:19:25,541 INFO  scraper.vendor:   NEW Bromley 1590 x 750 x 560mm Freestanding bath inc waste - Glo | £1122.0 | baths/freestanding
2026-08-05 19:19:27,194 INFO  scraper.vendor:   NEW Harlton Back to wall (BTW) 1500 x 750 x 580mm (430mm depth)  | £1035.0 | baths/freestanding
2026-08-05 19:19:29,509 INFO  scraper.vendor:   NEW Brockland Sqaure 1600 x 750 x 600mm (430mm depth) Freestandi | £1007.0 | baths/freestanding
2026-08-05 19:19:31,569 INFO  scraper.vendor:   NEW Charlton 1650 x 740 x 565mm Freestanding bath -  Matt White | £999.0 | baths/freestanding
2026-08-05 19:19:33,208 INFO  scraper.vendor:   NEW Wandsworth 1495 x 725 x 585mm Freestanding Bath -  Matt Whit | £937.0 | baths/freestanding
2026-08-05 19:19:35,218 INFO  scraper.vendor:   NEW Brockland 1600 x 750 x 575mm Freestanding bath in Matt White | £1108.0 | baths/freestanding
2026-08-05 19:19:37,363 INFO  scraper.vendor:   NEW Vantage 2000 8mm Easy Clean 2000mm x 1700mm Soft Close Slidi | £773.0 | showering/shower-enclosures
2026-08-05 19:19:39,466 INFO  scraper.vendor:   NEW Vantage 2000 8mm Easy Clean 2000mm x 1650mm Soft Close Slidi | £763.0 | showering/shower-enclosures
2026-08-05 19:19:41,609 INFO  scraper.vendor:   NEW Vantage 2000 8mm Easy Clean 2000mm x 1600mm Soft Close Slidi | £749.0 | showering/shower-enclosures
2026-08-05 19:19:43,848 INFO  scraper.vendor:   NEW Vantage 2000 8mm Easy Clean 2000mm x 1500mm Soft Close Slidi | £729.0 | showering/shower-enclosures
2026-08-05 19:19:46,012 INFO  scraper.vendor:   NEW Vantage 2000 8mm Easy Clean 2000mm x 1400mm Soft Close Slidi | £709.0 | showering/shower-enclosures
2026-08-05 19:19:47,832 INFO  scraper.vendor:   NEW Vantage 2000 8mm Easy Clean 2000mm x 1300mm Soft Close Slidi | £668.0 | showering/shower-enclosures
2026-08-05 19:19:49,961 INFO  scraper.vendor:   NEW Vantage 2000 8mm Easy Clean 2000mm x 1200mm Soft Close Slidi | £667.0 | showering/shower-enclosures
2026-08-05 19:19:51,745 INFO  scraper.vendor:   NEW Vantage 2000 8mm Easy Clean 2000mm x 1100mm Soft Close Slidi | £588.0 | showering/shower-enclosures
2026-08-05 19:19:53,357 INFO  scraper.vendor:   NEW Vantage 2000 8mm Easy Clean 2000mm x 1000mm Soft Close Slidi | £567.0 | showering/shower-enclosures
2026-08-05 19:19:55,319 INFO  scraper.vendor:   NEW Vantage 2000 8mm Easy Clean 2000mm x 1700mm Soft Close Slidi | £725.0 | showering/shower-enclosures
2026-08-05 19:19:57,170 INFO  scraper.vendor:   NEW Vantage 2000 8mm Easy Clean 2000mm x 1650mm Soft Close Slidi | £715.0 | showering/shower-enclosures
2026-08-05 19:19:59,191 INFO  scraper.vendor:   NEW Vantage 2000 8mm Easy Clean 2000mm x 1600mm Soft Close Slidi | £701.0 | showering/shower-enclosures
2026-08-05 19:20:01,179 INFO  scraper.vendor:   NEW Vantage 2000 8mm Easy Clean 2000mm x 1500mm Soft Close Slidi | £681.0 | showering/shower-enclosures
2026-08-05 19:20:03,042 INFO  scraper.vendor:   NEW Vantage 2000 8mm Easy Clean 2000mm x 1400mm Soft Close Slidi | £660.0 | showering/shower-enclosures
2026-08-05 19:20:05,237 INFO  scraper.vendor:   NEW Vantage 2000 8mm Easy Clean 2000mm x 1300mm Soft Close Slidi | £640.0 | showering/shower-enclosures
2026-08-05 19:20:07,812 INFO  scraper.vendor:   NEW Vantage 2000 8mm Easy Clean 2000mm x 1200mm Soft Close Slidi | £619.0 | showering/shower-enclosures
2026-08-05 19:20:09,770 INFO  scraper.vendor:   NEW Corniche 2000 8mm Soft Close Walk in 1600 Slider LH  Matt Bl | £473.0 | showering/shower-enclosures
2026-08-05 19:20:11,891 INFO  scraper.vendor:   NEW Corniche 2000 8mm Soft Close Walk in 1400 Slider LH  Matt Bl | £449.0 | showering/shower-enclosures
2026-08-05 19:20:14,083 INFO  scraper.vendor:   NEW Violla II 1210 x 500 Stainless Steel Towel Rail Mirror Polis | £295.0 | heating/towel-rails
2026-08-05 19:20:16,047 INFO  scraper.vendor:   NEW Biscay Single Ended (SE) Left Handed (LH) 1600 x 725 x 440mm | £388.0 | baths/single-ended
2026-08-05 19:20:18,293 INFO  scraper.vendor:   NEW Corniche 2000 8mm Easy Clean 2000mm x 1200mm Soft Close Walk | £424.0 | showering/shower-enclosures
2026-08-05 19:20:20,236 INFO  scraper.vendor:   NEW Biscay Single Ended (SE) Right handed (RH) 1650 x 700 x 440m | £388.0 | baths/single-ended
2026-08-05 19:20:22,085 INFO  scraper.vendor:   NEW Corniche 2000 8mm Soft Close Walk in 1600 Slider RH  Chrome | £456.0 | showering/shower-enclosures
2026-08-05 19:20:24,409 INFO  scraper.vendor:   NEW Violla II 790 x 600 Stainless Steel Towel Rail Mirror Polish | £226.0 | heating/towel-rails
2026-08-05 19:20:26,484 INFO  scraper.vendor:   NEW Biscay Single Ended (SE) Left Handed (LH) 1650 x 700 x 440mm | £388.0 | baths/single-ended
2026-08-05 19:20:28,304 INFO  scraper.vendor:   NEW Biscay Single Ended (SE) Right handed (RH) 1700 x 700 x 440m | £388.0 | baths/single-ended
2026-08-05 19:20:30,482 INFO  scraper.vendor:   NEW Corniche 2000 8mm Soft Close Walk in 1400 Slider RH  Chrome | £433.0 | showering/shower-enclosures
2026-08-05 19:20:32,384 INFO  scraper.vendor:   NEW Biscay Single Ended (SE) Left Handed (LH) 1700 x 700 x 440mm | £388.0 | baths/single-ended
2026-08-05 19:20:34,614 INFO  scraper.vendor:   NEW Biscay Single Ended (SE) Right handed (RH) 1700 x 750 x 440m | £435.0 | baths/single-ended
2026-08-05 19:20:36,599 INFO  scraper.vendor:   NEW Corniche 2000 8mm Easy Clean 2000mm x 1200mm Soft Close Walk | £409.0 | showering/shower-enclosures
2026-08-05 19:20:38,710 INFO  scraper.vendor:   NEW Biscay Single Ended (SE) Left Handed (LH) 1700 x 750 x 440mm | £435.0 | baths/single-ended
2026-08-05 19:20:41,204 INFO  scraper.vendor:   NEW Biscay Single Ended (SE) Right handed (RH) 1800 x 750 x 440m | £511.0 | baths/single-ended
2026-08-05 19:20:43,072 INFO  scraper.vendor:   NEW Corniche 2000 8mm Soft Close Walk in 1600 Slider LH  Chrome | £456.0 | showering/shower-enclosures
2026-08-05 19:20:45,236 INFO  scraper.vendor:   NEW Corniche 2000 8mm Soft Close Walk in 1400 Slider LH  Chrome | £433.0 | showering/shower-enclosures
2026-08-05 19:20:47,746 INFO  scraper.vendor:   NEW Violla II 1630 x 600 Stainless Steel Towel Rail Brushed | £421.0 | heating/towel-rails
2026-08-05 19:20:49,682 INFO  scraper.vendor:   NEW Corniche 2000 8mm Easy Clean 2000mm x 1200mm Soft Close Walk | £409.0 | showering/shower-enclosures
2026-08-05 19:20:51,914 INFO  scraper.vendor:   NEW Violla II 1630 x 500 Stainless Steel Towel Rail Brushed | £392.0 | heating/towel-rails
2026-08-05 19:20:54,503 INFO  scraper.vendor:   NEW Violla II 1210 x 600 Stainless Steel Towel Rail Brushed | £339.0 | heating/towel-rails
2026-08-05 19:20:56,893 INFO  scraper.vendor:   NEW Violla II 1210 x 500 Stainless Steel Towel Rail Brushed | £317.0 | heating/towel-rails
2026-08-05 19:20:59,627 INFO  scraper.vendor:   NEW Violla II 790 x 600 Stainless Steel Towel Rail Brushed | £241.0 | heating/towel-rails
2026-08-05 19:21:02,183 INFO  scraper.vendor:   NEW Violla II 790 x 500 Stainless Steel Towel Rail Brushed | £227.0 | heating/towel-rails
2026-08-05 19:21:04,434 INFO  scraper.vendor:   NEW Violla II 1630 x 600 Stainless Steel Towel Rail Mirror Polis | £392.0 | heating/towel-rails
2026-08-05 19:21:06,832 INFO  scraper.vendor:   NEW Violla II 1630 x 500 Stainless Steel Towel Rail Mirror Polis | £363.0 | heating/towel-rails
2026-08-05 19:21:09,287 INFO  scraper.vendor:   NEW Violla II 1210 x 600 Stainless Steel Towel Rail Mirror Polis | £318.0 | heating/towel-rails
2026-08-05 19:21:11,132 INFO  scraper.vendor:   NEW Biscay Single Ended (SE) Right handed (RH) 1700 x 750 x 440m | £736.0 | baths/single-ended
2026-08-05 19:21:13,200 INFO  scraper.vendor:   NEW Biscay Single Ended (SE) Left Handed (LH) 1700 x750 x 440mm  | £736.0 | baths/single-ended
2026-08-05 19:21:15,270 INFO  scraper.vendor:   NEW Biscay Single Ended (SE) Right handed (RH) 1800 x 750 x 440m | £848.0 | baths/single-ended
2026-08-05 19:21:17,201 INFO  scraper.vendor:   NEW Biscay Single Ended (SE) Left Handed (LH) 1800 x750 x 440mm  | £848.0 | baths/single-ended
2026-08-05 19:21:19,273 INFO  scraper.vendor:   NEW Biscay Single Ended (SE) Right handed (RH) 1600 x725 x 440mm | £388.0 | baths/single-ended
2026-08-05 19:21:21,429 INFO  scraper.vendor:   NEW Vantage 2000 8mm Easy Clean 2000mm x 1000mm Soft Close Slidi | £522.0 | showering/shower-enclosures
2026-08-05 19:21:23,334 INFO  scraper.vendor:   NEW Vantage 2000 8mm Easy Clean 2000mm x 1700mm Soft Close Slidi | £698.0 | showering/shower-enclosures
2026-08-05 19:21:26,029 INFO  scraper.vendor:   NEW Vantage 2000 8mm Easy Clean 2000mm x 1650mm Soft Close Slidi | £687.0 | showering/shower-enclosures
2026-08-05 19:21:27,905 INFO  scraper.vendor:   NEW Vantage 2000 8mm Easy Clean 2000mm x 1600mm Soft Close Slidi | £673.0 | showering/shower-enclosures
2026-08-05 19:21:29,817 INFO  scraper.vendor:   NEW Vantage 2000 8mm Easy Clean 2000mm x 1500mm Soft Close Slidi | £653.0 | showering/shower-enclosures
2026-08-05 19:21:31,828 INFO  scraper.vendor:   NEW Vantage 2000 8mm Easy Clean 2000mm x 1400mm Soft Close Slidi | £633.0 | showering/shower-enclosures
2026-08-05 19:21:34,009 INFO  scraper.vendor:   NEW Vantage 2000 8mm Easy Clean 2000mm x 1300mm Soft Close Slidi | £612.0 | showering/shower-enclosures
2026-08-05 19:21:35,783 INFO  scraper.vendor:   NEW Vantage 2000 8mm Easy Clean 2000mm x 1200mm Soft Close Slidi | £591.0 | showering/shower-enclosures
2026-08-05 19:21:37,725 INFO  scraper.vendor:   NEW Vantage 2000 8mm Easy Clean 2000mm x 1100mm Soft Close Slidi | £506.0 | showering/shower-enclosures
2026-08-05 19:21:39,560 INFO  scraper.vendor:   NEW Vantage 2000 8mm Easy Clean 2000mm x 1000mm Soft Close Slidi | £489.0 | showering/shower-enclosures
2026-08-05 19:21:41,823 INFO  scraper.vendor:   NEW Violla II 790 x 500 Stainless Steel Towel Rail Mirror Polish | £212.0 | heating/towel-rails
2026-08-05 19:21:44,165 INFO  scraper.vendor:   NEW Reinbach 290 x 500mm Towel Rail Matt Black | £140.0 | heating/towel-rails
2026-08-05 19:21:46,293 INFO  scraper.vendor:   NEW Reinbach 290 x 500mm Towel Rail Matt Anthracite | £140.0 | heating/towel-rails
2026-08-05 19:21:48,177 INFO  scraper.vendor:   NEW Reinbach 290 x 500mm Towel Rail Matt Grey | £140.0 | heating/towel-rails
2026-08-05 19:21:50,259 INFO  scraper.vendor:   NEW Reinbach 290 x 500mm Towel Rail Matt Cappuccino | £140.0 | heating/towel-rails
2026-08-05 19:21:52,322 INFO  scraper.vendor:   NEW Reinbach 290 x 500mm Towel Rail Matt White | £140.0 | heating/towel-rails
2026-08-05 19:21:53,988 INFO  scraper.vendor:   NEW Biscay Single Ended (SE) Left Handed (LH) 1800 x 750 x 440mm | £511.0 | baths/single-ended
2026-08-05 19:21:56,226 INFO  scraper.vendor:   NEW Biscay Single Ended (SE) Right handed (RH) 1600 x 725 x 440m | £631.0 | baths/single-ended
2026-08-05 19:21:57,799 INFO  scraper.vendor:   NEW Biscay Single Ended (SE) Left Handed (LH) 1600 x 725 x 440mm | £631.0 | baths/single-ended
2026-08-05 19:21:59,997 INFO  scraper.vendor:   NEW Biscay Single Ended (SE) Right handed (RH) 1650 x 700 x 440m | £631.0 | baths/single-ended
2026-08-05 19:22:01,824 INFO  scraper.vendor:   NEW Biscay Single Ended (SE) Left Handed (LH) 1650 x700 x 440mm  | £631.0 | baths/single-ended
2026-08-05 19:22:04,205 INFO  scraper.vendor:   NEW Biscay Single Ended (SE) Right handed (RH) 1700 x700 x 440mm | £631.0 | baths/single-ended
2026-08-05 19:22:05,913 INFO  scraper.vendor:   NEW Biscay Single Ended (SE) Left Handed (LH) 1700 x700 x 440mm  | £631.0 | baths/single-ended
2026-08-05 19:22:07,592 INFO  scraper.vendor:   NEW Vantage 2000 8mm Easy Clean 2000mm x 1100mm Soft Close Slidi | £539.0 | showering/shower-enclosures
2026-08-05 19:22:10,102 INFO  scraper.vendor:   NEW Imperia 3 Column Radiator 450 x 1145mm Matt Black | £392.0 | heating/radiators
2026-08-05 19:22:12,422 INFO  scraper.vendor:   NEW Imperia 4 Column Radiator 600 x 425mm Matt Anthracite | £233.0 | heating/radiators
2026-08-05 19:22:14,852 INFO  scraper.vendor:   NEW Imperia 2 Column Radiator 450 x 1010mm Matt Black | £297.0 | heating/radiators
2026-08-05 19:22:16,937 INFO  scraper.vendor:   NEW Imperia 4 Column Radiator 600 x 1640mm Gloss White | £851.0 | heating/radiators
2026-08-05 19:22:19,136 INFO  scraper.vendor:   NEW Imperia 3 Column Radiator 450 x 1010mm Matt Black | £349.0 | heating/radiators
2026-08-05 19:22:21,506 INFO  scraper.vendor:   NEW Imperia 3 Column Radiator 450 x 830mm Matt Black | £293.0 | heating/radiators
2026-08-05 19:22:23,579 INFO  scraper.vendor:   NEW Imperia 2 Column Radiator 450 x 830mm Matt Black | £249.0 | heating/radiators
2026-08-05 19:22:25,884 INFO  scraper.vendor:   NEW Imperia 4 Column Radiator 600 x 1460mm Gloss White | £758.0 | heating/radiators
2026-08-05 19:22:28,103 INFO  scraper.vendor:   NEW Imperia 3 Column Radiator 450 x 605mm Matt Black | £221.0 | heating/radiators
2026-08-05 19:22:30,375 INFO  scraper.vendor:   NEW Imperia 2 Column Radiator 450 x 605mm Matt Black | £188.0 | heating/radiators
2026-08-05 19:22:32,517 INFO  scraper.vendor:   NEW Imperia 4 Column Radiator 600 x 1145mm Gloss White | £600.0 | heating/radiators
2026-08-05 19:22:34,700 INFO  scraper.vendor:   NEW Imperia 3 Column Radiator 450 x 1460mm Matt Anthracite | £492.0 | heating/radiators
2026-08-05 19:22:37,171 INFO  scraper.vendor:   NEW Imperia 2 Column Radiator 450 x 1460mm Matt Anthracite | £416.0 | heating/radiators
2026-08-05 19:22:39,244 INFO  scraper.vendor:   NEW Imperia 4 Column Radiator 600 x 1010mm Gloss White | £533.0 | heating/radiators
2026-08-05 19:22:41,554 INFO  scraper.vendor:   NEW Imperia 3 Column Radiator 450 x 1145mm Matt Anthracite | £392.0 | heating/radiators
2026-08-05 19:22:43,799 INFO  scraper.vendor:   NEW Imperia 2 Column Radiator 450 x 1145mm Matt Anthracite | £332.0 | heating/radiators
2026-08-05 19:22:45,877 INFO  scraper.vendor:   NEW Imperia 4 Column Radiator 600 x 830mm Gloss White | £438.0 | heating/radiators
2026-08-05 19:22:48,028 INFO  scraper.vendor:   NEW Imperia 3 Column Radiator 450 x 1010mm Matt Anthracite | £349.0 | heating/radiators
2026-08-05 19:22:50,237 INFO  scraper.vendor:   NEW Imperia 2 Column Radiator 450 x 1010mm Matt Anthracite | £297.0 | heating/radiators
2026-08-05 19:22:52,149 INFO  scraper.vendor:   NEW Imperia 2 Column Radiator 1800 x 605mm Matt Black | £458.0 | heating/radiators
2026-08-05 19:22:54,574 INFO  scraper.vendor:   NEW Imperia 2 Column Radiator 450 x 830mm Matt Anthracite | £249.0 | heating/radiators
2026-08-05 19:22:56,492 INFO  scraper.vendor:   NEW Imperia 2 Column Radiator 450 x 605mm Matt Anthracite | £188.0 | heating/radiators
2026-08-05 19:22:58,786 INFO  scraper.vendor:   NEW Imperia 2 Column Radiator 1800 x 560mm Matt Black | £427.0 | heating/radiators
2026-08-05 19:23:00,839 INFO  scraper.vendor:   NEW Imperia 6 Column Radiator 600 x 605mm Matt Black | £459.0 | heating/radiators
2026-08-05 19:23:03,342 INFO  scraper.vendor:   NEW Imperia 6 Column Radiator 600 x 425mm Matt Black | £328.0 | heating/radiators
2026-08-05 19:23:05,641 INFO  scraper.vendor:   NEW Imperia 6 Column Radiator 600 x 1460mm Matt Anthracite | £1083.0 | heating/radiators
2026-08-05 19:23:07,781 INFO  scraper.vendor:   NEW Imperia 6 Column Radiator 600 x 1370mm Matt Anthracite | £1018.0 | heating/radiators
2026-08-05 19:23:09,913 INFO  scraper.vendor:   NEW Imperia 6 Column Radiator 600 x 1145mm Matt Anthracite | £856.0 | heating/radiators
2026-08-05 19:23:12,159 INFO  scraper.vendor:   NEW Imperia 6 Column Radiator 600 x 1010mm Matt Anthracite | £758.0 | heating/radiators
2026-08-05 19:23:14,378 INFO  scraper.vendor:   NEW Imperia 6 Column Radiator 600 x 830mm Matt Anthracite | £623.0 | heating/radiators
2026-08-05 19:23:16,498 INFO  scraper.vendor:   NEW Imperia 6 Column Radiator 600 x 605mm Matt Anthracite | £459.0 | heating/radiators
2026-08-05 19:23:18,469 INFO  scraper.vendor:   NEW Imperia 6 Column Radiator 600 x 425mm Matt Anthracite | £328.0 | heating/radiators
2026-08-05 19:23:20,593 INFO  scraper.vendor:   NEW Imperia 6 Column Radiator 600 x 1460mm Gloss White | £1083.0 | heating/radiators
2026-08-05 19:23:22,657 INFO  scraper.vendor:   NEW Imperia 6 Column Bench Radiator 480 x 1200mm Matt Black | £639.0 | heating/radiators
2026-08-05 19:23:24,687 INFO  scraper.vendor:   NEW Imperia 6 Column Radiator 600 x 1370mm Gloss White | £1018.0 | heating/radiators
2026-08-05 19:23:26,722 INFO  scraper.vendor:   NEW Imperia 6 Column Bench Radiator 480 x 850mm Matt Black | £557.0 | heating/radiators
2026-08-05 19:23:29,072 INFO  scraper.vendor:   NEW Imperia 6 Column Radiator 600 x 1145mm Gloss White | £856.0 | heating/radiators
2026-08-05 19:23:31,204 INFO  scraper.vendor:   NEW Imperia 6 Column Bench Radiator 480 x 1200mm Matt Anthracite | £639.0 | heating/radiators
2026-08-05 19:23:33,620 INFO  scraper.vendor:   NEW Imperia 6 Column Radiator 600 x 1010mm Gloss White | £758.0 | heating/radiators
2026-08-05 19:23:35,685 INFO  scraper.vendor:   NEW Imperia 6 Column Radiator 600 x 830mm Gloss White | £623.0 | heating/radiators
2026-08-05 19:23:36,866 INFO  scraper.vendor:   NEW Imperia 6 Column Bench Radiator 480 x 850mm Matt Anthracite | £557.0 | heating/radiators
2026-08-05 19:23:39,017 INFO  scraper.vendor:   NEW Imperia 6 Column Radiator 600 x 605mm Gloss White | £459.0 | heating/radiators
2026-08-05 19:23:41,591 INFO  scraper.vendor:   NEW Imperia 6 Column Radiator 600 x 425mm Gloss White | £328.0 | heating/radiators
2026-08-05 19:23:43,813 INFO  scraper.vendor:   NEW Imperia 6 Column Bench Radiator 480 x 1200mm Gloss White | £639.0 | heating/radiators
2026-08-05 19:23:45,831 INFO  scraper.vendor:   NEW Imperia 6 Column Radiator 300 x 1370mm Matt Black | £735.0 | heating/radiators
2026-08-05 19:23:48,220 INFO  scraper.vendor:   NEW Imperia 6 Column Bench Radiator 480 x 850mm Gloss White | £557.0 | heating/radiators
2026-08-05 19:23:50,816 INFO  scraper.vendor:   NEW Imperia 6 Column Radiator 300 x 1145mm Matt Black | £619.0 | heating/radiators
2026-08-05 19:23:53,049 INFO  scraper.vendor:   NEW Imperia 6 Column Radiator 300 x 1010mm Matt Black | £549.0 | heating/radiators
2026-08-05 19:23:55,304 INFO  scraper.vendor:   NEW Imperia 6 Column Radiator 600 x 1460mm Matt Black | £1083.0 | heating/radiators
2026-08-05 19:23:57,551 INFO  scraper.vendor:   NEW Imperia 6 Column Radiator 300 x 830mm Matt Black | £452.0 | heating/radiators
2026-08-05 19:23:59,974 INFO  scraper.vendor:   NEW Imperia 6 Column Radiator 600 x 1370mm Matt Black | £1018.0 | heating/radiators
2026-08-05 19:24:02,271 INFO  scraper.vendor:   NEW Imperia 6 Column Radiator 300 x 1370mm Matt Anthracite | £735.0 | heating/radiators
2026-08-05 19:24:04,347 INFO  scraper.vendor:   NEW Imperia 6 Column Radiator 600 x 1145mm Matt Black | £856.0 | heating/radiators
2026-08-05 19:24:06,635 INFO  scraper.vendor:   NEW Imperia 6 Column Radiator 300 x 1145mm Matt Anthracite | £619.0 | heating/radiators
2026-08-05 19:24:09,001 INFO  scraper.vendor:   NEW Imperia 6 Column Radiator 600 x 1010mm Matt Black | £758.0 | heating/radiators
2026-08-05 19:24:11,152 INFO  scraper.vendor:   NEW Imperia 6 Column Radiator 300 x 1010mm Matt Anthracite | £549.0 | heating/radiators
2026-08-05 19:24:13,555 INFO  scraper.vendor:   NEW Imperia 6 Column Radiator 600 x 830mm Matt Black | £623.0 | heating/radiators
2026-08-05 19:24:15,893 INFO  scraper.vendor:   NEW Imperia 6 Column Radiator 300 x 830mm Matt Anthracite | £452.0 | heating/radiators
2026-08-05 19:24:17,805 INFO  scraper.vendor:   NEW Imperia 4 Column Radiator 600 x 425mm Gloss White | £233.0 | heating/radiators
2026-08-05 19:24:19,612 INFO  scraper.vendor:   NEW Imperia 3 Column Radiator 1800 x 605mm Matt Black | £562.0 | heating/radiators
2026-08-05 19:24:22,003 INFO  scraper.vendor:   NEW Imperia 6 Column Radiator 300 x 1370mm Gloss White | £735.0 | heating/radiators
2026-08-05 19:24:24,113 INFO  scraper.vendor:   NEW Imperia 3 Column Radiator 450 x 830mm Matt Anthracite | £293.0 | heating/radiators
2026-08-05 19:24:26,530 INFO  scraper.vendor:   NEW Imperia 3 Column Radiator 1800 x 560mm Matt Black | £524.0 | heating/radiators
2026-08-05 19:24:28,678 INFO  scraper.vendor:   NEW Imperia 6 Column Radiator 300 x 1145mm Gloss White | £619.0 | heating/radiators
2026-08-05 19:24:31,008 INFO  scraper.vendor:   NEW Imperia 2 Column Radiator 1800 x 515mm Matt Black | £397.0 | heating/radiators
2026-08-05 19:24:33,199 INFO  scraper.vendor:   NEW Imperia 2 Column Radiator 450 x 1460mm Gloss White | £416.0 | heating/radiators
2026-08-05 19:24:35,282 INFO  scraper.vendor:   NEW Imperia 4 Column Radiator 300 x 1640mm Matt Black | £630.0 | heating/radiators
2026-08-05 19:24:37,620 INFO  scraper.vendor:   NEW Imperia 3 Column Radiator 450 x 605mm Matt Anthracite | £221.0 | heating/radiators
2026-08-05 19:24:40,142 INFO  scraper.vendor:   NEW Imperia 2 Column Radiator 450 x 1145mm Gloss White | £332.0 | heating/radiators
2026-08-05 19:24:42,040 INFO  scraper.vendor:   NEW Imperia 3 Column Radiator 1800 x 515mm Matt Black | £486.0 | heating/radiators
2026-08-05 19:24:44,072 INFO  scraper.vendor:   NEW Imperia 6 Column Radiator 300 x 1010mm Gloss White | £549.0 | heating/radiators
2026-08-05 19:24:46,257 INFO  scraper.vendor:   NEW Imperia 2 Column Radiator 1800 x 650mm Matt Anthracite | £489.0 | heating/radiators
2026-08-05 19:24:48,348 INFO  scraper.vendor:   NEW Imperia 4 Column Radiator 300 x 1460mm Matt Black | £564.0 | heating/radiators
2026-08-05 19:24:50,358 INFO  scraper.vendor:   NEW Imperia 3 Column Radiator 450 x 1460mm Gloss White | £492.0 | heating/radiators
2026-08-05 19:24:52,748 INFO  scraper.vendor:   NEW Imperia 6 Column Radiator 300 x 830mm Gloss White | £452.0 | heating/radiators
2026-08-05 19:24:54,898 INFO  scraper.vendor:   NEW Imperia 2 Column Radiator 450 x 1010mm Gloss White | £297.0 | heating/radiators
2026-08-05 19:24:57,307 INFO  scraper.vendor:   NEW Imperia 3 Column Radiator 1800 x 650mm Matt Anthracite | £600.0 | heating/radiators
2026-08-05 19:24:59,350 INFO  scraper.vendor:   NEW Imperia 2 Column Radiator 1800 x 605mm Matt Anthracite | £458.0 | heating/radiators
2026-08-05 19:25:01,040 INFO  scraper.vendor:   NEW Crossland 1200mm x 900mm Right Hand (RH) Quad Slate Finish S | £360.0 | showering/shower-trays
2026-08-05 19:25:03,302 INFO  scraper.vendor:   NEW Imperia 4 Column Radiator 300 x 1370mm Matt Black | £531.0 | heating/radiators
2026-08-05 19:25:05,569 INFO  scraper.vendor:   NEW Imperia 3 Column Radiator 450 x 1145mm Gloss White | £392.0 | heating/radiators
2026-08-05 19:25:08,121 INFO  scraper.vendor:   NEW Imperia 2 Column Radiator 450 x 830mm Gloss White | £249.0 | heating/radiators
2026-08-05 19:25:10,569 INFO  scraper.vendor:   NEW Imperia 3 Column Radiator 1800 x 605mm Matt Anthracite | £562.0 | heating/radiators
2026-08-05 19:25:12,649 INFO  scraper.vendor:   NEW Imperia 2 Column Radiator 1800 x 560mm Matt Anthracite | £427.0 | heating/radiators
2026-08-05 19:25:14,610 INFO  scraper.vendor:   NEW Crossland 1200mm x 900mm Left Hand (LH) Quad Slate Finish Sh | £360.0 | showering/shower-trays
2026-08-05 19:25:16,796 INFO  scraper.vendor:   NEW Imperia 4 Column Radiator 300 x 1145mm Matt Black | £449.0 | heating/radiators
2026-08-05 19:25:18,883 INFO  scraper.vendor:   NEW Imperia 3 Column Radiator 450 x 1010mm Gloss White | £349.0 | heating/radiators
2026-08-05 19:25:21,055 INFO  scraper.vendor:   NEW Imperia 3 Column Radiator 1800 x 560mm Matt Anthracite | £524.0 | heating/radiators
2026-08-05 19:25:23,253 INFO  scraper.vendor:   NEW Imperia 2 Column Radiator 450 x 605mm Gloss White | £188.0 | heating/radiators
2026-08-05 19:25:25,134 INFO  scraper.vendor:   NEW Crossland  900mm x 900mm Quad Slate Finish Shower Tray - Lig | £310.0 | showering/shower-trays
2026-08-05 19:25:27,408 INFO  scraper.vendor:   NEW Imperia 2 Column Radiator 1800 x 515mm Matt Anthracite | £397.0 | heating/radiators
2026-08-05 19:25:29,358 INFO  scraper.vendor:   NEW Imperia 4 Column Radiator 300 x 1010mm Matt Black | £398.0 | heating/radiators
2026-08-05 19:25:31,189 INFO  scraper.vendor:   NEW Crossland 800mm x 800mm Quad Slate Finish Shower Tray - Ligh | £289.0 | showering/shower-trays
2026-08-05 19:25:33,200 INFO  scraper.vendor:   NEW Imperia 3 Column Radiator 1800 x 515mm Matt Anthracite | £486.0 | heating/radiators
2026-08-05 19:25:34,908 INFO  scraper.vendor:   NEW Imperia 3 Column Radiator 450 x 830mm Gloss White | £293.0 | heating/radiators
2026-08-05 19:25:37,086 INFO  scraper.vendor:   NEW Imperia 2 Column Radiator 300 x 1640mm Matt Black | £402.0 | heating/radiators
2026-08-05 19:25:39,340 INFO  scraper.vendor:   NEW Imperia 4 Column Radiator 600 x 1640mm Matt Black | £851.0 | heating/radiators
2026-08-05 19:25:40,988 INFO  scraper.vendor:   NEW Imperia 2 Column Radiator 1800 x 650mm Gloss White | £489.0 | heating/radiators
2026-08-05 19:25:43,363 INFO  scraper.vendor:   NEW Imperia 4 Column Radiator 300 x 830mm Matt Black | £329.0 | heating/radiators
2026-08-05 19:25:45,551 INFO  scraper.vendor:   NEW Crossland 1700mm x 900mm Slate Finish Shower Tray - Light Gr | £568.0 | showering/shower-trays
2026-08-05 19:25:47,881 INFO  scraper.vendor:   NEW Imperia 3 Column Radiator 450 x 605mm Gloss White | £221.0 | heating/radiators
2026-08-05 19:25:49,948 INFO  scraper.vendor:   NEW Imperia 3 Column Radiator 1800 x 650mm Gloss White | £600.0 | heating/radiators
2026-08-05 19:25:51,961 INFO  scraper.vendor:   NEW Imperia 2 Column Radiator 1800 x 605mm Gloss White | £458.0 | heating/radiators
2026-08-05 19:25:53,870 INFO  scraper.vendor:   NEW Imperia 4 Column Radiator 600 x 1460mm Matt Black | £758.0 | heating/radiators
2026-08-05 19:25:56,269 INFO  scraper.vendor:   NEW Imperia 2 Column Radiator 300 x 1460mm Matt Black | £361.0 | heating/radiators
2026-08-05 19:25:58,560 INFO  scraper.vendor:   NEW Imperia 4 Column Radiator 300 x 1640mm Matt Anthracite | £630.0 | heating/radiators
2026-08-05 19:26:00,582 INFO  scraper.vendor:   NEW Imperia 3 Column Radiator 300 x 1640mm Matt Black | £467.0 | heating/radiators
2026-08-05 19:26:02,366 INFO  scraper.vendor:   NEW Crossland  1700mm x 800mm Slate Finish Shower Tray - Light G | £556.0 | showering/shower-trays
2026-08-05 19:26:04,514 INFO  scraper.vendor:   NEW Imperia 3 Column Radiator 1800 x 605mm Gloss White | £562.0 | heating/radiators
2026-08-05 19:26:06,591 INFO  scraper.vendor:   NEW Imperia 2 Column Radiator 1800 x 560mm Gloss White | £427.0 | heating/radiators
2026-08-05 19:26:08,484 INFO  scraper.vendor:   NEW Imperia 4 Column Radiator 600 x 1145mm Matt Black | £600.0 | heating/radiators
2026-08-05 19:26:10,725 INFO  scraper.vendor:   NEW Crossland 1700mm x 700mm Slate Finish Shower Tray - Light Gr | £544.0 | showering/shower-trays
2026-08-05 19:26:12,870 INFO  scraper.vendor:   NEW Imperia 2 Column Radiator 300 x 1010mm Matt Black | £258.0 | heating/radiators
2026-08-05 19:26:15,155 INFO  scraper.vendor:   NEW Imperia 3 Column Radiator 300 x 1460mm Matt Black | £419.0 | heating/radiators
2026-08-05 19:26:17,112 INFO  scraper.vendor:   NEW Imperia 4 Column Radiator 300 x 1460mm Matt Anthracite | £564.0 | heating/radiators
2026-08-05 19:26:18,895 INFO  scraper.vendor:   NEW Imperia 3 Column Radiator 1800 x 560mm Gloss White | £524.0 | heating/radiators
2026-08-05 19:26:20,851 INFO  scraper.vendor:   NEW Imperia 2 Column Radiator 1800 x 515mm Gloss White | £397.0 | heating/radiators
2026-08-05 19:26:22,842 INFO  scraper.vendor:   NEW Imperia 4 Column Radiator 600 x 1010mm Matt Black | £533.0 | heating/radiators
2026-08-05 19:26:24,747 INFO  scraper.vendor:   NEW Crossland  1600mm x 900mm Slate Finish Shower Tray - Light G | £541.0 | showering/shower-trays
2026-08-05 19:26:27,016 INFO  scraper.vendor:   NEW Imperia 3 Column Radiator 300 x 1010mm Matt Black | £298.0 | heating/radiators
2026-08-05 19:26:28,939 INFO  scraper.vendor:   NEW Imperia 2 Column Radiator 300 x 830mm Matt Black | £216.0 | heating/radiators
2026-08-05 19:26:31,452 INFO  scraper.vendor:   NEW Imperia 3 Column Radiator 1800 x 515mm Gloss White | £486.0 | heating/radiators
2026-08-05 19:26:34,237 INFO  scraper.vendor:   NEW Imperia 4 Column Radiator 300 x 1370mm Matt Anthracite | £531.0 | heating/radiators
2026-08-05 19:26:36,798 INFO  scraper.vendor:   NEW Imperia 2 Column Radiator 600 x 1820mm Matt Black | £582.0 | heating/radiators
2026-08-05 19:26:39,023 INFO  scraper.vendor:   NEW Crossland 1600mm x 800mm Slate Finish Shower Tray - Light Gr | £535.0 | showering/shower-trays
2026-08-05 19:26:41,115 INFO  scraper.vendor:   NEW Imperia 4 Column Radiator 600 x 830mm Matt Black | £438.0 | heating/radiators
2026-08-05 19:26:43,429 INFO  scraper.vendor:   NEW Imperia 2 Column Radiator 300 x 1640mm Matt Anthracite | £402.0 | heating/radiators
2026-08-05 19:26:45,444 INFO  scraper.vendor:   NEW Imperia 3 Column Radiator 600 x 1820mm Matt Black | £696.0 | heating/radiators
2026-08-05 19:26:47,206 INFO  scraper.vendor:   NEW Imperia 3 Column Radiator 300 x 830mm Matt Black | £250.0 | heating/radiators
2026-08-05 19:26:49,507 INFO  scraper.vendor:   NEW Imperia 2 Column Radiator 600 x 1640mm Matt Black | £527.0 | heating/radiators
2026-08-05 19:26:51,662 INFO  scraper.vendor:   NEW Crossland  1600mm x 700mm Slate Finish Shower Tray - Light G | £524.0 | showering/shower-trays
2026-08-05 19:26:53,656 INFO  scraper.vendor:   NEW Imperia 4 Column Radiator 300 x 1145mm Matt Anthracite | £449.0 | heating/radiators
2026-08-05 19:26:55,785 INFO  scraper.vendor:   NEW Imperia 2 Column Radiator 300 x 1460mm Matt Anthracite | £361.0 | heating/radiators
2026-08-05 19:26:57,965 INFO  scraper.vendor:   NEW Imperia 4 Column Radiator 600 x 425mm Matt Black | £233.0 | heating/radiators
2026-08-05 19:26:59,943 INFO  scraper.vendor:   NEW Imperia 3 Column Radiator 600 x 1640mm Matt Black | £631.0 | heating/radiators
2026-08-05 19:27:02,079 INFO  scraper.vendor:   NEW Imperia 3 Column Radiator 300 x 1640mm Matt Anthracite | £467.0 | heating/radiators
2026-08-05 19:27:04,205 INFO  scraper.vendor:   NEW Crossland 1500mm x 900mm Slate Finish Shower Tray - Light Gr | £522.0 | showering/shower-trays
2026-08-05 19:27:06,215 INFO  scraper.vendor:   NEW Imperia 2 Column Radiator 600 x 1820mm Matt Anthracite | £582.0 | heating/radiators
2026-08-05 19:27:08,379 INFO  scraper.vendor:   NEW Imperia 4 Column Radiator 600 x 1640mm Matt Anthracite | £851.0 | heating/radiators
2026-08-05 19:27:10,569 INFO  scraper.vendor:   NEW Imperia 4 Column Radiator 300 x 1010mm Matt Anthracite | £398.0 | heating/radiators
2026-08-05 19:27:12,688 INFO  scraper.vendor:   NEW Imperia 2 Column Radiator 300 x 1010mm Matt Anthracite | £258.0 | heating/radiators
2026-08-05 19:27:14,677 INFO  scraper.vendor:   NEW Crossland 1500mm x 800mm Slate Finish Shower Tray - Light Gr | £514.0 | showering/shower-trays
2026-08-05 19:27:16,799 INFO  scraper.vendor:   NEW Imperia 3 Column Radiator 600 x 1820mm Matt Anthracite | £696.0 | heating/radiators
2026-08-05 19:27:18,832 INFO  scraper.vendor:   NEW Imperia 3 Column Radiator 300 x 1460mm Matt Anthracite | £419.0 | heating/radiators
2026-08-05 19:27:21,184 INFO  scraper.vendor:   NEW Imperia 2 Column Radiator 600 x 1640mm Matt Anthracite | £527.0 | heating/radiators
2026-08-05 19:27:22,969 INFO  scraper.vendor:   NEW Imperia 4 Column Radiator 600 x 1460mm Matt Anthracite | £758.0 | heating/radiators
2026-08-05 19:27:25,206 INFO  scraper.vendor:   NEW Imperia 4 Column Radiator 300 x 830mm Matt Anthracite | £329.0 | heating/radiators
2026-08-05 19:27:26,926 INFO  scraper.vendor:   NEW Imperia 3 Column Radiator 600 x 1640mm Matt Anthracite | £631.0 | heating/radiators
2026-08-05 19:27:28,432 INFO  scraper.vendor:   NEW Crossland 1400mm x 900mm Slate Finish Shower Tray - Light Gr | £517.0 | showering/shower-trays
2026-08-05 19:27:30,505 INFO  scraper.vendor:   NEW Imperia 2 Column Radiator 300 x 830mm Matt Anthracite | £216.0 | heating/radiators
2026-08-05 19:27:32,472 INFO  scraper.vendor:   NEW Imperia 3 Column Radiator 300 x 1010mm Matt Anthracite | £298.0 | heating/radiators
2026-08-05 19:27:34,400 INFO  scraper.vendor:   NEW Imperia 4 Column Radiator 600 x 1145mm Matt Anthracite | £600.0 | heating/radiators
2026-08-05 19:27:36,693 INFO  scraper.vendor:   NEW Imperia 2 Column Radiator 600 x 1820mm Gloss White | £582.0 | heating/radiators
2026-08-05 19:27:38,454 INFO  scraper.vendor:   NEW Crossland 1400mm x 800mm Slate Finish Shower  Tray - Light G | £510.0 | showering/shower-trays
2026-08-05 19:27:40,779 INFO  scraper.vendor:   NEW Imperia 3 Column Radiator 600 x 1820mm Gloss White | £696.0 | heating/radiators
2026-08-05 19:27:42,814 INFO  scraper.vendor:   NEW Imperia 2 Column Radiator 300 x 1640mm Gloss White | £402.0 | heating/radiators
2026-08-05 19:27:44,958 INFO  scraper.vendor:   NEW Imperia 4 Column Radiator 300 x 1640mm Gloss White | £630.0 | heating/radiators
2026-08-05 19:27:47,010 INFO  scraper.vendor:   NEW Imperia 4 Column Radiator 600 x 1010mm Matt Anthracite | £533.0 | heating/radiators
2026-08-05 19:27:49,161 INFO  scraper.vendor:   NEW Imperia 3 Column Radiator 300 x 830mm Matt Anthracite | £250.0 | heating/radiators
2026-08-05 19:27:51,251 INFO  scraper.vendor:   NEW Imperia 2 Column Radiator 600 x 1640mm Gloss White | £527.0 | heating/radiators
2026-08-05 19:27:53,290 INFO  scraper.vendor:   NEW Crossland 1400mm x 700mm  Slate Finish Shower Tray - Light G | £495.0 | showering/shower-trays
2026-08-05 19:27:55,395 INFO  scraper.vendor:   NEW Imperia 3 Column Radiator 600 x 1640mm Gloss White | £631.0 | heating/radiators
2026-08-05 19:27:57,695 INFO  scraper.vendor:   NEW Imperia 2 Column Radiator 300 x 1460mm Gloss White | £361.0 | heating/radiators
2026-08-05 19:27:59,591 INFO  scraper.vendor:   NEW Imperia 4 Column Radiator 300 x 1460mm Gloss White | £564.0 | heating/radiators
2026-08-05 19:28:01,734 INFO  scraper.vendor:   NEW Imperia 4 Column Radiator 600 x 830mm Matt Anthracite | £438.0 | heating/radiators
2026-08-05 19:28:03,639 INFO  scraper.vendor:   NEW Crossland 1200mm x 900mm  Slate Finish Shower Tray - Light G | £360.0 | showering/shower-trays
2026-08-05 19:28:06,186 INFO  scraper.vendor:   NEW Imperia 3 Column Radiator 300 x 1640mm Gloss White | £467.0 | heating/radiators
2026-08-05 19:28:08,505 INFO  scraper.vendor:   NEW Imperia 2 Column Radiator 450 x 1460mm Matt Black | £416.0 | heating/radiators
2026-08-05 19:28:10,833 INFO  scraper.vendor:   NEW Imperia 3 Column Radiator 450 x 1460mm Matt Black | £492.0 | heating/radiators
2026-08-05 19:28:12,727 INFO  scraper.vendor:   NEW Crossland 1200mm x 800mm  Slate Finish Shower Tray - Light G | £348.0 | showering/shower-trays
2026-08-05 19:28:14,556 INFO  scraper.vendor:   NEW Imperia 2 Column Radiator 300 x 1010mm Gloss White | £258.0 | heating/radiators
2026-08-05 19:28:16,957 INFO  scraper.vendor:   NEW Imperia 4 Column Radiator 300 x 1370mm Gloss White | £531.0 | heating/radiators
2026-08-05 19:28:18,987 INFO  scraper.vendor:   NEW Crossland 1200mm x 700mm  Slate Finish Shower Tray - Light G | £336.0 | showering/shower-trays
2026-08-05 19:28:21,529 INFO  scraper.vendor:   NEW Imperia 3 Column Radiator 300 x 1460mm Gloss White | £419.0 | heating/radiators
2026-08-05 19:28:23,794 INFO  scraper.vendor:   NEW Imperia 2 Column Radiator 450 x 1145mm Matt Black | £332.0 | heating/radiators
2026-08-05 19:28:26,194 INFO  scraper.vendor:   NEW Imperia 2 Column Radiator 300 x 830mm Gloss White | £216.0 | heating/radiators
2026-08-05 19:28:28,258 INFO  scraper.vendor:   NEW Imperia 4 Column Radiator 300 x 1145mm Gloss White | £449.0 | heating/radiators
2026-08-05 19:28:30,168 INFO  scraper.vendor:   NEW Crossland 1000mm x 800mm Slate Finish Shower Tray - Light Gr | £315.0 | showering/shower-trays
2026-08-05 19:28:32,262 INFO  scraper.vendor:   NEW Imperia 3 Column Radiator 300 x 1010mm Gloss White | £298.0 | heating/radiators
2026-08-05 19:28:34,117 INFO  scraper.vendor:   NEW Crossland  900mm x 900mm Square Slate Finish Shower Tray - L | £310.0 | showering/shower-trays
2026-08-05 19:28:36,254 INFO  scraper.vendor:   NEW Type 22 Compact Panel Radiator 750 x 1200 Gloss White | £864.59 | heating/radiators
2026-08-05 19:28:38,534 INFO  scraper.vendor:   NEW Isbourne 940 x 600 Brushed Brass / Matt Black | £687.0 | heating/towel-rails
2026-08-05 19:28:40,377 INFO  scraper.vendor:   NEW Imperia 3 Column Radiator 300 x 830mm Gloss White | £250.0 | heating/radiators
2026-08-05 19:28:42,215 INFO  scraper.vendor:   NEW Crossland  800mm x 800mm Square Slate Finish Shower Tray - L | £289.0 | showering/shower-trays
2026-08-05 19:28:44,075 INFO  scraper.vendor:   NEW Type 22 Compact Panel Radiator 750 x 1000 - Gloss White | £720.44 | heating/radiators
2026-08-05 19:28:46,292 INFO  scraper.vendor:   NEW Isbourne 940 x 507 Brushed Brass / Matt Black | £646.0 | heating/towel-rails
2026-08-05 19:28:48,381 INFO  scraper.vendor:   NEW Imperia 2 Column Radiator 1800 x 560mm Bare Metal | £604.0 | heating/radiators
2026-08-05 19:28:50,090 INFO  scraper.vendor:   NEW Type 22 Compact Panel Radiator 750 x 800 Gloss White | £576.29 | heating/radiators
2026-08-05 19:28:52,256 INFO  scraper.vendor:   NEW Imperia 2 Column Radiator 600 x 1460mm Bare Metal | £703.0 | heating/radiators
2026-08-05 19:28:54,235 INFO  scraper.vendor:   NEW Type 22 Compact Panel Radiator 750 x 600 Gloss White | £432.3 | heating/radiators
2026-08-05 19:28:56,443 INFO  scraper.vendor:   NEW Imperia 2 Column Radiator 600 x 1010mm Bare Metal | £499.0 | heating/radiators
2026-08-05 19:28:58,865 INFO  scraper.vendor:   NEW Imperia 3 Column Radiator 1800 x 560mm Bare Metal | £736.0 | heating/radiators
2026-08-05 19:29:00,914 INFO  scraper.vendor:   NEW Type 22 Compact Panel Radiator 750 x 500 Gloss White | £360.22 | heating/radiators
2026-08-05 19:29:03,141 INFO  scraper.vendor:   NEW Imperia 2 Column Radiator 1800 x 650mm Matt Black | £489.0 | heating/radiators
2026-08-05 19:29:05,316 INFO  scraper.vendor:   NEW Imperia 3 Column Radiator 600 x 1460mm Bare Metal | £838.0 | heating/radiators
2026-08-05 19:29:07,398 INFO  scraper.vendor:   NEW Type 22 Compact Panel Radiator 750 x 400 Gloss White | £288.15 | heating/radiators
2026-08-05 19:29:09,572 INFO  scraper.vendor:   NEW Imperia 3 Column Radiator 600 x 1010mm Bare Metal | £594.0 | heating/radiators
2026-08-05 19:29:11,754 INFO  scraper.vendor:   NEW Imperia 3 Column Radiator 1800 x 650mm Matt Black | £600.0 | heating/radiators
2026-08-05 19:29:14,211 INFO  scraper.vendor:   NEW Velino Stainless Steel Towel Rail 1200 x 600 Mirror Polished | £470.0 | heating/towel-rails
2026-08-05 19:29:16,404 INFO  scraper.vendor:   NEW Velino Stainless Steel Towel Rail 1200 x 500 Mirror Polished | £435.0 | heating/towel-rails
2026-08-05 19:29:18,343 INFO  scraper.vendor:   NEW Velino Stainless Steel Towel Rail 800 x 600 Mirror Polished | £374.0 | heating/towel-rails
2026-08-05 19:29:20,879 INFO  scraper.vendor:   NEW Velino Stainless Steel Towel Rail 800 x 500 Mirror Polished | £340.0 | heating/towel-rails
2026-08-05 19:29:22,856 INFO  scraper.vendor:   NEW Warrington 1500 x 604 Radiator Type10 Matt Black | £284.0 | heating/radiators
2026-08-05 19:29:24,707 INFO  scraper.vendor:   NEW Warrington 1500 x 528 Radiator Type10 Matt Black | £253.0 | heating/radiators
2026-08-05 19:29:26,823 INFO  scraper.vendor:   NEW Warrington 1500 x 452 Radiator Type10 Matt Black | £221.0 | heating/radiators
2026-08-05 19:29:29,002 INFO  scraper.vendor:   NEW Warrington 1500 x 376 Radiator Type10 Matt Black | £190.0 | heating/radiators
2026-08-05 19:29:30,881 INFO  scraper.vendor:   NEW Warrington 1500 x 300 Radiator Type10 Matt Black | £159.0 | heating/radiators
2026-08-05 19:29:32,975 INFO  scraper.vendor:   NEW Warrington 1500 x 680 Radiator Type10 Matt Anthracite | £315.0 | heating/radiators
2026-08-05 19:29:35,563 INFO  scraper.vendor:   NEW Warrington 1500 x 604 Radiator Type10 Matt Anthracite | £284.0 | heating/radiators
2026-08-05 19:29:37,588 INFO  scraper.vendor:   NEW Warrington 1500 x 528 Radiator Type10 Matt Anthracite | £253.0 | heating/radiators
2026-08-05 19:29:39,693 INFO  scraper.vendor:   NEW Warrington 1500 x 452 Radiator Type10 Matt Anthracite | £221.0 | heating/radiators
2026-08-05 19:29:42,229 INFO  scraper.vendor:   NEW Warrington 1500 x 376 Radiator Type10 Matt Anthracite | £190.0 | heating/radiators
2026-08-05 19:29:44,533 INFO  scraper.vendor:   NEW Warrington 1500 x 300 Radiator Type10 Matt Anthracite | £159.0 | heating/radiators
2026-08-05 19:29:46,925 INFO  scraper.vendor:   NEW Warrington 1500 x 680 Radiator Type10 Gloss White | £308.0 | heating/radiators
2026-08-05 19:29:48,912 INFO  scraper.vendor:   NEW Addington II Radiator 600 x 818 Type10 Chrome | £373.0 | heating/radiators
2026-08-05 19:29:50,939 INFO  scraper.vendor:   NEW Addington II Radiator 600 x 1040 Type10 Matt Black | £323.0 | heating/radiators
2026-08-05 19:29:53,365 INFO  scraper.vendor:   NEW Addington II Radiator 600 x 1188 Type10 Matt Anthracite | £357.0 | heating/radiators
2026-08-05 19:29:55,711 INFO  scraper.vendor:   NEW Addington II Radiator 600 x 818 Type10 Matt Black | £266.0 | heating/radiators
2026-08-05 19:29:58,056 INFO  scraper.vendor:   NEW Addington II Radiator 600 x 670 Type10 Chrome | £326.0 | heating/radiators
2026-08-05 19:30:00,238 INFO  scraper.vendor:   NEW Addington II Radiator 600 x 1040 Type10 Matt Anthracite | £323.0 | heating/radiators
2026-08-05 19:30:02,820 INFO  scraper.vendor:   NEW Addington II Radiator 600 x 1262 Type10 Gloss White | £376.0 | heating/radiators
2026-08-05 19:30:05,271 INFO  scraper.vendor:   NEW Addington II Radiator 600 x 596 Type10 Chrome | £300.0 | heating/radiators
2026-08-05 19:30:07,582 INFO  scraper.vendor:   NEW Addington II Radiator 600 x 670 Type10 Matt Black | £233.0 | heating/radiators
2026-08-05 19:30:09,889 INFO  scraper.vendor:   NEW Addington II Radiator 600 x 596 Type10 Matt Black | £214.0 | heating/radiators
2026-08-05 19:30:11,946 INFO  scraper.vendor:   NEW Addington II Radiator 600 x 818 Type10 Matt Anthracite | £266.0 | heating/radiators
2026-08-05 19:30:13,959 INFO  scraper.vendor:   NEW Addington II Radiator 600 x 1188 Type10 Gloss White | £357.0 | heating/radiators
2026-08-05 19:30:15,851 INFO  scraper.vendor:   NEW Addington II Radiator 600 x 522 Type10 Chrome | £273.0 | heating/radiators
2026-08-05 19:30:18,470 INFO  scraper.vendor:   NEW Wendover Straight Multirail 600 x 1000 Brushed Brass | £209.0 | heating/towel-rails
2026-08-05 19:30:20,400 INFO  scraper.vendor:   NEW Addington II Radiator 600 x 1040 Type10 Gloss White | £323.0 | heating/radiators
2026-08-05 19:30:22,381 INFO  scraper.vendor:   NEW Addington II Radiator 600 x 522 Type10 Matt Black | £195.0 | heating/radiators
2026-08-05 19:30:24,629 INFO  scraper.vendor:   NEW Addington II Radiator 600 x 670 Type10 Matt Anthracite | £233.0 | heating/radiators
2026-08-05 19:30:26,838 INFO  scraper.vendor:   NEW Addington II Radiator 600 x 818 Type10 Gloss White | £266.0 | heating/radiators
2026-08-05 19:30:29,104 INFO  scraper.vendor:   NEW Addington II Radiator 600 x 448 Type10 Chrome | £247.0 | heating/radiators
2026-08-05 19:30:31,479 INFO  scraper.vendor:   NEW Addington II Radiator 600 x 448 Type10 Matt Black | £176.0 | heating/radiators
2026-08-05 19:30:33,223 INFO  scraper.vendor:   NEW Addington II Radiator 600 x 596 Type10 Matt Anthracite | £214.0 | heating/radiators
2026-08-05 19:30:35,973 INFO  scraper.vendor:   NEW Wendover Straight Multirail 600 x 750 Brushed Brass | £176.0 | heating/towel-rails
2026-08-05 19:30:38,103 INFO  scraper.vendor:   NEW Addington II Radiator 600 x 670 Type10 Gloss White | £233.0 | heating/radiators
2026-08-05 19:30:40,477 INFO  scraper.vendor:   NEW Addington II Radiator 600 x 374 Type10 Matt Black | £162.0 | heating/radiators
2026-08-05 19:30:42,396 INFO  scraper.vendor:   NEW Addington II Radiator 600 x 374 Type10 Chrome | £227.0 | heating/radiators
2026-08-05 19:30:44,507 INFO  scraper.vendor:   NEW Addington II Radiator 600 x 522 Type10 Matt Anthracite | £195.0 | heating/radiators
2026-08-05 19:30:46,627 INFO  scraper.vendor:   NEW Addington II Radiator 600 x 300 Type10 Matt Black | £143.0 | heating/radiators
2026-08-05 19:30:48,987 INFO  scraper.vendor:   NEW Addington II Radiator 600 x 596 Type10 Gloss White | £214.0 | heating/radiators
2026-08-05 19:30:50,949 INFO  scraper.vendor:   NEW Wendover Straight Multirail 600 x 300 Brushed Brass | £140.0 | heating/towel-rails
2026-08-05 19:30:52,926 INFO  scraper.vendor:   NEW Addington II Radiator 600 x 300 Type10 Chrome | £200.0 | heating/radiators
2026-08-05 19:30:55,003 INFO  scraper.vendor:   NEW Addington II Radiator 600 x 448 Type10 Matt Anthracite | £176.0 | heating/radiators
2026-08-05 19:30:57,066 INFO  scraper.vendor:   NEW Addington II Radiator 600 x 522 Type10 Gloss White | £195.0 | heating/radiators
2026-08-05 19:30:59,251 INFO  scraper.vendor:   NEW Addington II Radiator 500 x 596 Type10 Matt Black | £200.0 | heating/radiators
2026-08-05 19:31:01,037 INFO  scraper.vendor:   NEW Wendover Straight Multirail 360 x 400 Brushed Brass | £99.0 | heating/towel-rails
2026-08-05 19:31:03,642 INFO  scraper.vendor:   NEW Addington II Radiator 500 x 596 Type10 Chrome | £280.0 | heating/radiators
2026-08-05 19:31:05,663 INFO  scraper.vendor:   NEW Addington II Radiator 600 x 374 Type10 Matt Anthracite | £162.0 | heating/radiators
2026-08-05 19:31:08,308 INFO  scraper.vendor:   NEW Addington II Radiator 500 x 522 Type10 Matt Black | £186.0 | heating/radiators
2026-08-05 19:31:10,418 INFO  scraper.vendor:   NEW Addington II Radiator 600 x 448 Type10 Gloss White | £176.0 | heating/radiators
2026-08-05 19:31:12,657 INFO  scraper.vendor:   NEW Addington II Radiator 600 x 300 Type10 Matt Anthracite | £143.0 | heating/radiators
2026-08-05 19:31:14,474 INFO  scraper.vendor:   NEW Addington II Radiator 500 x 522 Type10 Chrome | £260.0 | heating/radiators
2026-08-05 19:31:16,540 INFO  scraper.vendor:   NEW Addington II Radiator 1800 x 670 Type10 Matt Anthracite | £418.0 | heating/radiators
2026-08-05 19:31:18,498 INFO  scraper.vendor:   NEW Addington II Radiator 600 x 374 Type10 Gloss White | £162.0 | heating/radiators
2026-08-05 19:31:20,705 INFO  scraper.vendor:   NEW Warrington 1500 x 684 Radiator Type20 Matt Black | £515.0 | heating/radiators
2026-08-05 19:31:22,977 INFO  scraper.vendor:   NEW Warrington 1800 x 376 Radiator Type10 Chrome | £339.0 | heating/radiators
2026-08-05 19:31:25,255 INFO  scraper.vendor:   NEW Addington II Radiator 500 x 596 Type10 Matt Anthracite | £200.0 | heating/radiators
2026-08-05 19:31:27,416 INFO  scraper.vendor:   NEW Addington II Radiator 600 x 300 Type10 Gloss White | £143.0 | heating/radiators
2026-08-05 19:31:29,663 INFO  scraper.vendor:   NEW Warrington 1500 x 604 Radiator Type10 Gloss White | £277.0 | heating/radiators
2026-08-05 19:31:31,890 INFO  scraper.vendor:   NEW Addington II Radiator 1800 x 596 Type10 Matt Anthracite | £376.0 | heating/radiators
2026-08-05 19:31:33,727 INFO  scraper.vendor:   NEW Addington II Radiator 1800 x 670 Type10 Matt Black | £418.0 | heating/radiators
2026-08-05 19:31:35,839 INFO  scraper.vendor:   NEW Warrington 1500 x 608 Radiator Type20 Matt Black | £462.0 | heating/radiators
2026-08-05 19:31:38,206 INFO  scraper.vendor:   NEW Addington II Radiator 600 x 374 Type20 Matt Anthracite | £224.0 | heating/radiators
2026-08-05 19:31:40,314 INFO  scraper.vendor:   NEW Warrington 1800 x 300 Radiator Type10 Chrome | £279.0 | heating/radiators
2026-08-05 19:31:42,541 INFO  scraper.vendor:   NEW Warrington 1500 x 528 Radiator Type10 Gloss White | £247.0 | heating/radiators
2026-08-05 19:31:44,465 INFO  scraper.vendor:   NEW Addington II Radiator 500 x 596 Type10 Gloss White | £200.0 | heating/radiators
2026-08-05 19:31:46,523 INFO  scraper.vendor:   NEW Addington II Radiator 1800 x 522 Type10 Matt Anthracite | £338.0 | heating/radiators
2026-08-05 19:31:48,444 INFO  scraper.vendor:   NEW Warrington 1500 x 532 Radiator Type20 Matt Black | £408.0 | heating/radiators
2026-08-05 19:31:50,386 INFO  scraper.vendor:   NEW Addington II Radiator 500 x 522 Type10 Matt Anthracite | £186.0 | heating/radiators
2026-08-05 19:31:52,924 INFO  scraper.vendor:   NEW Addington II Radiator 1800 x 596 Type10 Matt Black | £376.0 | heating/radiators
2026-08-05 19:31:55,343 INFO  scraper.vendor:   NEW Addington II Radiator 600 x 300 Type20 Matt Anthracite | £195.0 | heating/radiators
2026-08-05 19:31:58,077 INFO  scraper.vendor:   NEW Addington II Radiator 500 x 522 Type10 Gloss White | £186.0 | heating/radiators
2026-08-05 19:32:00,274 INFO  scraper.vendor:   NEW Warrington 1500 x 456 Radiator Type20 Matt Black | £355.0 | heating/radiators
2026-08-05 19:32:03,405 INFO  scraper.vendor:   NEW Addington II Radiator 1800 x 448 Type10 Matt Anthracite | £300.0 | heating/radiators
2026-08-05 19:32:06,516 INFO  scraper.vendor:   NEW Addington II Radiator 1800 x 522 Type10 Matt Black | £338.0 | heating/radiators
2026-08-05 19:32:08,963 INFO  scraper.vendor:   NEW Warrington 1500 x 604 Radiator Type10 Brushed Brass | £567.0 | heating/radiators
2026-08-05 19:32:11,713 INFO  scraper.vendor:   NEW Warrington 1500 x 452 Radiator Type10 Gloss White | £216.0 | heating/radiators
2026-08-05 19:32:14,404 INFO  scraper.vendor:   NEW Addington II Radiator 1800 x 670 Type10 Gloss White | £418.0 | heating/radiators
2026-08-05 19:32:16,841 INFO  scraper.vendor:   NEW Wendover Straight Multirail 1800 x 750 Brushed Brass | £480.0 | heating/towel-rails
2026-08-05 19:32:18,893 INFO  scraper.vendor:   NEW Warrington 1500 x 376 Radiator Type10 Gloss White | £186.0 | heating/radiators
2026-08-05 19:32:20,975 INFO  scraper.vendor:   NEW Addington II Radiator 1800 x 374 Type10 Matt Anthracite | £262.0 | heating/radiators
2026-08-05 19:32:23,434 INFO  scraper.vendor:   NEW Addington II Radiator 1800 x 448 Type10 Matt Black | £300.0 | heating/radiators
2026-08-05 19:32:25,684 INFO  scraper.vendor:   NEW Addington II Radiator 1800 x 596 Type10 Gloss White | £376.0 | heating/radiators
2026-08-05 19:32:27,438 INFO  scraper.vendor:   NEW Warrington 1500 x 380 Radiator Type20 Matt Black | £301.0 | heating/radiators
2026-08-05 19:32:29,567 INFO  scraper.vendor:   NEW Warrington 1500 x 528 Radiator Type10 Brushed Brass | £516.0 | heating/radiators
2026-08-05 19:32:32,181 INFO  scraper.vendor:   NEW Wendover Straight Multirail 1800 x 300 Brushed Brass | £353.0 | heating/towel-rails
2026-08-05 19:32:34,428 INFO  scraper.vendor:   NEW Addington II Radiator 1800 x 522 Type10 Gloss White | £338.0 | heating/radiators
2026-08-05 19:32:36,527 INFO  scraper.vendor:   NEW Warrington 1500 x 300 Radiator Type10 Gloss White | £155.0 | heating/radiators
2026-08-05 19:32:39,159 INFO  scraper.vendor:   NEW Addington II Radiator 1800 x 300 Type10 Matt Anthracite | £224.0 | heating/radiators
2026-08-05 19:32:41,714 INFO  scraper.vendor:   NEW Warrington 1500 x 304 Radiator Type20 Matt Black | £249.0 | heating/radiators
2026-08-05 19:32:44,210 INFO  scraper.vendor:   NEW Addington II Radiator 1200 x 522 Type10 Chrome | £373.0 | heating/radiators
2026-08-05 19:32:46,419 INFO  scraper.vendor:   NEW Wendover Straight Multirail 1600 x 750 Brushed Brass | £428.0 | heating/towel-rails
2026-08-05 19:32:48,552 INFO  scraper.vendor:   NEW Addington II Radiator 1800 x 374 Type10 Matt Black | £262.0 | heating/radiators
2026-08-05 19:32:50,886 INFO  scraper.vendor:   NEW Warrington 1500 x 452 Radiator Type10 Brushed Brass | £465.0 | heating/radiators
2026-08-05 19:32:53,171 INFO  scraper.vendor:   NEW Warrington 1500 x 684 Radiator Type20 Matt Anthracite | £515.0 | heating/radiators
2026-08-05 19:32:55,768 INFO  scraper.vendor:   NEW Addington II Radiator 1400 x 596 Type10 Matt Anthracite | £323.0 | heating/radiators
2026-08-05 19:32:58,186 INFO  scraper.vendor:   NEW Addington II Radiator 1800 x 448 Type10 Gloss White | £300.0 | heating/radiators
2026-08-05 19:33:00,389 INFO  scraper.vendor:   NEW Velino Stainless Steel Towel Rail 1200 x 600 Brushed | £494.0 | heating/towel-rails
2026-08-05 19:33:03,309 INFO  scraper.vendor:   NEW Wendover Straight Multirail 1600 x 300 Brushed Brass | £313.0 | heating/towel-rails
2026-08-05 19:33:05,191 INFO  scraper.vendor:   NEW Addington II Radiator 1000 x 596 Type10 Chrome | £373.0 | heating/radiators
2026-08-05 19:33:07,399 INFO  scraper.vendor:   NEW Addington II Radiator 1800 x 300 Type10 Matt Black | £224.0 | heating/radiators
2026-08-05 19:33:09,645 INFO  scraper.vendor:   NEW Warrington 1500 x 608 Radiator Type20 Matt Anthracite | £462.0 | heating/radiators
2026-08-05 19:33:12,056 INFO  scraper.vendor:   NEW Addington II Radiator 1400 x 522 Type10 Matt Anthracite | £290.0 | heating/radiators
2026-08-05 19:33:14,067 INFO  scraper.vendor:   NEW Warrington 1500 x 376 Radiator Type10 Brushed Brass | £414.0 | heating/radiators
2026-08-05 19:33:16,000 INFO  scraper.vendor:   NEW Addington II Radiator 1800 x 374 Type10 Gloss White | £262.0 | heating/radiators
2026-08-05 19:33:18,107 INFO  scraper.vendor:   NEW Wendover Straight Multirail 1400 x 750 Brushed Brass | £358.0 | heating/towel-rails
2026-08-05 19:33:20,217 INFO  scraper.vendor:   NEW Warrington 1500 x 532 Radiator Type20 Matt Anthracite | £408.0 | heating/radiators
2026-08-05 19:33:22,371 INFO  scraper.vendor:   NEW Velino Stainless Steel Towel Rail 1200 x 500 Brushed | £459.0 | heating/towel-rails
2026-08-05 19:33:24,852 INFO  scraper.vendor:   NEW Addington II Radiator 1000 x 522 Type10 Chrome | £340.0 | heating/radiators
2026-08-05 19:33:27,115 INFO  scraper.vendor:   NEW Addington II Radiator 1400 x 596 Type10 Matt Black | £323.0 | heating/radiators
2026-08-05 19:33:29,104 INFO  scraper.vendor:   NEW Addington II Radiator 1200 x 596 Type10 Matt Anthracite | £295.0 | heating/radiators
2026-08-05 19:33:31,337 INFO  scraper.vendor:   NEW Warrington 1500 x 456 Radiator Type20 Matt Anthracite | £355.0 | heating/radiators
2026-08-05 19:33:33,726 INFO  scraper.vendor:   NEW Wendover Straight Multirail 1400 x 300 Brushed Brass | £275.0 | heating/towel-rails
2026-08-05 19:33:35,684 INFO  scraper.vendor:   NEW Addington II Radiator 1800 x 300 Type10 Gloss White | £224.0 | heating/radiators
2026-08-05 19:33:37,978 INFO  scraper.vendor:   NEW Warrington 1500 x 300 Radiator Type10 Brushed Brass | £363.0 | heating/radiators
2026-08-05 19:33:40,337 INFO  scraper.vendor:   NEW Addington II Radiator 1200 x 522 Type10 Matt Anthracite | £266.0 | heating/radiators
2026-08-05 19:33:42,520 INFO  scraper.vendor:   NEW Velino Stainless Steel Towel Rail 800 x 600 Brushed | £390.0 | heating/towel-rails
2026-08-05 19:33:44,354 INFO  scraper.vendor:   NEW Warrington 1500 x 380 Radiator Type20 Matt Anthracite | £301.0 | heating/radiators
2026-08-05 19:33:46,431 INFO  scraper.vendor:   NEW Addington II Radiator 800 x 596 Type10 Chrome | £340.0 | heating/radiators
2026-08-05 19:33:48,436 INFO  scraper.vendor:   NEW Addington II Radiator 1400 x 522 Type10 Matt Black | £290.0 | heating/radiators
2026-08-05 19:33:50,704 INFO  scraper.vendor:   NEW Wendover Straight Multirail 1200 x 750 Brushed Brass | £331.0 | heating/towel-rails
2026-08-05 19:33:52,809 INFO  scraper.vendor:   NEW Warrington 1500 x 304 Radiator Type20 Matt Anthracite | £249.0 | heating/radiators
2026-08-05 19:33:54,654 INFO  scraper.vendor:   NEW Addington II Radiator 1400 x 596 Type10 Gloss White | £323.0 | heating/radiators
2026-08-05 19:33:56,769 INFO  scraper.vendor:   NEW Addington II Radiator 1200 x 596 Type10 Matt Black | £295.0 | heating/radiators
2026-08-05 19:33:58,571 INFO  scraper.vendor:   NEW Warrington 1500 x 604 Radiator Type10 Chrome | £449.0 | heating/radiators
2026-08-05 19:34:00,338 INFO  scraper.vendor:   NEW Addington II Radiator 1000 x 596 Type10 Matt Anthracite | £266.0 | heating/radiators
2026-08-05 19:34:02,371 INFO  scraper.vendor:   NEW Velino Stainless Steel Towel Rail 800 x 500 Brushed | £356.0 | heating/towel-rails
2026-08-05 19:34:04,318 INFO  scraper.vendor:   NEW Addington II Radiator 1000 x 522 Type10 Matt Anthracite | £243.0 | heating/radiators
2026-08-05 19:34:06,469 INFO  scraper.vendor:   NEW Addington II Radiator 800 x 522 Type10 Chrome | £306.0 | heating/radiators
2026-08-05 19:34:08,388 INFO  scraper.vendor:   NEW Warrington 1500 x 684 Radiator Type20 Gloss White | £502.0 | heating/radiators
2026-08-05 19:34:10,801 INFO  scraper.vendor:   NEW Wendover Straight Multirail 1200 x 300 Brushed Brass | £240.0 | heating/towel-rails
2026-08-05 19:34:12,993 INFO  scraper.vendor:   NEW Warrington 1500 x 528 Radiator Type10 Chrome | £397.0 | heating/radiators
2026-08-05 19:34:15,194 INFO  scraper.vendor:   NEW Addington II Radiator 1200 x 522 Type10 Matt Black | £266.0 | heating/radiators
2026-08-05 19:34:17,348 INFO  scraper.vendor:   NEW Addington II Radiator 1400 x 522 Type10 Gloss White | £290.0 | heating/radiators
2026-08-05 19:34:19,621 INFO  scraper.vendor:   NEW Addington II Radiator 800 x 596 Type10 Matt Anthracite | £243.0 | heating/radiators
2026-08-05 19:34:21,383 INFO  scraper.vendor:   NEW Warrington 1500 x 608 Radiator Type20 Gloss White | £450.0 | heating/radiators
2026-08-05 19:34:23,724 INFO  scraper.vendor:   NEW Addington II Radiator 600 x 1262 Type10 Chrome | £526.0 | heating/radiators
2026-08-05 19:34:26,027 INFO  scraper.vendor:   NEW Addington II Radiator 1000 x 596 Type10 Matt Black | £266.0 | heating/radiators
2026-08-05 19:34:28,372 INFO  scraper.vendor:   NEW Wendover Straight Multirail 1000 x 750 Brushed Brass | £278.0 | heating/towel-rails
2026-08-05 19:34:30,781 INFO  scraper.vendor:   NEW Warrington 1500 x 452 Radiator Type10 Chrome | £346.0 | heating/radiators
2026-08-05 19:34:33,385 INFO  scraper.vendor:   NEW Addington II Radiator 800 x 522 Type10 Matt Anthracite | £219.0 | heating/radiators
2026-08-05 19:34:35,175 INFO  scraper.vendor:   NEW Warrington 1500 x 532 Radiator Type20 Gloss White | £397.0 | heating/radiators
2026-08-05 19:34:37,266 INFO  scraper.vendor:   NEW Addington II Radiator 1200 x 596 Type10 Gloss White | £295.0 | heating/radiators
2026-08-05 19:34:39,482 INFO  scraper.vendor:   NEW Addington II Radiator 1000 x 522 Type10 Matt Black | £243.0 | heating/radiators
2026-08-05 19:34:41,590 INFO  scraper.vendor:   NEW Warrington 1500 x 376 Radiator Type10 Chrome | £295.0 | heating/radiators
2026-08-05 19:34:43,663 INFO  scraper.vendor:   NEW Wendover Straight Multirail 1000 x 300 Brushed Brass | £203.0 | heating/towel-rails
2026-08-05 19:34:45,938 INFO  scraper.vendor:   NEW Addington II Radiator 600 x 1188 Type10 Chrome | £499.0 | heating/radiators
2026-08-05 19:34:47,877 INFO  scraper.vendor:   NEW Warrington 1500 x 456 Radiator Type20 Gloss White | £346.0 | heating/radiators
2026-08-05 19:34:50,106 INFO  scraper.vendor:   NEW Addington II Radiator 600 x 1262 Type10 Matt Anthracite | £376.0 | heating/radiators
2026-08-05 19:34:52,173 INFO  scraper.vendor:   NEW Addington II Radiator 1200 x 522 Type10 Gloss White | £266.0 | heating/radiators
2026-08-05 19:34:54,289 INFO  scraper.vendor:   NEW Addington II Radiator 800 x 596 Type10 Matt Black | £243.0 | heating/radiators
2026-08-05 19:34:56,376 INFO  scraper.vendor:   NEW Wendover Straight Multirail 800 x 750 Brushed Brass | £233.0 | heating/towel-rails
2026-08-05 19:34:58,284 INFO  scraper.vendor:   NEW Warrington 1500 x 300 Radiator Type10 Chrome | £244.0 | heating/radiators
2026-08-05 19:35:00,234 INFO  scraper.vendor:   NEW Warrington 1500 x 380 Radiator Type20 Gloss White | £294.0 | heating/radiators
2026-08-05 19:35:02,245 INFO  scraper.vendor:   NEW Addington II Radiator 600 x 1040 Type10 Chrome | £453.0 | heating/radiators
2026-08-05 19:35:04,652 INFO  scraper.vendor:   NEW Addington II Radiator 1000 x 596 Type10 Gloss White | £266.0 | heating/radiators
2026-08-05 19:35:06,856 INFO  scraper.vendor:   NEW Wendover Straight Multirail 800 x 300 Brushed Brass | £168.0 | heating/towel-rails
2026-08-05 19:35:08,844 INFO  scraper.vendor:   NEW Addington II Radiator 800 x 522 Type10 Matt Black | £219.0 | heating/radiators
2026-08-05 19:35:11,102 INFO  scraper.vendor:   NEW Warrington 1500 x 680 Radiator Type10 Matt Black | £315.0 | heating/radiators
2026-08-05 19:35:13,698 INFO  scraper.vendor:   NEW Addington II Radiator 1000 x 522 Type10 Gloss White | £243.0 | heating/radiators
2026-08-05 19:35:15,632 INFO  scraper.vendor:   NEW Warrington 1500 x 304 Radiator Type20 Gloss White | £242.0 | heating/radiators
2026-08-05 19:35:18,058 INFO  scraper.vendor:   NEW Wendover Straight Multirail 600 x 1200 Brushed Brass | £225.0 | heating/towel-rails
2026-08-05 19:35:19,997 INFO  scraper.vendor:   NEW Addington II Radiator 600 x 1262 Type10 Matt Black | £376.0 | heating/radiators
2026-08-05 19:35:22,291 INFO  scraper.vendor:   NEW Addington II Radiator 800 x 596 Type10 Gloss White | £243.0 | heating/radiators
2026-08-05 19:35:24,132 INFO  scraper.vendor:   NEW Warrington 1800 x 604 Radiator Type10 Chrome | £516.0 | heating/radiators
2026-08-05 19:35:26,205 INFO  scraper.vendor:   NEW Warrington 1800 x 528 Radiator Type10 Chrome | £457.0 | heating/radiators
2026-08-05 19:35:28,203 INFO  scraper.vendor:   NEW Addington II Radiator 600 x 1188 Type10 Matt Black | £357.0 | heating/radiators
2026-08-05 19:35:30,360 INFO  scraper.vendor:   NEW Addington II Radiator 800 x 522 Type10 Gloss White | £219.0 | heating/radiators
2026-08-05 19:35:32,399 INFO  scraper.vendor:   NEW Warrington 1800 x 452 Radiator Type10 Chrome | £397.0 | heating/radiators
2026-08-05 19:35:34,710 INFO  scraper.vendor:   NEW Addington II Towel Rail 790 x 600 Type10 Gloss White | £205.0 | heating/towel-rails
2026-08-05 19:35:36,994 INFO  scraper.vendor:   NEW Addington II Towel Rail 790 x 500 Type10 Gloss White | £181.0 | heating/towel-rails
2026-08-05 19:35:39,058 INFO  scraper.vendor:   NEW Addington II Towel Rail 790 x 400 Type10 Gloss White | £157.0 | heating/towel-rails
2026-08-05 19:35:41,342 INFO  scraper.vendor:   NEW Addington II Radiator 1800 x 670 Type20 Matt Black | £784.0 | heating/radiators
2026-08-05 19:35:43,394 INFO  scraper.vendor:   NEW Addington II Radiator 1800 x 596 Type20 Matt Black | £699.0 | heating/radiators
2026-08-05 19:35:45,406 INFO  scraper.vendor:   NEW Addington II Radiator 1800 x 522 Type20 Matt Black | £613.0 | heating/radiators
2026-08-05 19:35:47,874 INFO  scraper.vendor:   NEW Addington II Radiator 1800 x 448 Type20 Matt Black | £532.0 | heating/radiators
2026-08-05 19:35:50,164 INFO  scraper.vendor:   NEW Addington II Radiator 1800 x 374 Type20 Matt Black | £447.0 | heating/radiators
2026-08-05 19:35:52,139 INFO  scraper.vendor:   NEW Addington II Radiator 1800 x 300 Type20 Matt Black | £366.0 | heating/radiators
2026-08-05 19:35:54,347 INFO  scraper.vendor:   NEW Addington II Towel Rail 1750 x 600 Type10 Matt Anthracite | £361.0 | heating/towel-rails
2026-08-05 19:35:56,250 INFO  scraper.vendor:   NEW Addington II Radiator 600 x 1262 Type20 Matt Black | £599.0 | heating/radiators
2026-08-05 19:35:58,574 INFO  scraper.vendor:   NEW Addington II Radiator 600 x 1188 Type20 Matt Black | £566.0 | heating/radiators
2026-08-05 19:36:00,614 INFO  scraper.vendor:   NEW Addington II Towel Rail 1750 x 500 Type10 Matt Anthracite | £347.0 | heating/towel-rails
2026-08-05 19:36:02,896 INFO  scraper.vendor:   NEW Addington II Radiator 600 x 1040 Type20 Matt Black | £504.0 | heating/radiators
2026-08-05 19:36:05,138 INFO  scraper.vendor:   NEW Addington II Towel Rail 1750 x 400 Type10 Matt Anthracite | £333.0 | heating/towel-rails
2026-08-05 19:36:07,370 INFO  scraper.vendor:   NEW Addington II Radiator 600 x 818 Type20 Matt Black | £414.0 | heating/radiators
2026-08-05 19:36:09,569 INFO  scraper.vendor:   NEW Addington II Towel Rail 1110 x 600 Type10 Matt Anthracite | £252.0 | heating/towel-rails
2026-08-05 19:36:12,052 INFO  scraper.vendor:   NEW Addington II Radiator 600 x 670 Type20 Matt Black | £352.0 | heating/radiators
2026-08-05 19:36:14,632 INFO  scraper.vendor:   NEW Addington II Towel Rail 1110 x 500 Type10 Matt Anthracite | £243.0 | heating/towel-rails
2026-08-05 19:36:16,740 INFO  scraper.vendor:   NEW Addington II Radiator 600 x 596 Type20 Matt Black | £319.0 | heating/radiators
2026-08-05 19:36:18,872 INFO  scraper.vendor:   NEW Addington II Towel Rail 1110 x 400 Type10 Matt Anthracite | £233.0 | heating/towel-rails
2026-08-05 19:36:20,993 INFO  scraper.vendor:   NEW Addington II Radiator 600 x 522 Type20 Matt Black | £285.0 | heating/radiators
2026-08-05 19:36:23,267 INFO  scraper.vendor:   NEW Addington II Towel Rail 790 x 600 Type10 Matt Anthracite | £205.0 | heating/towel-rails
2026-08-05 19:36:25,608 INFO  scraper.vendor:   NEW Addington II Radiator 600 x 448 Type20 Matt Black | £257.0 | heating/radiators
2026-08-05 19:36:28,010 INFO  scraper.vendor:   NEW Addington II Towel Rail 790 x 500 Type10 Matt Anthracite | £181.0 | heating/towel-rails
2026-08-05 19:36:29,998 INFO  scraper.vendor:   NEW Addington II Towel Rail 790 x 400 Type10 Matt Anthracite | £157.0 | heating/towel-rails
2026-08-05 19:36:32,233 INFO  scraper.vendor:   NEW Addington II Radiator 600 x 374 Type20 Matt Black | £224.0 | heating/radiators
2026-08-05 19:36:34,263 INFO  scraper.vendor:   NEW Addington II Towel Rail 1750 x 600 Type10 Gloss White | £361.0 | heating/towel-rails
2026-08-05 19:36:36,496 INFO  scraper.vendor:   NEW Addington II Towel Rail 1750 x 500 Type10 Gloss White | £347.0 | heating/towel-rails
2026-08-05 19:36:38,492 INFO  scraper.vendor:   NEW Addington II Radiator 600 x 300 Type20 Matt Black | £195.0 | heating/radiators
2026-08-05 19:36:40,544 INFO  scraper.vendor:   NEW Addington II Radiator 1800 x 670 Type20 Matt Anthracite | £784.0 | heating/radiators
2026-08-05 19:36:42,696 INFO  scraper.vendor:   NEW Addington II Radiator 1800 x 596 Type20 Matt Anthracite | £699.0 | heating/radiators
2026-08-05 19:36:44,914 INFO  scraper.vendor:   NEW Addington II Radiator 1800 x 522 Type20 Matt Anthracite | £613.0 | heating/radiators
2026-08-05 19:36:47,268 INFO  scraper.vendor:   NEW Addington II Radiator 600 x 1040 Type20 Gloss White | £504.0 | heating/radiators
2026-08-05 19:36:49,468 INFO  scraper.vendor:   NEW Addington II Radiator 1800 x 448 Type20 Matt Anthracite | £532.0 | heating/radiators
2026-08-05 19:36:51,348 INFO  scraper.vendor:   NEW Addington II Radiator 600 x 818 Type20 Gloss White | £414.0 | heating/radiators
2026-08-05 19:36:53,565 INFO  scraper.vendor:   NEW Addington II Radiator 600 x 670 Type20 Gloss White | £352.0 | heating/radiators
2026-08-05 19:36:55,839 INFO  scraper.vendor:   NEW Addington II Radiator 1800 x 374 Type20 Matt Anthracite | £447.0 | heating/radiators
2026-08-05 19:36:58,247 INFO  scraper.vendor:   NEW Addington II Radiator 600 x 596 Type20 Gloss White | £319.0 | heating/radiators
2026-08-05 19:37:00,023 INFO  scraper.vendor:   NEW Addington II Radiator 1800 x 300 Type20 Matt Anthracite | £366.0 | heating/radiators
2026-08-05 19:37:02,053 INFO  scraper.vendor:   NEW Addington II Radiator 600 x 522 Type20 Gloss White | £285.0 | heating/radiators
2026-08-05 19:37:03,805 INFO  scraper.vendor:   NEW Addington II Radiator 600 x 1262 Type20 Matt Anthracite | £599.0 | heating/radiators
2026-08-05 19:37:05,695 INFO  scraper.vendor:   NEW Addington II Radiator 600 x 448 Type20 Gloss White | £257.0 | heating/radiators
2026-08-05 19:37:07,843 INFO  scraper.vendor:   NEW Addington II Radiator 600 x 374 Type20 Gloss White | £224.0 | heating/radiators
2026-08-05 19:37:10,266 INFO  scraper.vendor:   NEW Addington II Radiator 600 x 1188 Type20 Matt Anthracite | £566.0 | heating/radiators
2026-08-05 19:37:12,239 INFO  scraper.vendor:   NEW Addington II Radiator 600 x 300 Type20 Gloss White | £195.0 | heating/radiators
2026-08-05 19:37:14,497 INFO  scraper.vendor:   NEW Addington II Radiator 600 x 1040 Type20 Matt Anthracite | £504.0 | heating/radiators
2026-08-05 19:37:16,943 INFO  scraper.vendor:   NEW Addington II Radiator 1800 x 670 Type10 Chrome | £586.0 | heating/radiators
2026-08-05 19:37:19,460 INFO  scraper.vendor:   NEW Addington II Radiator 600 x 818 Type20 Matt Anthracite | £414.0 | heating/radiators
2026-08-05 19:37:21,422 INFO  scraper.vendor:   NEW Addington II Radiator 1800 x 596 Type10 Chrome | £526.0 | heating/radiators
2026-08-05 19:37:23,669 INFO  scraper.vendor:   NEW Addington II Radiator 600 x 670 Type20 Matt Anthracite | £352.0 | heating/radiators
2026-08-05 19:37:25,601 INFO  scraper.vendor:   NEW Addington II Radiator 1800 x 522 Type10 Chrome | £473.0 | heating/radiators
2026-08-05 19:37:27,868 INFO  scraper.vendor:   NEW Addington II Radiator 600 x 596 Type20 Matt Anthracite | £319.0 | heating/radiators
2026-08-05 19:37:29,780 INFO  scraper.vendor:   NEW Addington II Radiator 1800 x 448 Type10 Chrome | £419.0 | heating/radiators
2026-08-05 19:37:31,673 INFO  scraper.vendor:   NEW Addington II Radiator 600 x 522 Type20 Matt Anthracite | £285.0 | heating/radiators
2026-08-05 19:37:33,562 INFO  scraper.vendor:   NEW Addington II Radiator 1800 x 374 Type10 Chrome | £366.0 | heating/radiators
2026-08-05 19:37:35,904 INFO  scraper.vendor:   NEW Addington II Radiator 600 x 448 Type20 Matt Anthracite | £257.0 | heating/radiators
2026-08-05 19:37:38,122 INFO  scraper.vendor:   NEW Addington II Radiator 1800 x 300 Type10 Chrome | £313.0 | heating/radiators
2026-08-05 19:37:40,168 INFO  scraper.vendor:   NEW Addington II Radiator 1400 x 596 Type10 Chrome | £453.0 | heating/radiators
2026-08-05 19:37:42,326 INFO  scraper.vendor:   NEW Addington II Radiator 1400 x 522 Type10 Chrome | £406.0 | heating/radiators
2026-08-05 19:37:44,481 INFO  scraper.vendor:   NEW Addington II Radiator 1800 x 670 Type20 Gloss White | £784.0 | heating/radiators
2026-08-05 19:37:46,324 INFO  scraper.vendor:   NEW Addington II Radiator 1200 x 596 Type10 Chrome | £413.0 | heating/radiators
2026-08-05 19:37:48,446 INFO  scraper.vendor:   NEW Addington II Radiator 1800 x 596 Type20 Gloss White | £699.0 | heating/radiators
2026-08-05 19:37:50,633 INFO  scraper.vendor:   NEW Addington II Radiator 1800 x 522 Type20 Gloss White | £613.0 | heating/radiators
2026-08-05 19:37:52,704 INFO  scraper.vendor:   NEW Addington II Radiator 1800 x 448 Type20 Gloss White | £532.0 | heating/radiators
2026-08-05 19:37:54,639 INFO  scraper.vendor:   NEW Addington II Radiator 1800 x 374 Type20 Gloss White | £447.0 | heating/radiators
2026-08-05 19:37:56,642 INFO  scraper.vendor:   NEW Addington II Radiator 1800 x 300 Type20 Gloss White | £366.0 | heating/radiators
2026-08-05 19:37:58,948 INFO  scraper.vendor:   NEW Addington II Radiator 600 x 1262 Type20 Gloss White | £599.0 | heating/radiators
2026-08-05 19:38:01,193 INFO  scraper.vendor:   NEW Addington II Radiator 600 x 1188 Type20 Gloss White | £566.0 | heating/radiators
2026-08-05 19:38:03,540 INFO  scraper.vendor:   NEW Addington II Towel Rail 1750 x 400 Type10 Gloss White | £333.0 | heating/towel-rails
2026-08-05 19:38:05,833 INFO  scraper.vendor:   NEW Addington II Towel Rail 1110 x 600 Type10 Gloss White | £252.0 | heating/towel-rails
2026-08-05 19:38:08,138 INFO  scraper.vendor:   NEW Addington II Towel Rail 1110 x 500 Type10 Gloss White | £243.0 | heating/towel-rails
2026-08-05 19:38:10,642 INFO  scraper.vendor:   NEW Addington II Towel Rail 1110 x 400 Type10 Gloss White | £233.0 | heating/towel-rails
2026-08-05 19:38:13,173 INFO  scraper.vendor:   NEW Malmesbury 1800 x 280 Aluminium Radiator Silver Effect | £392.0 | heating/radiators
2026-08-05 19:38:15,777 INFO  scraper.vendor:   NEW Malmesbury 1800 x 565 Aluminium Radiator Brass Effect | £738.0 | heating/radiators
2026-08-05 19:38:18,444 INFO  scraper.vendor:   NEW Malmesbury 1800 x 470 Aluminium Radiator Brass Effect | £615.0 | heating/radiators
2026-08-05 19:38:20,561 INFO  scraper.vendor:   NEW Malmesbury 1800 x 375 Aluminium Radiator Brass Effect | £503.0 | heating/radiators
2026-08-05 19:38:22,647 INFO  scraper.vendor:   NEW Addington II Towel Rail 790 x 600 Type10 Matt Black | £205.0 | heating/towel-rails
2026-08-05 19:38:24,579 INFO  scraper.vendor:   NEW Addington II Towel Rail 1110 x 500 Type20 Matt Black | £357.0 | heating/towel-rails
2026-08-05 19:38:26,562 INFO  scraper.vendor:   NEW Addington II Towel Rail 790 x 500 Type10 Matt Black | £181.0 | heating/towel-rails
2026-08-05 19:38:28,509 INFO  scraper.vendor:   NEW Addington II Towel Rail 1750 x 500 Type20 Matt Anthracite | £509.0 | heating/towel-rails
2026-08-05 19:38:30,960 INFO  scraper.vendor:   NEW Addington II Towel Rail 790 x 400 Type10 Matt Black | £157.0 | heating/towel-rails
2026-08-05 19:38:33,329 INFO  scraper.vendor:   NEW Addington II Towel Rail 1110 x 500 Type20 Matt Anthracite | £357.0 | heating/towel-rails
2026-08-05 19:38:35,756 INFO  scraper.vendor:   NEW Addington II Towel Rail 1750 x 500 Type20 Gloss White | £509.0 | heating/towel-rails
2026-08-05 19:38:38,327 INFO  scraper.vendor:   NEW Addington II Towel Rail 1110 x 500 Type20 Gloss White | £357.0 | heating/towel-rails
2026-08-05 19:38:40,660 INFO  scraper.vendor:   NEW Addington II Towel Rail 1750 x 600 Type10 Chrome | £506.0 | heating/towel-rails
2026-08-05 19:38:42,912 INFO  scraper.vendor:   NEW Addington II Towel Rail 1750 x 500 Type10 Chrome | £486.0 | heating/towel-rails
2026-08-05 19:38:45,168 INFO  scraper.vendor:   NEW Addington II Towel Rail 1750 x 400 Type10 Chrome | £466.0 | heating/towel-rails
2026-08-05 19:38:47,675 INFO  scraper.vendor:   NEW Addington II Towel Rail 1110 x 600 Type10 Chrome | £353.0 | heating/towel-rails
2026-08-05 19:38:50,007 INFO  scraper.vendor:   NEW Imperia 4 Column Radiator 300 x 1010mm Gloss White | £398.0 | heating/radiators
2026-08-05 19:38:52,504 INFO  scraper.vendor:   NEW Imperia 4 Column Radiator 300 x 830mm Gloss White | £329.0 | heating/radiators
2026-08-05 19:38:55,150 INFO  scraper.vendor:   NEW Malmesbury 1800 x 565 Aluminium Radiator Black Effect | £738.0 | heating/radiators
2026-08-05 19:38:57,178 INFO  scraper.vendor:   NEW Addington II Towel Rail 1110 x 500 Type10 Chrome | £340.0 | heating/towel-rails
2026-08-05 19:38:59,227 INFO  scraper.vendor:   NEW Malmesbury 1800 x 470 Aluminium Radiator Black Effect | £615.0 | heating/radiators
2026-08-05 19:39:01,294 INFO  scraper.vendor:   NEW Addington II Towel Rail 1110 x 400 Type10 Chrome | £326.0 | heating/towel-rails
2026-08-05 19:39:03,692 INFO  scraper.vendor:   NEW Malmesbury 1800 x 375 Aluminium Radiator Black Effect | £503.0 | heating/radiators
2026-08-05 19:39:05,805 INFO  scraper.vendor:   NEW Addington II Towel Rail 790 x 600 Type10 Chrome | £286.0 | heating/towel-rails
2026-08-05 19:39:07,881 INFO  scraper.vendor:   NEW Malmesbury 1800 x 280 Aluminium Radiator Black Effect | £392.0 | heating/radiators
2026-08-05 19:39:10,306 INFO  scraper.vendor:   NEW Malmesbury 1800 x 565 Aluminium Radiator Silver Effect | £738.0 | heating/radiators
2026-08-05 19:39:12,728 INFO  scraper.vendor:   NEW Addington II Towel Rail 790 x 500 Type10 Chrome | £253.0 | heating/towel-rails
2026-08-05 19:39:15,111 INFO  scraper.vendor:   NEW Malmesbury 1800 x 470 Aluminium Radiator Silver Effect | £615.0 | heating/radiators
2026-08-05 19:39:17,635 INFO  scraper.vendor:   NEW Malmesbury 1800 x 375 Aluminium Radiator Silver Effect | £503.0 | heating/radiators
2026-08-05 19:39:19,846 INFO  scraper.vendor:   NEW Addington II Towel Rail 790 x 400 Type10 Chrome | £220.0 | heating/towel-rails
2026-08-05 19:39:22,278 INFO  scraper.vendor:   NEW Addington II Towel Rail 1750 x 600 Type10 Matt Black | £361.0 | heating/towel-rails
2026-08-05 19:39:24,703 INFO  scraper.vendor:   NEW Addington II Towel Rail 1750 x 500 Type10 Matt Black | £347.0 | heating/towel-rails
2026-08-05 19:39:27,032 INFO  scraper.vendor:   NEW Addington II Towel Rail 1750 x 400 Type10 Matt Black | £333.0 | heating/towel-rails
2026-08-05 19:39:29,117 INFO  scraper.vendor:   NEW Addington II Towel Rail 1110 x 600 Type10 Matt Black | £252.0 | heating/towel-rails
2026-08-05 19:39:31,544 INFO  scraper.vendor:   NEW Addington II Towel Rail 1110 x 500 Type10 Matt Black | £243.0 | heating/towel-rails
2026-08-05 19:39:34,351 INFO  scraper.vendor:   NEW Malmesbury 1800 x 280 Aluminium Radiator Brass Effect | £392.0 | heating/radiators
2026-08-05 19:39:37,011 INFO  scraper.vendor:   NEW Addington II Towel Rail 1110 x 400 Type10 Matt Black | £233.0 | heating/towel-rails
2026-08-05 19:39:39,624 INFO  scraper.vendor:   NEW Addington II Towel Rail 1750 x 500 Type20 Matt Black | £509.0 | heating/towel-rails
2026-08-05 19:39:42,379 INFO  scraper.vendor:   NEW Biava Multirail HV Straight 1118 x 450mm Gloss White | £70.0 | heating/towel-rails
2026-08-05 19:39:44,928 INFO  scraper.vendor:   NEW Biava Multirail HV Straight 1118 x 450mm Matt White | £70.0 | heating/towel-rails
2026-08-05 19:39:47,188 INFO  scraper.vendor:   NEW Biava Multirail HV Straight 688 x 750mm Matt White | £64.0 | heating/towel-rails
2026-08-05 19:39:49,196 INFO  scraper.vendor:   NEW Biava Multirail HV Straight 688 x 450mm Matt Black | £53.0 | heating/towel-rails
2026-08-05 19:39:51,385 INFO  scraper.vendor:   NEW Biava Multirail HV Straight 688 x 450mm Gloss White | £53.0 | heating/towel-rails
2026-08-05 19:39:53,381 INFO  scraper.vendor:   NEW Biava Multirail HV Straight 1720 x 450mm Chrome | £135.0 | heating/towel-rails
2026-08-05 19:39:55,350 INFO  scraper.vendor:   NEW Biava Multirail HV Straight 1118 x 450mm Chrome | £100.0 | heating/towel-rails
2026-08-05 19:39:57,466 INFO  scraper.vendor:   NEW Biava Multirail HV Straight 688 x 450mm Chrome | £68.0 | heating/towel-rails
2026-08-05 19:40:00,120 INFO  scraper.vendor:   NEW Eshton 1200 x 500mm. Towel Rail Matt White | £411.0 | heating/towel-rails
2026-08-05 19:40:02,044 INFO  scraper.vendor:   NEW Kenilworth 1200 x 500mm. Towel Rail Chrome | £437.0 | heating/towel-rails
2026-08-05 19:40:04,735 INFO  scraper.vendor:   NEW Kenilworth 1200 x 500mm. Towel Rail Matt White | £309.0 | heating/towel-rails
2026-08-05 19:40:07,679 INFO  scraper.vendor:   NEW Biava Multirail HV Straight 360 x 400mm Matt Black | £39.0 | heating/towel-rails
2026-08-05 19:40:10,417 INFO  scraper.vendor:   NEW Biava Multirail HV Straight 688 x 750mm Chrome | £87.0 | heating/towel-rails
2026-08-05 19:40:13,111 INFO  scraper.vendor:   NEW Biava Multirail HV Straight 1720 x 600mm Matt White | £107.0 | heating/towel-rails
2026-08-05 19:40:15,483 INFO  scraper.vendor:   NEW Haddenham Designer Towel Rail 1200x500mm Matt Anthracite | £227.0 | heating/towel-rails
2026-08-05 19:40:17,915 INFO  scraper.vendor:   NEW Launton Designer Towel Rail 1200x500mm Matt Anthracite | £317.0 | heating/towel-rails
2026-08-05 19:40:20,158 INFO  scraper.vendor:   NEW Kenilworth 1600 x 500mm. Towel Rail Chrome | £527.0 | heating/towel-rails
2026-08-05 19:40:22,597 INFO  scraper.vendor:   NEW Kenilworth 1600 x 500mm. Towel Rail Matt White | £397.0 | heating/towel-rails
2026-08-05 19:40:24,879 INFO  scraper.vendor:   NEW Ryton 1600 x 600mm. Towel Rail Chrome | £616.0 | heating/towel-rails
2026-08-05 19:40:26,866 INFO  scraper.vendor:   NEW Chesham 1524 x 813mm Freestanding Bath - Matt Copper | £1014.0 | baths/freestanding
2026-08-05 19:40:28,987 INFO  scraper.vendor:   NEW Chesham 1524 x 813mm Freestanding Bath - White | £963.0 | baths/freestanding
2026-08-05 19:40:31,159 INFO  scraper.vendor:   NEW Malin 1700 x 800 x 440mm Double Ended (DE) 5mm Bath - White | £514.0 | baths/double-ended
2026-08-05 19:40:33,050 INFO  scraper.vendor:   NEW Volente 1850 x 760mm Bi-Fold Shower Door - Matt Black | £430.0 | showering/shower-enclosures
2026-08-05 19:40:35,206 INFO  scraper.vendor:   NEW Volente 1850 x 700mm Bi-Fold Shower Door - Matt Black | £416.0 | showering/shower-enclosures
2026-08-05 19:40:37,016 INFO  scraper.vendor:   NEW Volente 1850 x 2000mm Sliding Shower Door (6mm Thick) - Matt | £697.0 | showering/shower-enclosures
2026-08-05 19:40:39,221 INFO  scraper.vendor:   NEW Volente 1850 x 1800mm Sliding Shower Door (6mm Thick) - Matt | £667.0 | showering/shower-enclosures
2026-08-05 19:40:41,328 INFO  scraper.vendor:   NEW Volente 1850 x 1400mm Sliding Shower Door (6mm Thick) - Matt | £564.0 | showering/shower-enclosures
2026-08-05 19:40:43,243 INFO  scraper.vendor:   NEW Volente 1850 x 1200mm Sliding Shower Door (6mm Thick) - Matt | £516.0 | showering/shower-enclosures
2026-08-05 19:40:45,665 INFO  scraper.vendor:   NEW Volente 1850 x 1100mm Sliding Shower Door (6mm Thick) - Matt | £482.0 | showering/shower-enclosures
2026-08-05 19:40:47,655 INFO  scraper.vendor:   NEW Volente 1850 x 1000mm Sliding Shower Door (6mm Thick) - Matt | £464.0 | showering/shower-enclosures
2026-08-05 19:40:49,466 INFO  scraper.vendor:   NEW Volente 1850 x 1700mm Sliding Shower Door (6mm Thick) - Matt | £637.0 | showering/shower-enclosures
2026-08-05 19:40:51,374 INFO  scraper.vendor:   NEW Volente 1850 x 1600mm Sliding Shower Door (6mm Thick) - Matt | £616.0 | showering/shower-enclosures
2026-08-05 19:40:53,551 INFO  scraper.vendor:   NEW Volente 1850 x 1500mm Sliding Shower Door (6mm Thick) - Matt | £585.0 | showering/shower-enclosures
2026-08-05 19:40:55,246 INFO  scraper.vendor:   NEW Volente 1850 x 1300mm Sliding Shower Door (6mm Thick) - Matt | £532.0 | showering/shower-enclosures
2026-08-05 19:40:57,063 INFO  scraper.vendor:   NEW Volente 1200 x 900mm Single Door Offset Quadrant Shower Encl | £747.0 | showering/shower-enclosures
2026-08-05 19:40:59,610 INFO  scraper.vendor:   NEW Volente 1200 x 800mm Single Door Offset Quadrant Shower Encl | £747.0 | showering/shower-enclosures
2026-08-05 19:41:01,910 INFO  scraper.vendor:   NEW Volente 1200 x 760mm Single Door Offset Quadrant Shower Encl | £747.0 | showering/shower-enclosures
2026-08-05 19:41:04,095 INFO  scraper.vendor:   NEW Volente 1000 x 900mm Single Door Offset Quadrant Shower Encl | £682.0 | showering/shower-enclosures
2026-08-05 19:41:06,121 INFO  scraper.vendor:   NEW Volente 1000 x 800mm Single Door Offset Quadrant Shower Encl | £682.0 | showering/shower-enclosures
2026-08-05 19:41:07,974 INFO  scraper.vendor:   NEW Volente 1850 x 1000mm Bi-Fold Shower Door - Matt Black | £482.0 | showering/shower-enclosures
2026-08-05 19:41:09,858 INFO  scraper.vendor:   NEW Volente 1000 x 760mm Single Door Offset Quadrant Shower Encl | £682.0 | showering/shower-enclosures
2026-08-05 19:41:11,590 INFO  scraper.vendor:   NEW Volente 1850 x 900mm Bi-Fold Shower Door - Matt Black | £458.0 | showering/shower-enclosures
2026-08-05 19:41:13,484 INFO  scraper.vendor:   NEW Volente 900 x 800mm Single Door Offset Quadrant Shower Enclo | £573.0 | showering/shower-enclosures
2026-08-05 19:41:15,793 INFO  scraper.vendor:   NEW Volente 1850 x 800mm Bi-Fold Shower Door - Matt Black | £444.0 | showering/shower-enclosures
2026-08-05 19:41:17,800 INFO  scraper.vendor:   NEW Volente 900 x 760mm Single Door Offset Quadrant Shower Enclo | £573.0 | showering/shower-enclosures
2026-08-05 19:41:19,645 INFO  scraper.vendor:   NEW Malin 1800 x 800 x 440mm Single Ended (SE) 5mm Bath - White | £541.0 | baths/single-ended
2026-08-05 19:41:21,715 INFO  scraper.vendor:   NEW Malin 1700 x 800 x 440mm Single Ended (SE) 5mm Bath - White | £504.0 | baths/single-ended
2026-08-05 19:41:23,448 INFO  scraper.vendor:   NEW Portland 1800 x 700 x 440mm Single Ended (SE) Twin Grip (TG) | £794.0 | baths/single-ended
2026-08-05 19:41:25,436 INFO  scraper.vendor:   NEW Portland 1900 x 900 x 440mm Single Ended (SE) Beauforte Bath | £1014.0 | baths/single-ended
2026-08-05 19:41:27,701 INFO  scraper.vendor:   NEW Malin Double Ended (DE) 1800 x 800 x 440mm Beauforte Bath -  | £897.0 | baths/double-ended
2026-08-05 19:41:29,976 INFO  scraper.vendor:   NEW Malin Double Ended (DE) 1700 x 800 x 440mm Beauforte Bath -  | £823.0 | baths/double-ended
2026-08-05 19:41:32,145 INFO  scraper.vendor:   NEW Malin 1800 x 800 x 440mm Single Ended (SE) Beauforte Bath -  | £847.0 | baths/single-ended
2026-08-05 19:41:34,036 INFO  scraper.vendor:   NEW Malin 1700 x 800 x 440mm Single Ended (SE) Beauforte Bath -  | £836.0 | baths/single-ended
2026-08-05 19:41:36,106 INFO  scraper.vendor:   NEW Portland 1800 x 700 x 440mm Single Ended (SE) Twin Grip (TG) | £471.0 | baths/single-ended
2026-08-05 19:41:38,170 INFO  scraper.vendor:   NEW Portland 1900 x 900 x 440mm Single Ended (SE) 5mm - White | £637.0 | baths/single-ended
2026-08-05 19:41:40,191 INFO  scraper.vendor:   NEW Malin Double Ended (DE) 1800 x 800 x 440mm 5mm Bath - White | £559.0 | baths/double-ended
2026-08-05 19:41:42,533 INFO  scraper.vendor:   NEW Volente 6mm Thick Easy Clean 1850 x 1200mm Walk-In Shower Pa | £480.0 | showering/shower-enclosures
2026-08-05 19:41:45,176 INFO  scraper.vendor:   NEW Volente 1200 x 760mm Single Door Offset Quadrant Shower Encl | £783.0 | showering/shower-enclosures
2026-08-05 19:41:47,170 INFO  scraper.vendor:   NEW Volente 6mm Thick Easy Clean 1850 x 1000mm Walk-In Shower Pa | £426.0 | showering/shower-enclosures
2026-08-05 19:41:49,204 INFO  scraper.vendor:   NEW Volente 1000 x 900mm Single Door Offset Quadrant Shower Encl | £714.0 | showering/shower-enclosures
2026-08-05 19:41:51,253 INFO  scraper.vendor:   NEW Volente 1000 x 800mm Single Door Offset Quadrant Shower Encl | £714.0 | showering/shower-enclosures
2026-08-05 19:41:53,698 INFO  scraper.vendor:   NEW Volente 6mm Thick Easy Clean 1850 x 900mm Walk-In Shower Pan | £398.0 | showering/shower-enclosures
2026-08-05 19:41:55,435 INFO  scraper.vendor:   NEW Volente 1000 x 760mm Single Door Offset Quadrant Shower Encl | £714.0 | showering/shower-enclosures
2026-08-05 19:41:57,606 INFO  scraper.vendor:   NEW Volente 1850 x 1000mm Bi-Fold Shower Door - Brushed Brass | £505.0 | showering/shower-enclosures
2026-08-05 19:41:59,729 INFO  scraper.vendor:   NEW Volente 900 x 800mm Single Door Offset Quadrant Shower Enclo | £600.0 | showering/shower-enclosures
2026-08-05 19:42:01,693 INFO  scraper.vendor:   NEW Volente 1850 x 900mm Bi-Fold Shower Door - Brushed Brass | £480.0 | showering/shower-enclosures
2026-08-05 19:42:03,830 INFO  scraper.vendor:   NEW Volente 900 x 760mm Single Door Offset Quadrant Shower Enclo | £600.0 | showering/shower-enclosures
2026-08-05 19:42:06,111 INFO  scraper.vendor:   NEW Volente 6mm Thick Easy Clean 1850 x 300mm Walk-In Shower Pan | £297.0 | showering/shower-enclosures
2026-08-05 19:42:07,794 INFO  scraper.vendor:   NEW Volente 1850 x 800mm Bi-Fold Shower Door - Brushed Brass | £465.0 | showering/shower-enclosures
2026-08-05 19:42:09,613 INFO  scraper.vendor:   NEW Volente 1850 x 760mm Bi-Fold Shower Door - Brushed Brass | £450.0 | showering/shower-enclosures
2026-08-05 19:42:11,776 INFO  scraper.vendor:   NEW Volente 1850 x 700mm Bi-Fold Shower Door - Brushed Brass | £436.0 | showering/shower-enclosures
2026-08-05 19:42:13,953 INFO  scraper.vendor:   NEW Volente 1850 x 2000mm Sliding Shower Door (6mm Thick) - Brus | £730.0 | showering/shower-enclosures
2026-08-05 19:42:16,047 INFO  scraper.vendor:   NEW Volente 6mm Thick Easy Clean 1850 x 500mm Walk-In Shower Pan | £309.0 | showering/shower-enclosures
2026-08-05 19:42:17,965 INFO  scraper.vendor:   NEW Volente 1850 x 1800mm Sliding Shower Door (6mm Thick) - Brus | £699.0 | showering/shower-enclosures
2026-08-05 19:42:19,856 INFO  scraper.vendor:   NEW Volente 6mm Thick Easy Clean 1850 x 800mm Walk-In Shower Pan | £365.0 | showering/shower-enclosures
2026-08-05 19:42:21,894 INFO  scraper.vendor:   NEW Volente 1850 x 1400mm Sliding Shower Door (6mm Thick) - Brus | £591.0 | showering/shower-enclosures
2026-08-05 19:42:24,200 INFO  scraper.vendor:   NEW Volente 6mm Thick Easy Clean 1850 x 760mm Walk-In Shower Pan | £365.0 | showering/shower-enclosures
2026-08-05 19:42:25,863 INFO  scraper.vendor:   NEW Volente 1850 x 1200mm Sliding Shower Door (6mm Thick) - Brus | £541.0 | showering/shower-enclosures
2026-08-05 19:42:27,657 INFO  scraper.vendor:   NEW Volente 6mm Thick Easy Clean 1850 x 700mm Walk-In Shower Pan | £365.0 | showering/shower-enclosures
2026-08-05 19:42:29,439 INFO  scraper.vendor:   NEW Volente 6mm Thick Easy Clean 1850 x 1200mm Walk-In Shower Pa | £458.0 | showering/shower-enclosures
2026-08-05 19:42:31,138 INFO  scraper.vendor:   NEW Volente 1850 x 1100mm Sliding Shower Door (6mm Thick) - Brus | £505.0 | showering/shower-enclosures
2026-08-05 19:42:32,958 INFO  scraper.vendor:   NEW Volente 6mm Thick Easy Clean 1850 x 1000mm Walk-In Shower Pa | £407.0 | showering/shower-enclosures
2026-08-05 19:42:34,773 INFO  scraper.vendor:   NEW Volente 1850 x 1000mm Sliding Shower Door (6mm Thick) - Brus | £486.0 | showering/shower-enclosures
2026-08-05 19:42:37,047 INFO  scraper.vendor:   NEW Volente 6mm Thick Easy Clean 1850 x 900mm Walk-In Shower Pan | £380.0 | showering/shower-enclosures
2026-08-05 19:42:39,001 INFO  scraper.vendor:   NEW Volente 1850 x 1700mm Sliding Shower Door (6mm Thick) - Brus | £667.0 | showering/shower-enclosures
2026-08-05 19:42:41,059 INFO  scraper.vendor:   NEW Volente 1850 x 1600mm Sliding Shower Door (6mm Thick) - Brus | £645.0 | showering/shower-enclosures
2026-08-05 19:42:43,074 INFO  scraper.vendor:   NEW Volente 1850 x 1500mm Sliding Shower Door (6mm Thick) - Brus | £613.0 | showering/shower-enclosures
2026-08-05 19:42:45,111 INFO  scraper.vendor:   NEW Volente 1850 x 1300mm Sliding Shower Door (6mm Thick) - Brus | £557.0 | showering/shower-enclosures
2026-08-05 19:42:47,073 INFO  scraper.vendor:   NEW Volente 1200 x 900mm Single Door Offset Quadrant Shower Encl | £783.0 | showering/shower-enclosures
2026-08-05 19:42:48,854 INFO  scraper.vendor:   NEW Volente 1200 x 800mm Single Door Offset Quadrant Shower Encl | £783.0 | showering/shower-enclosures
2026-08-05 19:42:50,940 INFO  scraper.vendor:   NEW Volente 6mm Thick Easy Clean 1850 x 500mm Walk-In Shower Pan | £324.0 | showering/shower-enclosures
2026-08-05 19:42:52,838 INFO  scraper.vendor:   NEW Volente 6mm Thick Easy Clean 1850 x 800mm Walk-In Shower Pan | £382.0 | showering/shower-enclosures
2026-08-05 19:42:55,000 INFO  scraper.vendor:   NEW Volente 6mm Thick Easy Clean 1850 x 760mm Walk-In Shower Pan | £382.0 | showering/shower-enclosures
2026-08-05 19:42:56,826 INFO  scraper.vendor:   NEW Volente 6mm Thick Easy Clean 1850 x 700mm Walk-In Shower Pan | £382.0 | showering/shower-enclosures
2026-08-05 19:42:59,069 INFO  scraper.vendor:   NEW Addington Double Flat Style Towel Hanger 440mm Matt Black | £84.0 | accessories
2026-08-05 19:43:01,129 INFO  scraper.vendor:   NEW Addington Flat Style Towel Hanger 292mm Chrome | £98.0 | accessories
2026-08-05 19:43:03,033 INFO  scraper.vendor:   NEW Vantage 2000 6mm Thick Easy Clean 2000 x 300mm Walk-In Showe | £184.0 | showering/shower-enclosures
2026-08-05 19:43:04,931 INFO  scraper.vendor:   NEW Addington Flat Style Towel Hanger 662mm Matt Black | £75.0 | accessories
2026-08-05 19:43:07,372 INFO  scraper.vendor:   NEW Addington Double Flat Style Towel Hanger 366mm Matt Black | £81.0 | accessories
2026-08-05 19:43:09,275 INFO  scraper.vendor:   NEW Addington Double Flat Style Towel Hanger 292mm Matt Black | £79.0 | accessories
2026-08-05 19:43:11,219 INFO  scraper.vendor:   NEW Addington Flat Style Towel Hanger 588mm Matt Black | £69.0 | accessories
2026-08-05 19:43:13,386 INFO  scraper.vendor:   NEW Addington Flat Style Towel Hanger 514mm Matt Black | £69.0 | accessories
2026-08-05 19:43:15,376 INFO  scraper.vendor:   NEW Addington Double Flat Style Towel Hanger 662mm Matt Anthraci | £95.0 | accessories
2026-08-05 19:43:17,657 INFO  scraper.vendor:   NEW Addington Double Flat Style Towel Hanger 588mm Matt Anthraci | £88.0 | accessories
2026-08-05 19:43:19,662 INFO  scraper.vendor:   NEW Addington Flat Style Towel Hanger 440mm Matt Black | £67.0 | accessories
2026-08-05 19:43:21,504 INFO  scraper.vendor:   NEW Addington Double Flat Style Towel Hanger 514mm Matt Anthraci | £86.0 | accessories
2026-08-05 19:43:23,837 INFO  scraper.vendor:   NEW Addington Flat Style Towel Hanger 366mm Matt Black | £66.0 | accessories
2026-08-05 19:43:25,737 INFO  scraper.vendor:   NEW Addington Double Flat Style Towel Hanger 440mm Matt Anthraci | £84.0 | accessories
2026-08-05 19:43:27,754 INFO  scraper.vendor:   NEW Addington Double Flat Style Towel Hanger 366mm Matt Anthraci | £81.0 | accessories
2026-08-05 19:43:29,661 INFO  scraper.vendor:   NEW Addington Flat Style Towel Hanger 292mm Matt Black | £65.0 | accessories
2026-08-05 19:43:32,023 INFO  scraper.vendor:   NEW Addington Double Flat Style Towel Hanger 292mm Matt Anthraci | £79.0 | accessories
2026-08-05 19:43:33,956 INFO  scraper.vendor:   NEW Addington Flat Style Towel Hanger 662mm Matt Anthracite | £75.0 | accessories
2026-08-05 19:43:36,156 INFO  scraper.vendor:   NEW Addington Double Flat Style Towel Hanger 662mm Gloss White | £95.0 | accessories
2026-08-05 19:43:38,299 INFO  scraper.vendor:   NEW Addington Flat Style Towel Hanger 588mm Matt Anthracite | £69.0 | accessories
2026-08-05 19:43:39,912 INFO  scraper.vendor:   NEW Addington Double Flat Style Towel Hanger 588mm Gloss White | £88.0 | accessories
2026-08-05 19:43:41,816 INFO  scraper.vendor:   NEW Addington Flat Style Towel Hanger 514mm Matt Anthracite | £69.0 | accessories
2026-08-05 19:43:44,025 INFO  scraper.vendor:   NEW Vantage 2000 Soft Close 2000 x 1700mm Sliding Shower Door (8 | £773.0 | showering/shower-enclosures
2026-08-05 19:43:45,690 INFO  scraper.vendor:   NEW Addington Double Flat Style Towel Hanger 514mm Gloss White | £86.0 | accessories
2026-08-05 19:43:47,738 INFO  scraper.vendor:   NEW Addington Flat Style Towel Hanger 440mm Matt Anthracite | £67.0 | accessories
2026-08-05 19:43:49,935 INFO  scraper.vendor:   NEW Addington Double Flat Style Towel Hanger 440mm Gloss White | £84.0 | accessories
2026-08-05 19:43:51,801 INFO  scraper.vendor:   NEW Addington Flat Style Towel Hanger 366mm Matt Anthracite | £66.0 | accessories
2026-08-05 19:43:53,937 INFO  scraper.vendor:   NEW Addington Double Flat Style Towel Hanger 366mm Gloss White | £81.0 | accessories
2026-08-05 19:43:55,514 INFO  scraper.vendor:   NEW Addington Flat Style Towel Hanger 292mm Matt Anthracite | £65.0 | accessories
2026-08-05 19:43:57,704 INFO  scraper.vendor:   NEW Vantage 2000 Soft Close 2000 x 1650mm Sliding Shower Door (8 | £762.0 | showering/shower-enclosures
2026-08-05 19:43:59,592 INFO  scraper.vendor:   NEW Addington Double Flat Style Towel Hanger 292mm Gloss White | £79.0 | accessories
2026-08-05 19:44:01,678 INFO  scraper.vendor:   NEW Addington Flat Style Towel Hanger 662mm Gloss White | £75.0 | accessories
2026-08-05 19:44:03,798 INFO  scraper.vendor:   NEW Universal Flat Style Towel Hanger 850mm Chrome | £115.0 | accessories
2026-08-05 19:44:06,118 INFO  scraper.vendor:   NEW Vantage 2000 Soft Close 2000 x 1600mm Sliding Shower Door (8 | £749.0 | showering/shower-enclosures
2026-08-05 19:44:08,215 INFO  scraper.vendor:   NEW Addington Flat Style Towel Hanger 588mm Gloss White | £69.0 | accessories
2026-08-05 19:44:09,990 INFO  scraper.vendor:   NEW Universal Flat Style Towel Hanger 660mm Chrome | £108.0 | accessories
2026-08-05 19:44:12,134 INFO  scraper.vendor:   NEW Addington Flat Style Towel Hanger 514mm Gloss White | £69.0 | accessories
2026-08-05 19:44:14,517 INFO  scraper.vendor:   NEW Universal Flat Style Towel Hanger 470mm Chrome | £102.0 | accessories
2026-08-05 19:44:16,548 INFO  scraper.vendor:   NEW Vantage 2000 Soft Close 2000 x 1500mm Sliding Shower Door (8 | £729.0 | showering/shower-enclosures
2026-08-05 19:44:18,696 INFO  scraper.vendor:   NEW Addington Flat Style Towel Hanger 440mm Gloss White | £67.0 | accessories
2026-08-05 19:44:20,979 INFO  scraper.vendor:   NEW Universal Flat Style Towel Hanger 375mm Chrome | £100.0 | accessories
2026-08-05 19:44:23,294 INFO  scraper.vendor:   NEW Addington Flat Style Towel Hanger 366mm Gloss White | £66.0 | accessories
2026-08-05 19:44:25,261 INFO  scraper.vendor:   NEW Vantage 2000 Soft Close 2000 x 1400mm Sliding Shower Door (8 | £709.0 | showering/shower-enclosures
2026-08-05 19:44:27,497 INFO  scraper.vendor:   NEW Universal Flat Style Towel Hanger 280mm Chrome | £98.0 | accessories
2026-08-05 19:44:29,638 INFO  scraper.vendor:   NEW Addington Flat Style Towel Hanger 292mm Gloss White | £65.0 | accessories
2026-08-05 19:44:31,848 INFO  scraper.vendor:   NEW Addington Flat Style Towel Hanger 662mm Chrome | £111.0 | accessories
2026-08-05 19:44:33,656 INFO  scraper.vendor:   NEW Vantage 2000 Soft Close 2000 x 1300mm Sliding Shower Door (8 | £668.0 | showering/shower-enclosures
2026-08-05 19:44:35,758 INFO  scraper.vendor:   NEW Addington Flat Style Towel Hanger 588mm Chrome | £107.0 | accessories
2026-08-05 19:44:38,397 INFO  scraper.vendor:   NEW Vantage 2000 Soft Close 2000 x 1200mm Sliding Shower Door (8 | £667.0 | showering/shower-enclosures
2026-08-05 19:44:40,451 INFO  scraper.vendor:   NEW Addington Flat Style Towel Hanger 514mm Chrome | £103.0 | accessories
2026-08-05 19:44:42,691 INFO  scraper.vendor:   NEW Vantage 2000 6mm Thick Easy Clean 2000 x 1600mm Walk-In Show | £544.0 | showering/shower-enclosures
2026-08-05 19:44:44,825 INFO  scraper.vendor:   NEW Addington Flat Style Towel Hanger 440mm Chrome | £102.0 | accessories
2026-08-05 19:44:46,799 INFO  scraper.vendor:   NEW Vantage 2000 Soft Close 2000 x 1100mm Sliding Shower Door (8 | £588.0 | showering/shower-enclosures
2026-08-05 19:44:48,940 INFO  scraper.vendor:   NEW Addington Flat Style Towel Hanger 366mm Chrome | £100.0 | accessories
2026-08-05 19:44:51,021 INFO  scraper.vendor:   NEW Vantage 2000 6mm Thick Easy Clean 2000 x 1500mm Walk-In Show | £529.0 | showering/shower-enclosures
2026-08-05 19:44:53,154 INFO  scraper.vendor:   NEW Vantage 2000 Soft Close 2000 x 1000mm Sliding Shower Door (8 | £567.0 | showering/shower-enclosures
2026-08-05 19:44:55,356 INFO  scraper.vendor:   NEW Vantage 2000 6mm Thick Easy Clean 2000 x 1400mm Walk-In Show | £509.0 | showering/shower-enclosures
2026-08-05 19:44:57,464 INFO  scraper.vendor:   NEW Vantage 2000 6mm Thick Easy Clean 2000 x 1300mm Walk-In Show | £509.0 | showering/shower-enclosures
2026-08-05 19:44:59,586 INFO  scraper.vendor:   NEW Vantage 2000 6mm Thick Easy Clean 2000 x 1200mm Walk-In Show | £429.0 | showering/shower-enclosures
2026-08-05 19:45:01,867 INFO  scraper.vendor:   NEW Vantage 2000 6mm Thick Easy Clean 2000 x 1100mm Walk-In Show | £416.0 | showering/shower-enclosures
2026-08-05 19:45:03,730 INFO  scraper.vendor:   NEW Vantage 2000 6mm Thick Easy Clean 2000 x 1000mm Walk-In Show | £389.0 | showering/shower-enclosures
2026-08-05 19:45:05,858 INFO  scraper.vendor:   NEW Vantage 2000 6mm Thick Easy Clean 2000 x 900mm Walk-In Showe | £349.0 | showering/shower-enclosures
2026-08-05 19:45:08,211 INFO  scraper.vendor:   NEW Vantage 2000 6mm Thick Easy Clean 2000 x 800mm Walk-In Showe | £314.0 | showering/shower-enclosures
2026-08-05 19:45:10,358 INFO  scraper.vendor:   NEW Vantage 2000 6mm Thick Easy Clean 2000 x 760mm Walk-In Showe | £304.0 | showering/shower-enclosures
2026-08-05 19:45:12,110 INFO  scraper.vendor:   NEW Vantage 2000 6mm Thick Easy Clean 2000 x 700mm Walk-In Showe | £291.0 | showering/shower-enclosures
2026-08-05 19:45:14,159 INFO  scraper.vendor:   NEW Vantage 2000 6mm Thick Easy Clean 2000 x 500mm Walk-In Showe | £235.0 | showering/shower-enclosures
2026-08-05 19:45:16,051 INFO  scraper.vendor:   NEW Longbridge Type 22 Compact Panel Radiator 600 x 400 Gloss Wh | £301.36 | heating/radiators
2026-08-05 19:45:17,782 INFO  scraper.vendor:   NEW Rosano Towel Hanger 660mm Matt Black | £82.0 | accessories
2026-08-05 19:45:19,976 INFO  scraper.vendor:   NEW Wendover Straight Stainless Steel Multirail 1600 x 600 Brush | £386.0 | heating/towel-rails
2026-08-05 19:45:21,925 INFO  scraper.vendor:   NEW Rosano Towel Hanger 660mm Matt Anthracite | £82.0 | accessories
2026-08-05 19:45:24,240 INFO  scraper.vendor:   NEW Wendover Straight Stainless Steel Multirail 1000 x 400 Brush | £225.0 | heating/towel-rails
2026-08-05 19:45:26,458 INFO  scraper.vendor:   NEW Rosano Towel Hanger 660mm Matt White | £82.0 | accessories
2026-08-05 19:45:28,534 INFO  scraper.vendor:   NEW Wendover Straight Stainless Steel Multirail 1800 x 400 Brush | £361.0 | heating/towel-rails
2026-08-05 19:45:31,034 INFO  scraper.vendor:   NEW Universal Double Flat Style Towel Hanger 565mm Chrome | £138.0 | accessories
2026-08-05 19:45:33,590 INFO  scraper.vendor:   NEW Universal Double Flat Style Towel Hanger 565mm Matt Black | £114.0 | accessories
2026-08-05 19:45:35,898 INFO  scraper.vendor:   NEW Wendover Straight Stainless Steel Multirail 1200 x 400 Brush | £265.0 | heating/towel-rails
2026-08-05 19:45:37,677 INFO  scraper.vendor:   NEW Universal Double Flat Style Towel Hanger 565mm Matt Anthraci | £114.0 | accessories
2026-08-05 19:45:39,767 INFO  scraper.vendor:   NEW Universal Double Flat Style Towel Hanger 565mm Matt White | £114.0 | accessories
2026-08-05 19:45:42,125 INFO  scraper.vendor:   NEW Wendover Straight Stainless Steel Multirail 800 x 400 Brushe | £198.0 | heating/towel-rails
2026-08-05 19:45:44,361 INFO  scraper.vendor:   NEW Universal Flat Style Towel Hanger 565mm Chrome | £103.0 | accessories
2026-08-05 19:45:46,262 INFO  scraper.vendor:   NEW Wendover Straight Stainless Steel Multirail 1600 x 600 Mirro | £365.0 | heating/towel-rails
2026-08-05 19:45:48,611 INFO  scraper.vendor:   NEW Universal Flat Style Towel Hanger 565mm Matt Black | £95.0 | accessories
2026-08-05 19:45:50,440 INFO  scraper.vendor:   NEW Universal Flat Style Towel Hanger 565mm Matt Anthracite | £95.0 | accessories
2026-08-05 19:45:52,395 INFO  scraper.vendor:   NEW Wendover Straight Stainless Steel Multirail 1600 x 500 Mirro | £338.0 | heating/towel-rails
2026-08-05 19:45:54,493 INFO  scraper.vendor:   NEW Universal Flat Style Towel Hanger 565mm Matt White | £95.0 | accessories
2026-08-05 19:45:56,360 INFO  scraper.vendor:   NEW Wendover Straight Stainless Steel Multirail 1600 x 400 Mirro | £316.0 | heating/towel-rails
2026-08-05 19:45:58,335 INFO  scraper.vendor:   NEW Universal Double Flat Style Towel Hanger 850mm Chrome | £154.0 | accessories
2026-08-05 19:46:00,757 INFO  scraper.vendor:   NEW Universal Double Flat Style Towel Hanger 660mm Chrome | £142.0 | accessories
2026-08-05 19:46:03,371 INFO  scraper.vendor:   NEW Wendover Straight Stainless Steel Multirail 1400 x 600 Mirro | £335.0 | heating/towel-rails
2026-08-05 19:46:05,310 INFO  scraper.vendor:   NEW Universal Double Flat Style Towel Hanger 470mm Chrome | £132.0 | accessories
2026-08-05 19:46:07,312 INFO  scraper.vendor:   NEW Wendover Straight Stainless Steel Multirail 1400 x 500 Mirro | £310.0 | heating/towel-rails
2026-08-05 19:46:09,518 INFO  scraper.vendor:   NEW Universal Double Flat Style Towel Hanger 375mm Chrome | £130.0 | accessories
2026-08-05 19:46:11,700 INFO  scraper.vendor:   NEW Universal Double Flat Style Towel Hanger 280mm Chrome | £124.0 | accessories
2026-08-05 19:46:13,678 INFO  scraper.vendor:   NEW Wendover Straight Stainless Steel Multirail 1400 x 400 Mirro | £291.0 | heating/towel-rails
2026-08-05 19:46:15,815 INFO  scraper.vendor:   NEW Addington Double Flat Style Towel Hanger 662mm Chrome | £143.0 | accessories
2026-08-05 19:46:18,143 INFO  scraper.vendor:   NEW Addington Double Flat Style Towel Hanger 588mm Chrome | £138.0 | accessories
2026-08-05 19:46:20,333 INFO  scraper.vendor:   NEW Addington Double Flat Style Towel Hanger 514mm Chrome | £135.0 | accessories
2026-08-05 19:46:22,449 INFO  scraper.vendor:   NEW Wendover Straight Stainless Steel Multirail 1000 x 600 Mirro | £242.0 | heating/towel-rails
2026-08-05 19:46:24,412 INFO  scraper.vendor:   NEW Addington Double Flat Style Towel Hanger 440mm Chrome | £132.0 | accessories
2026-08-05 19:46:26,767 INFO  scraper.vendor:   NEW Wendover Straight Stainless Steel Multirail 1000 x 500 Mirro | £226.0 | heating/towel-rails
2026-08-05 19:46:29,042 INFO  scraper.vendor:   NEW Addington Double Flat Style Towel Hanger 366mm Chrome | £130.0 | accessories
2026-08-05 19:46:31,454 INFO  scraper.vendor:   NEW Addington Double Flat Style Towel Hanger 292mm Chrome | £124.0 | accessories
2026-08-05 19:46:34,072 INFO  scraper.vendor:   NEW Addington Double Flat Style Towel Hanger 662mm Matt Black | £95.0 | accessories
2026-08-05 19:46:36,648 INFO  scraper.vendor:   NEW Wendover Straight Stainless Steel Multirail 1000 x 400 Mirro | £214.0 | heating/towel-rails
2026-08-05 19:46:38,892 INFO  scraper.vendor:   NEW Addington Double Flat Style Towel Hanger 588mm Matt Black | £88.0 | accessories
2026-08-05 19:46:40,601 INFO  scraper.vendor:   NEW Wendover Straight Stainless Steel Multirail 1800 x 400 Mirro | £341.0 | heating/towel-rails
2026-08-05 19:46:42,690 INFO  scraper.vendor:   NEW Addington Double Flat Style Towel Hanger 514mm Matt Black | £86.0 | accessories
2026-08-05 19:46:44,959 INFO  scraper.vendor:   NEW Wendover Straight Stainless Steel Multirail 1200 x 400 Mirro | £252.0 | heating/towel-rails
2026-08-05 19:46:47,212 INFO  scraper.vendor:   NEW Wendover Straight Stainless Steel Multirail 800 x 400 Mirror | £189.0 | heating/towel-rails
2026-08-05 19:46:49,545 INFO  scraper.vendor:   NEW Peretti Stainless Steel Towel Hanger 660mm Mirror Polished | £98.0 | accessories
2026-08-05 19:46:51,595 INFO  scraper.vendor:   NEW Peretti Towel Hanger 660mm Chrome | £77.0 | accessories
2026-08-05 19:46:53,923 INFO  scraper.vendor:   NEW Peretti Towel Hanger 660mm Matt Black | £82.0 | accessories
2026-08-05 19:46:56,133 INFO  scraper.vendor:   NEW Peretti Towel Hanger 660mm Matt Anthracite | £82.0 | accessories
2026-08-05 19:46:58,294 INFO  scraper.vendor:   NEW Peretti Towel Hanger 660mm Matt White | £82.0 | accessories
2026-08-05 19:47:01,002 INFO  scraper.vendor:   NEW Rosano Stainless Steel Towel Hanger 660mm Mirror Polished | £98.0 | accessories
2026-08-05 19:47:03,399 INFO  scraper.vendor:   NEW Rosano Towel Hanger 660mm Chrome | £77.0 | accessories
2026-08-05 19:47:06,038 INFO  scraper.vendor:   NEW Wendover Straight Stainless Steel Multirail 1600 x 500 Brush | £360.0 | heating/towel-rails
2026-08-05 19:47:08,271 INFO  scraper.vendor:   NEW Wendover Straight Stainless Steel Multirail 1600 x 400 Brush | £334.0 | heating/towel-rails
2026-08-05 19:47:10,564 INFO  scraper.vendor:   NEW Wendover Straight Stainless Steel Multirail 1400 x 600 Brush | £353.0 | heating/towel-rails
2026-08-05 19:47:12,942 INFO  scraper.vendor:   NEW Wendover Straight Stainless Steel Multirail 1400 x 500 Brush | £329.0 | heating/towel-rails
2026-08-05 19:47:14,810 INFO  scraper.vendor:   NEW Wendover Straight Stainless Steel Multirail 1400 x 400 Brush | £306.0 | heating/towel-rails
2026-08-05 19:47:16,753 INFO  scraper.vendor:   NEW Wendover Straight Stainless Steel Multirail 1000 x 600 Brush | £255.0 | heating/towel-rails
2026-08-05 19:47:18,956 INFO  scraper.vendor:   NEW Wendover Straight Stainless Steel Multirail 1000 x 500 Brush | £240.0 | heating/towel-rails
2026-08-05 19:47:21,334 INFO  scraper.vendor:   NEW Longbridge Type 22 Compact Panel Radiator 600 x 2000 Gloss W | £1033.37 | heating/radiators
2026-08-05 19:47:23,483 INFO  scraper.vendor:   NEW Longbridge Type 22 Compact Panel Radiator 600 x 1800 Gloss W | £941.51 | heating/radiators
2026-08-05 19:47:25,359 INFO  scraper.vendor:   NEW Longbridge Type 22 Compact Panel Radiator 600 x 1600 Gloss W | £848.81 | heating/radiators
2026-08-05 19:47:27,410 INFO  scraper.vendor:   NEW Longbridge Type 22 Compact Panel Radiator 600 x 1500 Gloss W | £793.65 | heating/radiators
2026-08-05 19:47:29,538 INFO  scraper.vendor:   NEW Longbridge Type 22 Compact Panel Radiator 600 x 1400 Gloss W | £750.14 | heating/radiators
2026-08-05 19:47:31,750 INFO  scraper.vendor:   NEW Longbridge Type 22 Compact Panel Radiator 600 x 1300 Gloss W | £705.77 | heating/radiators
2026-08-05 19:47:33,604 INFO  scraper.vendor:   NEW Longbridge Type 22 Compact Panel Radiator 600 x 1200 Gloss W | £661.55 | heating/radiators
2026-08-05 19:47:35,763 INFO  scraper.vendor:   NEW Longbridge Type 22 Compact Panel Radiator 600 x 1100 Gloss W | £614.06 | heating/radiators
2026-08-05 19:47:38,139 INFO  scraper.vendor:   NEW Longbridge Type 22 Compact Panel Radiator 600 x 1000 Gloss W | £570.97 | heating/radiators
2026-08-05 19:47:40,679 INFO  scraper.vendor:   NEW Longbridge Type 22 Compact Panel Radiator 600 x 900 Gloss Wh | £524.05 | heating/radiators
2026-08-05 19:47:43,200 INFO  scraper.vendor:   NEW Longbridge Type 22 Compact Panel Radiator 600 x 800 Gloss Wh | £480.1 | heating/radiators
2026-08-05 19:47:44,981 INFO  scraper.vendor:   NEW Longbridge Type 22 Compact Panel Radiator 600 x 700 Gloss Wh | £437.16 | heating/radiators
2026-08-05 19:47:47,235 INFO  scraper.vendor:   NEW Longbridge Type 22 Compact Panel Radiator 600 x 600 Gloss Wh | £389.95 | heating/radiators
2026-08-05 19:47:49,504 INFO  scraper.vendor:   NEW Longbridge Type 22 Compact Panel Radiator 600 x 500 Gloss Wh | £345.73 | heating/radiators
2026-08-05 19:47:51,428 INFO  scraper.vendor:   NEW Volente Offset Quad 1100 x 700 Brushed Brass | £674.0 | showering/shower-enclosures
2026-08-05 19:47:53,772 INFO  scraper.vendor:   NEW Volente Offset Quad 1000 x 700 Brushed Brass | £641.0 | showering/shower-enclosures
2026-08-05 19:47:55,749 INFO  scraper.vendor:   NEW Volente offset quad 1200 x 700 Brushed Brass | £708.0 | showering/shower-enclosures
2026-08-05 19:47:57,986 INFO  scraper.vendor:   NEW Volente offset quad 1100 x 900 Brushed Brass | £674.0 | showering/shower-enclosures
2026-08-05 19:48:00,179 INFO  scraper.vendor:   NEW Volente offset quad 1100 x 800 Brushed Brass | £674.0 | showering/shower-enclosures
2026-08-05 19:48:02,378 INFO  scraper.vendor:   NEW Volente offset quad 1100 x 760 Brushed Brass | £674.0 | showering/shower-enclosures
2026-08-05 19:48:04,442 INFO  scraper.vendor:   NEW Volente offset quad 1000 x 900 Brushed Brass | £658.0 | showering/shower-enclosures
2026-08-05 19:48:06,288 INFO  scraper.vendor:   NEW Volente offset quad 1000 x 800 Brushed Brass | £658.0 | showering/shower-enclosures
2026-08-05 19:48:08,222 INFO  scraper.vendor:   NEW Volente offset quad 1200 x 900 Brushed Brass | £722.0 | showering/shower-enclosures
2026-08-05 19:48:10,212 INFO  scraper.vendor:   NEW Volente offset quad 1200 x 800  Brushed Brass | £722.0 | showering/shower-enclosures
2026-08-05 19:48:12,204 INFO  scraper.vendor:   NEW Volente Offset Quad 900 x 700 Brushed Brass | £621.0 | showering/shower-enclosures
2026-08-05 19:48:13,937 INFO  scraper.vendor:   NEW Volente Offset Quad 1400 x 800 Matt Black | £739.0 | showering/shower-enclosures
2026-08-05 19:48:15,661 INFO  scraper.vendor:   NEW Volente Offset Quad 1400 x 760 Matt Black | £739.0 | showering/shower-enclosures
2026-08-05 19:48:17,548 INFO  scraper.vendor:   NEW Volente Offset Quad 1300 x 800 Matt Black | £709.0 | showering/shower-enclosures
2026-08-05 19:48:19,450 INFO  scraper.vendor:   NEW Volente Offset Quad 1300 x 760 Matt Black | £709.0 | showering/shower-enclosures
2026-08-05 19:48:21,413 INFO  scraper.vendor:   NEW Volente Offset Quad 1100 x 700 Matt Black | £643.0 | showering/shower-enclosures
2026-08-05 19:48:23,554 INFO  scraper.vendor:   NEW Volente Offset Quad 1000 x 700 Matt Black | £612.0 | showering/shower-enclosures
2026-08-05 19:48:25,538 INFO  scraper.vendor:   NEW Volente offset quad 1200 x 700 Matt Black | £676.0 | showering/shower-enclosures
2026-08-05 19:48:27,735 INFO  scraper.vendor:   NEW Volente offset quad 1100 x 900 Matt Black | £643.0 | showering/shower-enclosures
2026-08-05 19:48:29,459 INFO  scraper.vendor:   NEW Volente offset quad 1100 x 800 Matt Black | £643.0 | showering/shower-enclosures
2026-08-05 19:48:31,467 INFO  scraper.vendor:   NEW Volente offset quad 1100 x 760 Matt Black | £643.0 | showering/shower-enclosures
2026-08-05 19:48:33,286 INFO  scraper.vendor:   NEW Volente offset quad 1000 x 900 Matt Black | £628.0 | showering/shower-enclosures
2026-08-05 19:48:35,509 INFO  scraper.vendor:   NEW Volente offset quad 1000 x 800 Matt Black | £628.0 | showering/shower-enclosures
2026-08-05 19:48:37,344 INFO  scraper.vendor:   NEW Volente offset quad 1200 x 900 Matt Black | £689.0 | showering/shower-enclosures
2026-08-05 19:48:39,681 INFO  scraper.vendor:   NEW Volente offset quad 1200 x 800  Matt Black | £689.0 | showering/shower-enclosures
2026-08-05 19:48:41,659 INFO  scraper.vendor:   NEW Volente Offset Quad 900 x 700 Matt Black | £593.0 | showering/shower-enclosures
2026-08-05 19:48:43,874 INFO  scraper.vendor:   NEW Biava Multirail HV Straight 1720 x 500mm	 Chrome | £146.0 | heating/towel-rails
2026-08-05 19:48:45,810 INFO  scraper.vendor:   NEW Biava Multirail HV Straight 1118 x 500mm	 Chrome | £107.0 | heating/towel-rails
2026-08-05 19:48:48,104 INFO  scraper.vendor:   NEW Biava Multirail HV Straight 688 x 500mm	 Chrome | £73.0 | heating/towel-rails
2026-08-05 19:48:50,201 INFO  scraper.vendor:   NEW Wendover Straight Multirail 1800 x 600 Brushed Bronze | £513.0 | heating/towel-rails
2026-08-05 19:48:52,405 INFO  scraper.vendor:   NEW Cortona 555 x 770 Glass Fronted Electric Radiator 2000W Blac | £209.0 | heating/radiators
2026-08-05 19:48:54,639 INFO  scraper.vendor:   NEW Wendover Straight Multirail 1800 x 500 Brushed Bronze | £492.0 | heating/towel-rails
2026-08-05 19:48:56,626 INFO  scraper.vendor:   NEW Cortona 555 x 650 Glass Fronted Electric Radiator 1500W Blac | £187.0 | heating/radiators
2026-08-05 19:48:59,106 INFO  scraper.vendor:   NEW Wendover Straight Multirail 1800 x 400 Brushed Bronze | £479.0 | heating/towel-rails
2026-08-05 19:49:01,520 INFO  scraper.vendor:   NEW Cortona 555 x 520 Glass Fronted Electric Radiator 1000W Blac | £169.0 | heating/radiators
2026-08-05 19:49:03,883 INFO  scraper.vendor:   NEW Wendover Straight Multirail 1200 x 600 Brushed Bronze | £350.0 | heating/towel-rails
2026-08-05 19:49:05,611 INFO  scraper.vendor:   NEW Cortona 555 x 770 Glass Fronted Electric Radiator 2000W Whit | £214.0 | heating/radiators
2026-08-05 19:49:07,699 INFO  scraper.vendor:   NEW Wendover Straight Multirail 1200 x 500 Brushed Bronze | £335.0 | heating/towel-rails
2026-08-05 19:49:09,394 INFO  scraper.vendor:   NEW Cortona 555 x 650 Glass Fronted Electric Radiator 1500W Whit | £193.0 | heating/radiators
2026-08-05 19:49:11,677 INFO  scraper.vendor:   NEW Wendover Straight Multirail 1200 x 400 Brushed Bronze | £321.0 | heating/towel-rails
2026-08-05 19:49:13,691 INFO  scraper.vendor:   NEW Cortona 555 x 520 Glass Fronted Electric Radiator 1000W Whit | £174.0 | heating/radiators
2026-08-05 19:49:15,603 INFO  scraper.vendor:   NEW Wendover Straight Multirail 800 x 600 Brushed Bronze | £244.0 | heating/towel-rails
2026-08-05 19:49:17,709 INFO  scraper.vendor:   NEW Wendover Straight Multirail 800 x 500 Brushed Bronze | £234.0 | heating/towel-rails
2026-08-05 19:49:19,613 INFO  scraper.vendor:   NEW Wendover Straight Multirail 800 x 400 Brushed Bronze | £221.0 | heating/towel-rails
2026-08-05 19:49:21,673 INFO  scraper.vendor:   NEW Volente Offset Quad 1400 x 800 Brushed Brass | £774.0 | showering/shower-enclosures
2026-08-05 19:49:23,633 INFO  scraper.vendor:   NEW Volente Offset Quad 1400 x 760 Brushed Brass | £774.0 | showering/shower-enclosures
2026-08-05 19:49:25,912 INFO  scraper.vendor:   NEW Volente Offset Quad 1300 x 800 Brushed Brass | £743.0 | showering/shower-enclosures
2026-08-05 19:49:27,726 INFO  scraper.vendor:   NEW Volente Offset Quad 1300 x 760 Brushed Brass | £743.0 | showering/shower-enclosures
2026-08-05 19:49:30,021 INFO  scraper.vendor:   NEW Wendover Straight Multirail 1200 x 600 Gloss White | £101.0 | heating/towel-rails
2026-08-05 19:49:32,025 INFO  scraper.vendor:   NEW Type 22 Compact Panel Radiator 600 x 1600 Gloss White | £1033.13 | heating/radiators
2026-08-05 19:49:34,254 INFO  scraper.vendor:   NEW Type 11 Compact Panel Radiator 600 x 500 Gloss White | £167.13 | heating/radiators
2026-08-05 19:49:36,554 INFO  scraper.vendor:   NEW Wingrave 1200 x 500 Straight Multirail Gloss White | £92.0 | heating/towel-rails
2026-08-05 19:49:38,624 INFO  scraper.vendor:   NEW Portland Double Ended (DE) 1700 x 700 x 440mm 5mm Bath - Whi | £338.0 | baths/double-ended
2026-08-05 19:49:40,224 INFO  scraper.vendor:   NEW Vantage Plan A 700mm x 700mm Square Shower Tray - White | £132.0 | showering/shower-trays
2026-08-05 19:49:42,781 INFO  scraper.vendor:   NEW Vantage Plan C 1800mm x 900mm Rectangular Shower Tray - Whit | £372.0 | showering/shower-trays
2026-08-05 19:49:45,035 INFO  scraper.vendor:   NEW Vantage Plan C 1700mm x 900mm Rectangular Shower Tray - Whit | £340.0 | showering/shower-trays
2026-08-05 19:49:46,722 INFO  scraper.vendor:   NEW Vantage Plan B 1100mm x 700mm Rectangular Shower Tray - Whit | £200.0 | showering/shower-trays
2026-08-05 19:49:48,629 INFO  scraper.vendor:   NEW Vantage Plan B 900mm x 700mm Rectangular Shower Tray - White | £171.0 | showering/shower-trays
2026-08-05 19:49:50,598 INFO  scraper.vendor:   NEW Vantage Plan A 800mm x 800mm Square Shower Tray - White | £145.0 | showering/shower-trays
2026-08-05 19:49:52,717 INFO  scraper.vendor:   NEW Biava Dry Element Towel Rail 1100x500mm Chrome | £268.0 | heating/towel-rails
2026-08-05 19:49:54,850 INFO  scraper.vendor:   NEW Biscay Single Ended (SE) 1700 x 700 x 440mm Beauforte Bath - | £621.0 | baths/single-ended
2026-08-05 19:49:56,827 INFO  scraper.vendor:   NEW Malin Single Ended (SE) 1700 x 700 x 440mm Beauforte Bath -  | £625.0 | baths/single-ended
2026-08-05 19:49:58,862 INFO  scraper.vendor:   NEW Shannon 1700 x 850 x 400mm Right Hand (RH) L-Shaped Beaufort | £778.0 | baths/shower-bath
2026-08-05 19:50:00,740 INFO  scraper.vendor:   NEW Rockall Single Ended (SE) 1700 x 700 x 440mm Beauforte Bath  | £587.0 | baths/single-ended
2026-08-05 19:50:02,765 INFO  scraper.vendor:   NEW Biscay Double Ended (DE) 1700 x 750 x 440mm 5mm Right Hand ( | £393.0 | baths/double-ended
2026-08-05 19:50:05,164 INFO  scraper.vendor:   NEW Rockall Single Ended (SE) Twin Grip (TG) 1700 x 750 x 440mm  | £404.0 | baths/single-ended
2026-08-05 19:50:07,334 INFO  scraper.vendor:   NEW Portland Single Ended (SE) Twin Grip (TG) 1750 x 750 x 440mm | £548.0 | baths/single-ended
2026-08-05 19:50:09,083 INFO  scraper.vendor:   NEW Malin Double Ended (DE) 1700 x 700 x 440mm 5mm Bath - White | £363.0 | baths/double-ended
2026-08-05 19:50:11,376 INFO  scraper.vendor:   NEW Malin Single Ended (SE) 1700 x 700 x 440mm 5mm Bath - White | £346.0 | baths/single-ended
2026-08-05 19:50:13,423 INFO  scraper.vendor:   NEW Wendover Straight Multirail 1600 x 600 Chrome | £231.0 | heating/towel-rails
2026-08-05 19:50:15,608 INFO  scraper.vendor:   NEW Wendover Straight Multirail 600 x 1000 Chrome | £195.0 | heating/towel-rails
2026-08-05 19:50:17,556 INFO  scraper.vendor:   NEW Straight Biava Multirail 360 x 400 Chrome | £100.0 | heating/towel-rails
2026-08-05 19:50:19,814 INFO  scraper.vendor:   NEW Wendover Straight Multirail 1600 x 300 Chrome | £187.0 | heating/towel-rails
2026-08-05 19:50:21,608 INFO  scraper.vendor:   NEW Wendover Straight Multirail 360 x 400 Chrome | £74.0 | heating/towel-rails
2026-08-05 19:50:23,630 INFO  scraper.vendor:   NEW Wendover Straight Multirail 1200 x 600 Chrome | £185.0 | heating/towel-rails
2026-08-05 19:50:25,767 INFO  scraper.vendor:   NEW Wendover Straight Multirail 1000 x 750 Gloss White | £107.0 | heating/towel-rails
2026-08-05 19:50:27,974 INFO  scraper.vendor:   NEW Wendover Straight Multirail 1200 x 500 Chrome | £168.0 | heating/towel-rails
2026-08-05 19:50:30,329 INFO  scraper.vendor:   NEW Wendover Curved Multirail 1800 x 600 Gloss White | £146.0 | heating/towel-rails
2026-08-05 19:50:32,448 INFO  scraper.vendor:   NEW Staverton Tube on Tube 1200x400 Chrome | £685.0 | heating/towel-rails
2026-08-05 19:50:34,663 INFO  scraper.vendor:   NEW Wendover Straight Multirail 1000 x 500 Chrome | £146.0 | heating/towel-rails
2026-08-05 19:50:37,039 INFO  scraper.vendor:   NEW Staverton 1200x400 Chrome | £372.0 | heating/towel-rails
2026-08-05 19:50:39,569 INFO  scraper.vendor:   NEW Wendover Straight Multirail 1200 x 750 Chrome | £228.0 | heating/towel-rails
2026-08-05 19:50:41,959 INFO  scraper.vendor:   NEW Wendover Straight Multirail 600 x 750 Chrome | £131.0 | heating/towel-rails
2026-08-05 19:50:43,864 INFO  scraper.vendor:   NEW Wendover Curved Multirail 1600 x 500 Chrome | £222.0 | heating/towel-rails
2026-08-05 19:50:45,940 INFO  scraper.vendor:   NEW Wendover Straight Muiltrail 800 x 500 Chrome | £128.0 | heating/towel-rails
2026-08-05 19:50:47,983 INFO  scraper.vendor:   NEW Type 22 Compact Panel Radiator 500 x 800 Gloss White | £448.84 | heating/radiators
2026-08-05 19:50:49,761 INFO  scraper.vendor:   NEW Type 22 Compact Panel Radiator 600 x 1200 Gloss White | £774.84 | heating/radiators
2026-08-05 19:50:51,867 INFO  scraper.vendor:   NEW Type 22 Compact Panel Radiator 600 x 1000 Gloss White | £645.69 | heating/radiators
2026-08-05 19:50:54,122 INFO  scraper.vendor:   NEW Type 22 Compact Panel Radiator 600 x 800 Gloss White | £516.56 | heating/radiators
2026-08-05 19:50:55,921 INFO  scraper.vendor:   NEW Type 22 Compact Panel Radiator 600 x 1200 Matt Black | £852.33 | heating/radiators
2026-08-05 19:50:58,002 INFO  scraper.vendor:   NEW Type 22 Compact Panel Radiator 600 x 700 Gloss White | £451.97 | heating/radiators
2026-08-05 19:51:00,082 INFO  scraper.vendor:   NEW Type 11 Compact Panel Radiator 400 x 2000 Gloss White | £474.89 | heating/radiators
2026-08-05 19:51:02,350 INFO  scraper.vendor:   NEW Type 11 Compact Panel Radiator 600 x 1100 Gloss White | £367.68 | heating/radiators
2026-08-05 19:51:04,501 INFO  scraper.vendor:   NEW Type 11 Compact Panel Radiator 600 x 400 Matt Black | £147.08 | heating/radiators
2026-08-05 19:51:06,823 INFO  scraper.vendor:   NEW Wingrave Curved Multirail 1200 x 600 Gloss White | £103.0 | heating/towel-rails
2026-08-05 19:51:09,486 INFO  scraper.vendor:   NEW Wingrave 1000 x 500 Straight Multirail Matt Black | £90.0 | heating/towel-rails
2026-08-05 19:51:12,069 INFO  scraper.vendor:   NEW Wingrave 1800 x 300 Straight Multirail Matt White | £112.0 | heating/towel-rails
2026-08-05 19:51:14,241 INFO  scraper.vendor:   NEW Wingrave 1000 x 600 Straight Multirail Chrome | £146.0 | heating/towel-rails
2026-08-05 19:51:16,584 INFO  scraper.vendor:   NEW Wingrave 1400 x 400 Straight Multirail Gloss White | £102.0 | heating/towel-rails
2026-08-05 19:51:18,992 INFO  scraper.vendor:   NEW Wingrave 1200 x 600 Straight Multirail Gloss White | £100.0 | heating/towel-rails
2026-08-05 19:51:21,168 INFO  scraper.vendor:   NEW Wingrave 1600 x 500 Straight Multirail Chrome | £203.0 | heating/towel-rails
2026-08-05 19:51:23,512 INFO  scraper.vendor:   NEW Wingrave 800 x 500 Straight Multirail Matt White | £80.0 | heating/towel-rails
2026-08-05 19:51:25,656 INFO  scraper.vendor:   NEW Wingrave 1600 x 400 Straight Multirail Gloss White | £107.0 | heating/towel-rails
2026-08-05 19:51:28,274 INFO  scraper.vendor:   NEW Wingrave 800 x 400 Straight Multirail Matt White | £74.0 | heating/towel-rails
2026-08-05 19:51:30,574 INFO  scraper.vendor:   NEW Vantage 2000 8mm Easy Clean 2000mm x 800mm Walk-In Shower Pa | £298.0 | showering/shower-enclosures
2026-08-05 19:51:32,602 INFO  scraper.vendor:   NEW Vantage 2000 8mm Easy Clean 2000mm x 300mm Walk-In Shower Pa | £162.0 | showering/shower-enclosures
2026-08-05 19:51:34,769 INFO  scraper.vendor:   NEW Wingrave 1200 x 500 Straight Multirail Matt Anthracite | £101.0 | heating/towel-rails
2026-08-05 19:51:37,288 INFO  scraper.vendor:   NEW Vantage 2000 6mm Easy Clean 1200x900mm Offset Quadrant Showe | £653.0 | showering/shower-enclosures
2026-08-05 19:51:39,566 INFO  scraper.vendor:   NEW Vantage 2000 6mm Easy Clean 1000x760mm Offset Quadrant Showe | £516.0 | showering/shower-enclosures
2026-08-05 19:51:41,696 INFO  scraper.vendor:   NEW Portland Double Ended (DE) 1700 x 700 x 440mm Beauforte Bath | £613.0 | baths/double-ended
2026-08-05 19:51:43,378 INFO  scraper.vendor:   NEW Portland 1600 x 850 x 440mm Right Hand (RH) L-Shaped 5mm Sho | £534.0 | baths/shower-bath
2026-08-05 19:51:45,376 INFO  scraper.vendor:   NEW Portland 1700 x 700 x 350 Twin Grip(TG) Low Level Eco 5mm Ba | £351.0 | baths/single-ended
2026-08-05 19:51:47,207 INFO  scraper.vendor:   NEW Vantage 2000 6mm Easy Clean 2000mm x 1000mm Bi-Fold Shower D | £504.0 | showering/shower-enclosures
2026-08-05 19:51:49,273 INFO  scraper.vendor:   NEW Portland Single Ended (SE) Twin Grip (TG) 1700 x 750 x 440mm | £726.0 | baths/single-ended
2026-08-05 19:51:51,422 INFO  scraper.vendor:   NEW Portland Single Ended (SE) 1700 x 700 x 440mm Beauforte Bath | £587.0 | baths/single-ended
2026-08-05 19:51:53,440 INFO  scraper.vendor:   NEW Portland Double Ended (DE) 1700 x 750 x 440mm 5mm Bath - Whi | £414.0 | baths/double-ended
2026-08-05 19:51:55,443 INFO  scraper.vendor:   NEW Portland Double Ended (DE) 1900 x 900 x 440mm 5mm Bath - Whi | £662.0 | baths/double-ended
2026-08-05 19:51:57,301 INFO  scraper.vendor:   NEW Portland Single Ended (SE) Twin Grip (TG) 1700 x 700 x 440mm | £326.0 | baths/single-ended
2026-08-05 19:51:59,219 INFO  scraper.vendor:   NEW Portland Single Ended (SE) 1600 x 700 x 440mm 5mm Bath - Whi | £320.0 | baths/single-ended
2026-08-05 19:52:01,186 INFO  scraper.vendor:   NEW Portland Single Ended (SE) 1700 x 700 x 440mm 5mm Bath - Whi | £320.0 | baths/single-ended
2026-08-05 19:52:03,202 INFO  scraper.vendor:   NEW Portland Single Ended (SE) 1700 x 800 x 440mm 5mm Bath - Whi | £436.0 | baths/single-ended
2026-08-05 19:52:05,174 INFO  scraper.vendor:   NEW Portland Single Ended (SE) 1700 x 900 x 440mm 5mm Bath - Whi | £485.0 | baths/single-ended
2026-08-05 19:52:07,141 INFO  scraper.vendor:   NEW Portland Single Ended (SE) 1800 x 800 x 440mm 5mm Bath - Whi | £470.0 | baths/single-ended
2026-08-05 19:52:09,260 INFO  scraper.vendor:   NEW Type 21 Compact Panel Radiator 600 x 1600 Matt Black | £876.61 | heating/radiators
2026-08-05 19:52:11,585 INFO  scraper.vendor:   NEW Wingrave 1800 x 600 Straight Multirail Gloss White | £138.0 | heating/towel-rails
2026-08-05 19:52:13,742 INFO  scraper.vendor:   NEW Imperia 2 Column Radiator 600 x 830mm Gloss White | £310.0 | heating/radiators
2026-08-05 19:52:15,974 INFO  scraper.vendor:   NEW Imperia 2 Column Radiator 1800 x 380mm Gloss White | £296.0 | heating/radiators
2026-08-05 19:52:17,824 INFO  scraper.vendor:   NEW Portland Single Ended (SE) Twin Grip (TG) 1650 x 700 x 440mm | £326.0 | baths/single-ended
2026-08-05 19:52:19,660 INFO  scraper.vendor:   NEW Rockall Single Ended (SE) 1700 x 700 x 440mm 5mm Bath - Whit | £320.0 | baths/single-ended
2026-08-05 19:52:21,807 INFO  scraper.vendor:   NEW Wingrave 1400 x 400 Straight Multirail Chrome | £178.0 | heating/towel-rails
2026-08-05 19:52:23,804 INFO  scraper.vendor:   NEW Type 22 Compact Panel Radiator 600 x 1800 Gloss White | £1162.27 | heating/radiators
2026-08-05 19:52:25,659 INFO  scraper.vendor:   NEW Vantage 2000 8mm Easy Clean 2000mm x 700mm Framed Walk-In Sh | £293.0 | showering/shower-enclosures
2026-08-05 19:52:27,994 INFO  scraper.vendor:   NEW Wingrave 600 x 400 Straight Multirail Chrome | £96.0 | heating/towel-rails
2026-08-05 19:52:30,363 INFO  scraper.vendor:   NEW Wingrave 800 x 400 Straight Multirail Chrome | £101.0 | heating/towel-rails
2026-08-05 19:52:32,147 INFO  scraper.vendor:   NEW Vantage Plan C 1700mm x 700mm Rectangular Shower Tray - Whit | £319.0 | showering/shower-trays
2026-08-05 19:52:34,596 INFO  scraper.vendor:   NEW Biava Dry Element Towel Rail 700x500mm Chrome | £202.0 | heating/towel-rails
2026-08-05 19:52:36,668 INFO  scraper.vendor:   NEW Biscay Double Ended (DE) 1700 x 700 x 440mm 5mm Bath - White | £369.0 | baths/double-ended
2026-08-05 19:52:38,713 INFO  scraper.vendor:   NEW Rockall Single Ended (SE) 1400 x 700 x 440mm 5mm Bath - Whit | £320.0 | baths/single-ended
2026-08-05 19:52:41,038 INFO  scraper.vendor:   NEW Malin Single Ended (SE) 1800 x 700 x 440mm 5mm Bath - White | £467.0 | baths/single-ended
2026-08-05 19:52:42,878 INFO  scraper.vendor:   NEW Rockall Single Ended (SE) 1900 x 900 x 440mm 5mm Bath - Whit | £637.0 | baths/single-ended
2026-08-05 19:52:44,778 INFO  scraper.vendor:   NEW Malin Double Ended (DE) 1750 x 750 x 440mm 5mm Bath - White | £548.0 | baths/double-ended
2026-08-05 19:52:46,797 INFO  scraper.vendor:   NEW Shannon 1500 x 850 x 400mm Right Hand (RH) L-Shaped 4mm Show | £442.0 | baths/shower-bath
2026-08-05 19:52:49,518 INFO  scraper.vendor:   NEW Staverton Tube on Tube 600 x 1000 Chrome | £587.0 | heating/towel-rails
2026-08-05 19:52:51,719 INFO  scraper.vendor:   NEW Wendover Straight Multirail 1800 x 600 Matt Anthracite | £150.0 | heating/towel-rails
2026-08-05 19:52:54,341 INFO  scraper.vendor:   NEW Imperia 3 Column Radiator 600 x 1145mm Gloss White | £490.0 | heating/radiators
2026-08-05 19:52:56,680 INFO  scraper.vendor:   NEW Wendover Straight Multirail 1200 x 600 Matt Anthracite | £107.0 | heating/towel-rails
2026-08-05 19:52:58,884 INFO  scraper.vendor:   NEW Wendover Straight Multirail 1200 x 500 Matt Anthracite | £100.0 | heating/towel-rails
2026-08-05 19:53:01,026 INFO  scraper.vendor:   NEW Wendover Straight Multirail 600 x 600 Matt Anthracite | £73.0 | heating/towel-rails
2026-08-05 19:53:03,103 INFO  scraper.vendor:   NEW Wendover Straight Multirail 1600 x 400 Chrome | £195.0 | heating/towel-rails
2026-08-05 19:53:05,514 INFO  scraper.vendor:   NEW Wendover Straight Multirail 1200 x 400 Chrome | £156.0 | heating/towel-rails
2026-08-05 19:53:07,800 INFO  scraper.vendor:   NEW Wendover Straight Multirail 600 x 500 Chrome | £107.0 | heating/towel-rails
2026-08-05 19:53:09,917 INFO  scraper.vendor:   NEW Wendover Straight Multirail 1000 x 400 Chrome | £136.0 | heating/towel-rails
2026-08-05 19:53:12,190 INFO  scraper.vendor:   NEW Wendover Straight Multirail 800 x 600 Chrome | £136.0 | heating/towel-rails
2026-08-05 19:53:14,396 INFO  scraper.vendor:   NEW Wendover Straight Multirail 800 x 500 Gloss White | £74.0 | heating/towel-rails
2026-08-05 19:53:17,024 INFO  scraper.vendor:   NEW Type 21 Compact Panel Radiator 600 x 1100 Gloss White | £547.9 | heating/radiators
2026-08-05 19:53:19,235 INFO  scraper.vendor:   NEW Type 11 Compact Panel Radiator 600 x 1200 Gloss White | £401.11 | heating/radiators
2026-08-05 19:53:21,389 INFO  scraper.vendor:   NEW Type 21 Compact Panel Radiator 400 x 500 Gloss White | £181.49 | heating/radiators
2026-08-05 19:53:23,586 INFO  scraper.vendor:   NEW Type 22 Compact Panel Radiator 600 x 500 Gloss White | £322.83 | heating/radiators
2026-08-05 19:53:25,591 INFO  scraper.vendor:   NEW Type 11 Compact Panel Radiator 600 x 1000 Gloss White | £334.26 | heating/radiators
2026-08-05 19:53:27,874 INFO  scraper.vendor:   NEW Type 11 Compact Panel Radiator 600 x 800 Gloss White | £267.4 | heating/radiators
2026-08-05 19:53:30,021 INFO  scraper.vendor:   NEW Type 21 Compact Panel Radiator 600 x 1600 Gloss White | £796.93 | heating/radiators
2026-08-05 19:53:32,268 INFO  scraper.vendor:   NEW Tunstall V Towel Hanger 630mm Chrome | £90.0 | accessories
2026-08-05 19:53:34,627 INFO  scraper.vendor:   NEW Wingrave 600 x 1000 Straight Multirail Matt Anthracite | £125.0 | heating/towel-rails
2026-08-05 19:53:37,195 INFO  scraper.vendor:   NEW Wingrave 800 x 400 Straight Multirail Matt Black | £74.0 | heating/towel-rails
2026-08-05 19:53:39,531 INFO  scraper.vendor:   NEW Wingrave 1400 x 500 Straight Multirail Gloss White | £110.0 | heating/towel-rails
2026-08-05 19:53:42,568 INFO  scraper.vendor:   NEW Wingrave 800 x 600 Straight Multirail Chrome | £126.0 | heating/towel-rails
2026-08-05 19:53:44,461 INFO  scraper.vendor:   NEW Wingrave 1400 x 500 Straight Multirail Matt Anthracite | £118.0 | heating/towel-rails
2026-08-05 19:53:46,778 INFO  scraper.vendor:   NEW Wingrave 1400 x 600 Straight Multirail Chrome | £208.0 | heating/towel-rails
2026-08-05 19:53:48,985 INFO  scraper.vendor:   NEW Wingrave 1000 x 500 Straight Multirail Chrome | £135.0 | heating/towel-rails
2026-08-05 19:53:51,456 INFO  scraper.vendor:   NEW Wingrave 1200 x 600 Straight Multirail Matt Black | £109.0 | heating/towel-rails
2026-08-05 19:53:53,592 INFO  scraper.vendor:   NEW Vantage 2000 8mm Easy Clean 2000mm x 1600mm Walk-In Panel -  | £535.0 | showering/shower-enclosures
2026-08-05 19:53:55,396 INFO  scraper.vendor:   NEW Vantage 2000 6mm Easy Clean 2000mm x 1000mm Pivot Shower Doo | £425.0 | showering/shower-enclosures
2026-08-05 19:53:57,099 INFO  scraper.vendor:   NEW Vantage 2000 6mm Easy Clean 2000mm x 800mm Pivot Shower Door | £381.0 | showering/shower-enclosures
2026-08-05 19:53:59,037 INFO  scraper.vendor:   NEW Vantage 2000 6mm Easy Clean 1000x760mm Offset Quadrant Showe | £577.0 | showering/shower-enclosures
2026-08-05 19:54:01,221 INFO  scraper.vendor:   NEW Portland Single Ended (SE) Twin Grip (TG) 1700 x 700 x 440mm | £594.0 | baths/single-ended
2026-08-05 19:54:03,274 INFO  scraper.vendor:   NEW Portland Single Ended (SE) 1700 x 750 x 440mm 5mm Bath - Whi | £394.0 | baths/single-ended
2026-08-05 19:54:04,824 INFO  scraper.vendor:   NEW Portland Single Ended (SE) 1800 x 725 x 440mm 5mm Bath - Whi | £425.0 | baths/single-ended
2026-08-05 19:54:06,988 INFO  scraper.vendor:   NEW Vantage Plan C 1500mm x 800mm Rectangular Shower Tray - Whit | £310.0 | showering/shower-trays
2026-08-05 19:54:09,025 INFO  scraper.vendor:   NEW Tunstall V Towel Hanger 420mm Chrome | £79.0 | accessories
2026-08-05 19:54:11,221 INFO  scraper.vendor:   NEW Wingrave 1600 x 500 Straight Multirail Matt Anthracite | £128.0 | heating/towel-rails
2026-08-05 19:54:13,316 INFO  scraper.vendor:   NEW Shannon 1500 x 850 x 400mm Right Hand (RH) L-Shaped Beaufort | £778.0 | baths/shower-bath
2026-08-05 19:54:15,367 INFO  scraper.vendor:   NEW Type 22 Compact Panel Radiator 600 x 900 Gloss White | £581.12 | heating/radiators
2026-08-05 19:54:17,305 INFO  scraper.vendor:   NEW Biava Dry Element Towel Rail 1100x600mm Chrome | £305.0 | heating/towel-rails
2026-08-05 19:54:19,456 INFO  scraper.vendor:   NEW Rockall Single Ended (SE) Twin Grip (TG) 1400 x 700 x 440mm  | £327.0 | baths/single-ended
2026-08-05 19:54:21,703 INFO  scraper.vendor:   NEW Biscay Double Ended (DE) 1600 x 725 x 440mm 5mm Bath - White | £393.0 | baths/double-ended
2026-08-05 19:54:23,577 INFO  scraper.vendor:   NEW Malin Double Ended (DE) 1700 x 750 x 440mm 5mm Bath - White | £439.0 | baths/double-ended
2026-08-05 19:54:25,296 INFO  scraper.vendor:   NEW Windrush 950 x 500 Chrome | £323.0 | heating/towel-rails
2026-08-05 19:54:27,410 INFO  scraper.vendor:   NEW Straight Biava Multirail 1118 x 600 Gloss White | £138.0 | heating/towel-rails
2026-08-05 19:54:29,736 INFO  scraper.vendor:   NEW Wendover Straight Multirail 1600 x 600 Gloss White | £128.0 | heating/towel-rails
2026-08-05 19:54:31,723 INFO  scraper.vendor:   NEW Wendover Straight Multirail 800 x 300 Chrome | £112.0 | heating/towel-rails
2026-08-05 19:54:34,122 INFO  scraper.vendor:   NEW Wendover Curved Multirail 1800 x 600 Chrome | £266.0 | heating/towel-rails
2026-08-05 19:54:36,528 INFO  scraper.vendor:   NEW Wendover Straight Multirail 600 x 400 Chrome | £100.0 | heating/towel-rails
2026-08-05 19:54:38,906 INFO  scraper.vendor:   NEW Type 22 Compact Panel Radiator 600 x 600 Matt Anthracite | £426.18 | heating/radiators
2026-08-05 19:54:41,325 INFO  scraper.vendor:   NEW Type 22 Compact Panel Radiator 500 x 1300 Gloss White | £729.33 | heating/radiators
2026-08-05 19:54:43,748 INFO  scraper.vendor:   NEW Type 11 Compact Panel Radiator 600 x 1200 Matt Anthracite | £441.22 | heating/radiators
2026-08-05 19:54:45,844 INFO  scraper.vendor:   NEW Wingrave 1200 x 300 Straight Multirail Chrome | £131.0 | heating/towel-rails
2026-08-05 19:54:48,012 INFO  scraper.vendor:   NEW Wingrave 1400 x 400 Straight Multirail Matt White | £109.0 | heating/towel-rails
2026-08-05 19:54:50,212 INFO  scraper.vendor:   NEW Wingrave 1800 x 600 Straight Multirail Matt White | £154.0 | heating/towel-rails
2026-08-05 19:54:52,375 INFO  scraper.vendor:   NEW Wingrave 1600 x 600 Straight Multirail Matt White | £135.0 | heating/towel-rails
2026-08-05 19:54:54,933 INFO  scraper.vendor:   NEW Wingrave 1800 x 400 Straight Multirail Gloss White | £121.0 | heating/towel-rails
2026-08-05 19:54:57,300 INFO  scraper.vendor:   NEW Vantage 2000 6mm Easy Clean 1000x800mm Offset Quadrant Showe | £519.0 | showering/shower-enclosures
2026-08-05 19:54:59,426 INFO  scraper.vendor:   NEW Vantage 2000 Easy Clean 2000mm x 1100mm Slider Shower Door - | £414.0 | showering/shower-enclosures
2026-08-05 19:55:01,517 INFO  scraper.vendor:   NEW Portland 1700 x 850 x 440mm Right Hand (RH) L-Shaped Beaufor | £883.0 | baths/shower-bath
2026-08-05 19:55:03,617 INFO  scraper.vendor:   NEW Portland 1600 x 850 x 440mm Left hand (LH) P-Shaped 5mm Show | £534.0 | baths/shower-bath
2026-08-05 19:55:05,855 INFO  scraper.vendor:   NEW Portland Single Ended (SE) 1500 x 700 x 440mm 5mm Bath - Whi | £320.0 | baths/single-ended
2026-08-05 19:55:07,492 INFO  scraper.vendor:   NEW Vantage Plan E 900mm x 900mm Quadrant Shower Tray - White | £155.0 | showering/shower-trays
2026-08-05 19:55:09,680 INFO  scraper.vendor:   NEW Vantage Plan B 1200mm x 800mm Rectangular Shower Tray - Whit | £213.0 | showering/shower-trays
2026-08-05 19:55:11,587 INFO  scraper.vendor:   NEW Vantage Plan C 1500mm x 900mm Rectangular Shower Tray - Whit | £315.0 | showering/shower-trays
2026-08-05 19:55:13,853 INFO  scraper.vendor:   NEW Rockall Single Ended (SE) 1650 x 700 x 440mm 5mm Bath - Whit | £320.0 | baths/single-ended
2026-08-05 19:55:16,245 INFO  scraper.vendor:   NEW Isbourne 940 x 600 Chrome / Gloss White | £476.0 | heating/towel-rails
2026-08-05 19:55:18,617 INFO  scraper.vendor:   NEW Imperia 3 Column Radiator 1800 x 380mm Matt Anthracite | £356.0 | heating/radiators
2026-08-05 19:55:20,957 INFO  scraper.vendor:   NEW Imperia 3 Column Radiator 600 x 830mm Matt Anthracite | £364.0 | heating/radiators
2026-08-05 19:55:23,243 INFO  scraper.vendor:   NEW Imperia 3 Column Radiator 1800 x 380mm Gloss White | £356.0 | heating/radiators
2026-08-05 19:55:25,611 INFO  scraper.vendor:   NEW Wendover Straight Multirail 600 x 1200 Chrome | £217.0 | heating/towel-rails
2026-08-05 19:55:27,586 INFO  scraper.vendor:   NEW Straight Biava Multirail 688 x 750 Chrome | £258.0 | heating/towel-rails
2026-08-05 19:55:30,175 INFO  scraper.vendor:   NEW Wendover Straight Multirail 1600 x 500 Chrome | £213.0 | heating/towel-rails
2026-08-05 19:55:32,476 INFO  scraper.vendor:   NEW Staverton 600x400 Gloss White | £125.0 | heating/towel-rails
2026-08-05 19:55:35,056 INFO  scraper.vendor:   NEW Wendover Straight Multirail 1200 x 750 Gloss White | £126.0 | heating/towel-rails
2026-08-05 19:55:37,321 INFO  scraper.vendor:   NEW Staverton Tube on Tube 600x600 Chrome | £476.0 | heating/towel-rails
2026-08-05 19:55:39,623 INFO  scraper.vendor:   NEW Wendover Straight Multirail 1200 x 500 Gloss White | £96.0 | heating/towel-rails
2026-08-05 19:55:42,066 INFO  scraper.vendor:   NEW Wendover Straight Multirail 1200 x 400 Gloss White | £90.0 | heating/towel-rails
2026-08-05 19:55:44,300 INFO  scraper.vendor:   NEW Biava Round 1800x400 Gloss White | £187.0 | heating/towel-rails
2026-08-05 19:55:46,340 INFO  scraper.vendor:   NEW Wendover Curved Multirail 1600 x 600 Chrome | £239.0 | heating/towel-rails
2026-08-05 19:55:48,486 INFO  scraper.vendor:   NEW Type 22 Compact Panel Radiator 600 x 400 Matt Black | £284.1 | heating/radiators
2026-08-05 19:55:50,796 INFO  scraper.vendor:   NEW Type 11 Compact Panel Radiator 600 x 1800 Matt Black | £661.85 | heating/radiators
2026-08-05 19:55:52,914 INFO  scraper.vendor:   NEW Type 22 Compact Panel Radiator 400 x 700 Gloss White | £328.3 | heating/radiators
2026-08-05 19:55:55,164 INFO  scraper.vendor:   NEW Wingrave 600 x 1200 Straight Multirail Gloss White | £137.0 | heating/towel-rails
2026-08-05 19:55:57,362 INFO  scraper.vendor:   NEW Wingrave 1200 x 600 Straight Multirail Matt White | £109.0 | heating/towel-rails
2026-08-05 19:55:59,857 INFO  scraper.vendor:   NEW Wingrave 1600 x 500 Straight Multirail Matt White | £128.0 | heating/towel-rails
2026-08-05 19:56:01,906 INFO  scraper.vendor:   NEW Wingrave 1200 x 500 Straight Multirail Matt White | £101.0 | heating/towel-rails
2026-08-05 19:56:04,165 INFO  scraper.vendor:   NEW Wingrave 1000 x 400 Straight Multirail Gloss White | £78.0 | heating/towel-rails
2026-08-05 19:56:06,696 INFO  scraper.vendor:   NEW Wingrave 1800 x 500 Straight Multirail Matt Anthracite | £153.0 | heating/towel-rails
2026-08-05 19:56:08,845 INFO  scraper.vendor:   NEW Vantage 2000 8mm Easy Clean 2000mm x 700mm Walk-In Shower Pa | £271.0 | showering/shower-enclosures
2026-08-05 19:56:11,024 INFO  scraper.vendor:   NEW Vantage 2000 6mm Easy Clean 1000x900mm Offset Quadrant Showe | £545.0 | showering/shower-enclosures
2026-08-05 19:56:12,792 INFO  scraper.vendor:   NEW Vantage 2000 8mm Easy Clean 2000mm x 900mm Framed Walk-In Sh | £352.0 | showering/shower-enclosures
2026-08-05 19:56:14,428 INFO  scraper.vendor:   NEW Vantage 2000 6mm Easy Clean 900x800mm Offset Quadrant Shower | £512.0 | showering/shower-enclosures
2026-08-05 19:56:16,315 INFO  scraper.vendor:   NEW Vantage 2000 8mm Easy Clean 2000mm x 300mm Framed Walk-In Sh | £172.0 | showering/shower-enclosures
2026-08-05 19:56:18,383 INFO  scraper.vendor:   NEW Portland Single Ended (SE) Twin Grip (TG) 1500 x 700 x 440mm | £326.0 | baths/single-ended
2026-08-05 19:56:20,061 INFO  scraper.vendor:   NEW Vantage Plan F Right Hand (RH) 1000mm x 900mm Offset Quadran | £212.0 | showering/shower-trays
2026-08-05 19:56:21,648 INFO  scraper.vendor:   NEW Vantage Plan B 1100mm x 800mm Rectangular Shower Tray - Whit | £215.0 | showering/shower-trays
2026-08-05 19:56:23,613 INFO  scraper.vendor:   NEW Vantage Plan B 1000mm x 800mm Rectangular Shower Tray - Whit | £184.0 | showering/shower-trays
2026-08-05 19:56:25,801 INFO  scraper.vendor:   NEW Vantage Plan A 900mm x 900mm Square Shower Tray - White | £177.0 | showering/shower-trays
2026-08-05 19:56:28,122 INFO  scraper.vendor:   NEW Shannon 1700 x 850 x 400mm Left hand (LH) L-Shaped 4mm Showe | £442.0 | baths/shower-bath
2026-08-05 19:56:29,859 INFO  scraper.vendor:   NEW Rockall Single Ended (SE) 1600 x 700 x 440mm 5mm Bath - Whit | £320.0 | baths/single-ended
2026-08-05 19:56:31,928 INFO  scraper.vendor:   NEW Rockall Single Ended (SE) 1675 x 700 x 440mm 5mm Bath - Whit | £320.0 | baths/single-ended
2026-08-05 19:56:34,422 INFO  scraper.vendor:   NEW Imperia 3 Column Radiator 600 x 830mm Gloss White | £364.0 | heating/radiators
2026-08-05 19:56:36,971 INFO  scraper.vendor:   NEW Imperia 2 Column Radiator 1800 x 470mm Matt Anthracite | £356.0 | heating/radiators
2026-08-05 19:56:39,360 INFO  scraper.vendor:   NEW Wendover Straight Multirail 1800 x 300 Gloss White | £116.0 | heating/towel-rails
2026-08-05 19:56:41,429 INFO  scraper.vendor:   NEW Wendover Straight Multirail 1600 x 300 Gloss White | £102.0 | heating/towel-rails
2026-08-05 19:56:43,576 INFO  scraper.vendor:   NEW Wendover Straight Multirail 1800 x 400 Chrome | £217.0 | heating/towel-rails
2026-08-05 19:56:46,165 INFO  scraper.vendor:   NEW Wendover Curved Multirail 1200 x 400 Chrome | £158.0 | heating/towel-rails
2026-08-05 19:56:48,684 INFO  scraper.vendor:   NEW Wendover Curved Multirail 1000 x 600 Gloss White | £91.0 | heating/towel-rails
2026-08-05 19:56:50,801 INFO  scraper.vendor:   NEW Wendover Straight Multirail 1200 x 300 Chrome | £153.0 | heating/towel-rails
2026-08-05 19:56:53,020 INFO  scraper.vendor:   NEW Wendover Curved Multirail 1000 x 600 Chrome | £158.0 | heating/towel-rails
2026-08-05 19:56:55,059 INFO  scraper.vendor:   NEW Wendover Curved Multirail 1000 x 500 Chrome | £150.0 | heating/towel-rails
2026-08-05 19:56:57,408 INFO  scraper.vendor:   NEW Wendover Straight Multirail 600 x 600 Chrome | £116.0 | heating/towel-rails
2026-08-05 19:56:59,360 INFO  scraper.vendor:   NEW Wendover Curved Multirail 600 x 400 Chrome | £101.0 | heating/towel-rails
2026-08-05 19:57:01,629 INFO  scraper.vendor:   NEW Wendover Straight Multirail 1000 x 600 Chrome | £156.0 | heating/towel-rails
2026-08-05 19:57:03,743 INFO  scraper.vendor:   NEW Wendover Curved Multirail 1800 x 500 Chrome | £247.0 | heating/towel-rails
2026-08-05 19:57:06,166 INFO  scraper.vendor:   NEW Wendover Straight Multirail 1000 x 500 Gloss White | £84.0 | heating/towel-rails
2026-08-05 19:57:08,414 INFO  scraper.vendor:   NEW Wendover Curved Multirail 1200 x 750 Chrome | £234.0 | heating/towel-rails
2026-08-05 19:57:10,377 INFO  scraper.vendor:   NEW Wendover Straight Multirail 1000 x 750 Chrome | £191.0 | heating/towel-rails
2026-08-05 19:57:13,093 INFO  scraper.vendor:   NEW Wendover Curved Multirail 1000 x 750 Chrome | £195.0 | heating/towel-rails
2026-08-05 19:57:15,275 INFO  scraper.vendor:   NEW Wendover Straight Multirail 1800 x 600 Gloss White | £141.0 | heating/towel-rails
2026-08-05 19:57:17,547 INFO  scraper.vendor:   NEW Type 22 Compact Panel Radiator 600 x 1400 Gloss White | £903.97 | heating/radiators
2026-08-05 19:57:19,263 INFO  scraper.vendor:   NEW Type 21 Compact Panel Radiator 600 x 1000 Gloss White | £498.09 | heating/radiators
2026-08-05 19:57:21,592 INFO  scraper.vendor:   NEW Type 22 Compact Panel Radiator 600 x 600 Gloss White | £387.44 | heating/radiators
2026-08-05 19:57:23,623 INFO  scraper.vendor:   NEW Wingrave 600 x 400 Straight Multirail Matt White | £63.0 | heating/towel-rails
2026-08-05 19:57:25,903 INFO  scraper.vendor:   NEW Wingrave 1200 x 400 Straight Multirail Matt Black | £97.0 | heating/towel-rails
2026-08-05 19:57:28,788 INFO  scraper.vendor:   NEW Wingrave 1400 x 500 Straight Multirail Chrome | £193.0 | heating/towel-rails
2026-08-05 19:57:31,234 INFO  scraper.vendor:   NEW Wingrave 1600 x 500 Straight Multirail Gloss White | £118.0 | heating/towel-rails
2026-08-05 19:57:33,248 INFO  scraper.vendor:   NEW Wingrave 800 x 500 Straight Multirail Chrome | £116.0 | heating/towel-rails
2026-08-05 19:57:35,372 INFO  scraper.vendor:   NEW Wingrave 1600 x 400 Straight Multirail Chrome | £185.0 | heating/towel-rails
2026-08-05 19:57:37,643 INFO  scraper.vendor:   NEW Wingrave 1600 x 600 Straight Multirail Matt Anthracite | £135.0 | heating/towel-rails
2026-08-05 19:57:39,610 INFO  scraper.vendor:   NEW Vantage 2000 6mm Easy Clean 2000mm x 800mm Bi-Fold Shower Do | £450.0 | showering/shower-enclosures
2026-08-05 19:57:41,617 INFO  scraper.vendor:   NEW Portland Double Ended (DE) 1700 x 700 x 440mm 5mm Bath - Whi | £338.0 | baths/double-ended
2026-08-05 19:57:43,523 INFO  scraper.vendor:   NEW Portland 1500 x 850 x 440mm Right Hand (RH) L-Shaped Beaufor | £883.0 | baths/shower-bath
2026-08-05 19:57:45,693 INFO  scraper.vendor:   NEW Portland Single Ended (SE) 1600 x 800 x 440mm 5mm Bath - Whi | £436.0 | baths/single-ended
2026-08-05 19:57:48,081 INFO  scraper.vendor:   NEW Wingrave 1000 x 600 Straight Multirail Matt White | £97.0 | heating/towel-rails
2026-08-05 19:57:50,299 INFO  scraper.vendor:   NEW Imperia 2 Column Radiator 1800 x 380mm Matt Anthracite | £296.0 | heating/radiators
2026-08-05 19:57:52,275 INFO  scraper.vendor:   NEW Portland 1700 x 850 x 440mm Right Hand (RH) P-Shaped 5mm Sho | £534.0 | baths/shower-bath
2026-08-05 19:57:54,645 INFO  scraper.vendor:   NEW Wingrave 1200 x 500 Straight Multirail Matt Black | £101.0 | heating/towel-rails
2026-08-05 19:57:56,365 INFO  scraper.vendor:   NEW Vantage Plan F Right Hand (RH) 1000mm x 800mm Offset Quadran | £187.0 | showering/shower-trays
2026-08-05 19:57:58,313 INFO  scraper.vendor:   NEW Rockall Single Ended (SE) Twin Grip (TG) 1600 x 700 x 440mm  | £327.0 | baths/single-ended
2026-08-05 19:58:00,307 INFO  scraper.vendor:   NEW Rockall Single Ended (SE) Twin Grip (TG) 1675 x 700 x 440mm  | £596.0 | baths/single-ended
2026-08-05 19:58:02,269 INFO  scraper.vendor:   NEW Curved Biava Multirail 1118 x 450 Gloss White | £146.0 | heating/towel-rails
2026-08-05 19:58:04,463 INFO  scraper.vendor:   NEW Wendover Curved Multirail 1600 x 750 Gloss White | £158.0 | heating/towel-rails
2026-08-05 19:58:06,820 INFO  scraper.vendor:   NEW Straight Biava Multirail 1118 x 450 Chrome | £259.0 | heating/towel-rails
2026-08-05 19:58:08,816 INFO  scraper.vendor:   NEW Biava Square 1200x600 Chrome | £555.0 | heating/towel-rails
2026-08-05 19:58:11,204 INFO  scraper.vendor:   NEW Wendover Straight Multirail 600 x 500 Gloss White | £65.0 | heating/towel-rails
2026-08-05 19:58:13,622 INFO  scraper.vendor:   NEW Wendover Curved Multirail 800 x 600 Chrome | £139.0 | heating/towel-rails
2026-08-05 19:58:15,957 INFO  scraper.vendor:   NEW Wendover Curved Multirail 1600 x 600 Gloss White | £131.0 | heating/towel-rails
2026-08-05 19:58:18,133 INFO  scraper.vendor:   NEW Wendover Straight Multirail 1800 x 400 Gloss White | £124.0 | heating/towel-rails
2026-08-05 19:58:20,764 INFO  scraper.vendor:   NEW Type 21 Compact Panel Radiator 600 x 600 Gloss White | £298.86 | heating/radiators
2026-08-05 19:58:23,039 INFO  scraper.vendor:   NEW Type 21 Compact Panel Radiator 600 x 600 Matt Black | £328.74 | heating/radiators
2026-08-05 19:58:25,027 INFO  scraper.vendor:   NEW Biscay Single Ended (SE) 1800 x 800 x 440mm 5mm Bath - White | £507.0 | baths/single-ended
2026-08-05 19:58:27,377 INFO  scraper.vendor:   NEW Wingrave 600 x 400 Straight Multirail Matt Anthracite | £63.0 | heating/towel-rails
2026-08-05 19:58:29,902 INFO  scraper.vendor:   NEW Wingrave 1600 x 600 Straight Multirail Matt Black | £135.0 | heating/towel-rails
2026-08-05 19:58:32,338 INFO  scraper.vendor:   NEW Wingrave 1000 x 500 Straight Multirail Gloss White | £84.0 | heating/towel-rails
2026-08-05 19:58:34,827 INFO  scraper.vendor:   NEW Wingrave 1200 x 400 Straight Multirail Chrome | £139.0 | heating/towel-rails
2026-08-05 19:58:36,578 INFO  scraper.vendor:   NEW Vantage 2000 8mm Easy Clean 2000mm x 1000mm Walk-In Shower P | £362.0 | showering/shower-enclosures
2026-08-05 19:58:38,867 INFO  scraper.vendor:   NEW Vantage 2000 6mm Easy Clean 1100x800mm Offset Quadrant Showe | £659.0 | showering/shower-enclosures
2026-08-05 19:58:41,272 INFO  scraper.vendor:   NEW Imperia 2 Column Radiator 600 x 830mm Matt Anthracite | £310.0 | heating/radiators
2026-08-05 19:58:43,222 INFO  scraper.vendor:   NEW Portland Single Ended (SE) 1750 x 750 x 440mm 5mm Bath - Whi | £540.0 | baths/single-ended
2026-08-05 19:58:45,234 INFO  scraper.vendor:   NEW Rockall Single Ended (SE) 1500 x 700 x 440mm 5mm Bath - Whit | £320.0 | baths/single-ended
2026-08-05 19:58:47,695 INFO  scraper.vendor:   NEW Wingrave 1800 x 300 Straight Multirail Gloss White | £107.0 | heating/towel-rails
2026-08-05 19:58:50,138 INFO  scraper.vendor:   NEW New Leonardo 600 x 400 Chrome | £286.0 | heating/towel-rails
2026-08-05 19:58:51,805 INFO  scraper.vendor:   NEW Vantage Plan C 1700mm x 760mm Rectangular Shower Tray - Whit | £326.0 | showering/shower-trays
2026-08-05 19:58:53,808 INFO  scraper.vendor:   NEW Vantage Plan F Right Hand (RH) 1200mm x 900mm Offset Quadran | £228.0 | showering/shower-trays
2026-08-05 19:58:55,752 INFO  scraper.vendor:   NEW Vantage Plan C 1600mm x 900mm Rectangular Shower Tray - Whit | £329.0 | showering/shower-trays
2026-08-05 19:58:57,886 INFO  scraper.vendor:   NEW Shannon 1700 x 850 x 400mm Left hand (LH) L-Shaped Beauforte | £778.0 | baths/shower-bath
2026-08-05 19:58:59,917 INFO  scraper.vendor:   NEW Rockall Single Ended (SE) Twin Grip (TG) 1700 x 700 x 440mm  | £327.0 | baths/single-ended
2026-08-05 19:59:02,085 INFO  scraper.vendor:   NEW Rockall Single Ended (SE) 1700 x 800 x 440mm 5mm Bath - Whit | £436.0 | baths/single-ended
2026-08-05 19:59:04,163 INFO  scraper.vendor:   NEW Malin Single Ended (SE) 1600 x 700 x 440mm 5mm Bath - White | £346.0 | baths/single-ended
2026-08-05 19:59:06,516 INFO  scraper.vendor:   NEW Imperia 3 Column Radiator 600 x 605mm Gloss White | £276.0 | heating/radiators
2026-08-05 19:59:08,692 INFO  scraper.vendor:   NEW Type 22 Compact Panel Radiator 300 x 2000 Gloss White | £738.5 | heating/radiators
2026-08-05 19:59:10,631 INFO  scraper.vendor:   NEW Square Magnetic Towel Hanger 600mm. Gloss White | £97.0 | accessories
2026-08-05 19:59:12,962 INFO  scraper.vendor:   NEW Wingrave 800 x 600 Straight Multirail Matt Black | £84.0 | heating/towel-rails
2026-08-05 19:59:15,112 INFO  scraper.vendor:   NEW Wingrave 800 x 500 Straight Multirail Matt Black | £80.0 | heating/towel-rails
2026-08-05 19:59:17,480 INFO  scraper.vendor:   NEW Wingrave 1400 x 300 Straight Multirail Chrome | £168.0 | heating/towel-rails
2026-08-05 19:59:20,091 INFO  scraper.vendor:   NEW Wingrave 1000 x 300 Straight Multirail Gloss White | £69.0 | heating/towel-rails
2026-08-05 19:59:21,936 INFO  scraper.vendor:   NEW Wingrave 1600 x 600 Straight Multirail Chrome | £219.0 | heating/towel-rails
2026-08-05 19:59:24,451 INFO  scraper.vendor:   NEW Wingrave 1200 x 600 Straight Multirail Chrome | £174.0 | heating/towel-rails
2026-08-05 19:59:26,513 INFO  scraper.vendor:   NEW Wingrave Curved Multirail 800 x 600 Chrome | £132.0 | heating/towel-rails
2026-08-05 19:59:28,945 INFO  scraper.vendor:   NEW Wingrave 800 x 400 Straight Multirail Matt Anthracite | £74.0 | heating/towel-rails
2026-08-05 19:59:31,049 INFO  scraper.vendor:   NEW Wingrave 1600 x 600 Straight Multirail Gloss White | £126.0 | heating/towel-rails
2026-08-05 19:59:33,109 INFO  scraper.vendor:   NEW Vantage 2000 6mm Easy Clean 2000mm x 900mm Bi-Fold Shower Do | £476.0 | showering/shower-enclosures
2026-08-05 19:59:35,137 INFO  scraper.vendor:   NEW Vantage 2000 6mm Easy Clean 2000mm x 700mm Pivot Shower Door | £359.0 | showering/shower-enclosures
2026-08-05 19:59:37,279 INFO  scraper.vendor:   NEW Vantage 2000 Easy Clean 2000mm x 1200mm Slider Shower Door - | £432.0 | showering/shower-enclosures
2026-08-05 19:59:39,135 INFO  scraper.vendor:   NEW Vantage Plan B 900mm x 800mm Rectangular Shower Tray - White | £177.0 | showering/shower-trays
2026-08-05 19:59:41,298 INFO  scraper.vendor:   NEW Isbourne 940 x 600 Chrome / Matt Black | £476.0 | heating/towel-rails
2026-08-05 19:59:43,592 INFO  scraper.vendor:   NEW Avon 960 x 500 Chrome / Gloss White | £408.0 | heating/towel-rails
2026-08-05 19:59:45,635 INFO  scraper.vendor:   NEW Imperia 3 Column Radiator 1800 x 470mm Gloss White | £428.0 | heating/radiators
2026-08-05 19:59:47,923 INFO  scraper.vendor:   NEW Biava Round 1200x600 Chrome | £284.0 | heating/towel-rails
2026-08-05 19:59:49,794 INFO  scraper.vendor:   NEW Type 22 Compact Panel Radiator 300 x 600 Gloss White | £221.55 | heating/radiators
2026-08-05 19:59:51,938 INFO  scraper.vendor:   NEW Type 21 Compact Panel Radiator 400 x 1400 Gloss White | £508.17 | heating/radiators
2026-08-05 19:59:54,617 INFO  scraper.vendor:   NEW Type 21 Compact Panel Radiator 600 x 900 Gloss White | £448.29 | heating/radiators
2026-08-05 19:59:57,119 INFO  scraper.vendor:   NEW Type 22 Compact Panel Radiator 600 x 1300 Gloss White | £818.74 | heating/radiators
2026-08-05 19:59:59,241 INFO  scraper.vendor:   NEW Type 21 Compact Panel Radiator 600 x 800 Gloss White | £398.45 | heating/radiators
2026-08-05 20:00:01,318 INFO  scraper.vendor:   NEW Type 21 Compact Panel Radiator 600 x 700 Gloss White | £348.66 | heating/radiators
2026-08-05 20:00:04,122 INFO  scraper.vendor:   NEW Type 21 Compact Panel Radiator 500 x 1200 Gloss White | £521.49 | heating/radiators
2026-08-05 20:00:06,281 INFO  scraper.vendor:   NEW Type 11 Compact Panel Radiator 400 x 1400 Gloss White | £332.42 | heating/radiators
2026-08-05 20:00:08,390 INFO  scraper.vendor:   NEW Type 11 Compact Panel Radiator 400 x 1200 Gloss White | £284.93 | heating/radiators
2026-08-05 20:00:10,610 INFO  scraper.vendor:   NEW Type 11 Compact Panel Radiator 600 x 600 Gloss White | £200.56 | heating/radiators
2026-08-05 20:00:12,865 INFO  scraper.vendor:   NEW Type 22 Compact Panel Radiator 500 x 1500 Gloss White | £841.55 | heating/radiators
2026-08-05 20:00:15,322 INFO  scraper.vendor:   NEW Type 11 Compact Panel Radiator 500 x 1800 Gloss White | £516.87 | heating/radiators
2026-08-05 20:00:18,009 INFO  scraper.vendor:   NEW Type 11 Compact Panel Radiator 300 x 2000 Gloss White | £368.12 | heating/radiators
2026-08-05 20:00:20,353 INFO  scraper.vendor:   NEW Type 21 Compact Panel Radiator 600 x 1400 Gloss White | £697.33 | heating/radiators
2026-08-05 20:00:22,789 INFO  scraper.vendor:   NEW Wingrave 600 x 1200 Straight Multirail Matt White | £137.0 | heating/towel-rails
2026-08-05 20:00:24,889 INFO  scraper.vendor:   NEW Wingrave 1800 x 500 Straight Multirail Gloss White | £137.0 | heating/towel-rails
2026-08-05 20:00:27,015 INFO  scraper.vendor:   NEW Wingrave 800 x 400 Straight Multirail Gloss White | £69.0 | heating/towel-rails
2026-08-05 20:00:28,889 INFO  scraper.vendor:   NEW Vantage 2000 6mm Easy Clean 2000mm x 760mm Pivot Shower Door | £373.0 | showering/shower-enclosures
2026-08-05 20:00:31,409 INFO  scraper.vendor:   NEW Portland 1700 x 850 x 440mm Right Hand (RH) L-Shaped 5mm Sho | £534.0 | baths/shower-bath
2026-08-05 20:00:33,650 INFO  scraper.vendor:   NEW Vantage Plan B 1200mm x 900mm Rectangular Shower Tray - Whit | £229.0 | showering/shower-trays
2026-08-05 20:00:36,369 INFO  scraper.vendor:   NEW Tuscan Multirail 1200 x 600 Gloss White | £90.0 | heating/towel-rails
2026-08-05 20:00:38,876 INFO  scraper.vendor:   NEW Wendover Straight Multirail 1600 x 750 Gloss White | £155.0 | heating/towel-rails
2026-08-05 20:00:40,876 INFO  scraper.vendor:   NEW Type 11 Compact Panel Radiator 300 x 600 Gloss White | £110.43 | heating/radiators
2026-08-05 20:00:43,350 INFO  scraper.vendor:   NEW Type 11 Compact Panel Radiator 600 x 400 Gloss White | £133.71 | heating/radiators
2026-08-05 20:00:45,658 INFO  scraper.vendor:   NEW Type 22 Compact Panel Radiator 300 x 1200 Gloss White | £443.08 | heating/radiators
2026-08-05 20:00:48,093 INFO  scraper.vendor:   NEW Wingrave 1000 x 500 Straight Multirail Matt Grey | £90.0 | heating/towel-rails
2026-08-05 20:00:50,994 INFO  scraper.vendor:   NEW Wingrave 1000 x 400 Straight Multirail Chrome | £121.0 | heating/towel-rails
2026-08-05 20:00:54,313 INFO  scraper.vendor:   NEW Wingrave 1200 x 600 Straight Multirail Matt Anthracite | £109.0 | heating/towel-rails
2026-08-05 20:00:57,706 INFO  scraper.vendor:   NEW Wingrave 800 x 600 Straight Multirail Matt Anthracite | £84.0 | heating/towel-rails
2026-08-05 20:01:00,736 INFO  scraper.vendor:   NEW Wingrave 1000 x 500 Straight Multirail Matt Anthracite | £90.0 | heating/towel-rails
2026-08-05 20:01:03,420 INFO  scraper.vendor:   NEW Vantage 2000 Easy Clean 2000mm x 1100mm Slider Shower Door - | £465.0 | showering/shower-enclosures
2026-08-05 20:01:05,885 INFO  scraper.vendor:   NEW Portland Single Ended (SE) 1700 x 800 x 440mm Beauforte Bath | £755.0 | baths/single-ended
2026-08-05 20:01:08,635 INFO  scraper.vendor:   NEW Type 22 Flat Panel Radiator 600 x 1400 Matt White | £587.0 | heating/radiators
2026-08-05 20:01:11,220 INFO  scraper.vendor:   NEW Type 11 Flat Panel Radiator 600 x 400 Gloss White | £139.0 | heating/radiators
2026-08-05 20:01:13,868 INFO  scraper.vendor:   NEW Type 22 Flat Panel Radiator 500 x 1600 Gloss White | £509.0 | heating/radiators
2026-08-05 20:01:16,791 INFO  scraper.vendor:   NEW Wingrave 800 x 300 Straight Multirail Chrome | £96.0 | heating/towel-rails
2026-08-05 20:01:18,898 INFO  scraper.vendor:   NEW Malin Double Ended (DE) 1800 x 700 x 440mm 5mm Bath - White | £485.0 | baths/double-ended
2026-08-05 20:01:21,968 INFO  scraper.vendor:   NEW Malin Single Ended (SE) 1700 x 750 x 440mm 5mm Bath - White | £420.0 | baths/single-ended
2026-08-05 20:01:24,981 INFO  scraper.vendor:   NEW Curved Biava Multirail 1118 x 600 Gloss White | £150.0 | heating/towel-rails
2026-08-05 20:01:27,436 INFO  scraper.vendor:   NEW Straight Biava Multirail 688 x 750 Gloss White | £119.0 | heating/towel-rails
2026-08-05 20:01:30,344 INFO  scraper.vendor:   NEW Curved Biava Multirail 1720 x 750 Chrome | £444.0 | heating/towel-rails
2026-08-05 20:01:33,098 INFO  scraper.vendor:   NEW Tube on Tube 1800x600 Chrome | £542.0 | heating/towel-rails
2026-08-05 20:01:35,742 INFO  scraper.vendor:   NEW Wendover Straight Multirail 600 x 300 Chrome | £92.0 | heating/towel-rails
2026-08-05 20:01:38,341 INFO  scraper.vendor:   NEW Wendover Straight Multirail 1800 x 500 Chrome | £240.0 | heating/towel-rails
2026-08-05 20:01:40,727 INFO  scraper.vendor:   NEW Type 21 Compact Panel Radiator 500 x 1000 Gloss White | £433.66 | heating/radiators
2026-08-05 20:01:43,055 INFO  scraper.vendor:   NEW Type 21 Compact Panel Radiator 500 x 500 Gloss White | £216.84 | heating/radiators
2026-08-05 20:01:45,659 INFO  scraper.vendor:   NEW Wingrave 600 x 300 Straight Multirail Gloss White | £60.0 | heating/towel-rails
2026-08-05 20:01:48,065 INFO  scraper.vendor:   NEW Wingrave 1800 x 400 Straight Multirail Chrome | £205.0 | heating/towel-rails
2026-08-05 20:01:50,033 INFO  scraper.vendor:   NEW Vantage 2000 6mm Easy Clean 1100x900mm Offset Quadrant Showe | £626.0 | showering/shower-enclosures
2026-08-05 20:01:52,558 INFO  scraper.vendor:   NEW Vantage 2000 6mm Easy Clean 900x760mm Offset Quadrant Shower | £509.0 | showering/shower-enclosures
2026-08-05 20:01:55,108 INFO  scraper.vendor:   NEW Portland 1600 x 850 x 440mm Left hand (LH) L-Shaped 5mm Show | £534.0 | baths/shower-bath
2026-08-05 20:01:57,361 INFO  scraper.vendor:   NEW Portland Single Ended (SE) Twin Grip (TG) 1650 x 700 x 440mm | £594.0 | baths/single-ended
2026-08-05 20:01:59,580 INFO  scraper.vendor:   NEW Portland Single Ended (SE) 1600 x 700 x 440mm Beauforte Bath | £587.0 | baths/single-ended
2026-08-05 20:02:01,948 INFO  scraper.vendor:   NEW Type 21 Compact Panel Radiator 600 x 500 Gloss White | £249.05 | heating/radiators
2026-08-05 20:02:04,553 INFO  scraper.vendor:   NEW Vantage Plan C 1600mm x 700mm Rectangular Shower Tray - Whit | £306.0 | showering/shower-trays
2026-08-05 20:02:06,747 INFO  scraper.vendor:   NEW Vantage Plan C 1400mm x 800mm Rectangular Shower Tray - Whit | £268.0 | showering/shower-trays
2026-08-05 20:02:09,791 INFO  scraper.vendor:   NEW Vantage Plan C 1400mm x 760mm Rectangular Shower Tray - Whit | £264.0 | showering/shower-trays
2026-08-05 20:02:11,727 INFO  scraper.vendor:   NEW Vantage Plan C 1200mm x 1000mm Rectangular Shower Tray - Whi | £249.0 | showering/shower-trays
2026-08-05 20:02:14,449 INFO  scraper.vendor:   NEW Imperia 3 Column Radiator 1800 x 470mm Matt Anthracite | £428.0 | heating/radiators
2026-08-05 20:02:17,016 INFO  scraper.vendor:   NEW Curved Biava Multirail 688 x 450 Chrome | £229.0 | heating/towel-rails
2026-08-05 20:02:19,859 INFO  scraper.vendor:   NEW Wendover Straight Multirail 1800 x 500 Matt Anthracite | £139.0 | heating/towel-rails
2026-08-05 20:02:22,526 INFO  scraper.vendor:   NEW New Leonardo 600 x 500 Chrome | £310.0 | heating/towel-rails
2026-08-05 20:02:25,704 INFO  scraper.vendor:   NEW Wendover Curved Multirail 600 x 750 Gloss White | £80.0 | heating/towel-rails
2026-08-05 20:02:29,343 INFO  scraper.vendor:   NEW Wendover Straight Multirail 1800 x 750 Chrome | £321.0 | heating/towel-rails
2026-08-05 20:02:33,436 INFO  scraper.vendor:   NEW Wendover Curved Multirail 800 x 750 Chrome | £174.0 | heating/towel-rails
2026-08-05 20:02:37,098 INFO  scraper.vendor:   NEW Type 22 Compact Panel Radiator 500 x 1600 Gloss White | £897.62 | heating/radiators
2026-08-05 20:02:40,075 INFO  scraper.vendor:   NEW Wingrave Curved Multirail 1000 x 600 Gloss White | £92.0 | heating/towel-rails
2026-08-05 20:02:43,598 INFO  scraper.vendor:   NEW Wingrave 600 x 600 Straight Multirail Matt Anthracite | £72.0 | heating/towel-rails
2026-08-05 20:02:46,748 INFO  scraper.vendor:   NEW Wingrave 800 x 600 Straight Multirail Matt White | £84.0 | heating/towel-rails
2026-08-05 20:02:49,655 INFO  scraper.vendor:   NEW Wingrave 1000 x 400 Straight Multirail Matt White | £84.0 | heating/towel-rails
2026-08-05 20:02:52,749 INFO  scraper.vendor:   NEW Wingrave 1800 x 600 Straight Multirail Chrome | £246.0 | heating/towel-rails
2026-08-05 20:02:55,774 INFO  scraper.vendor:   NEW Wingrave 1800 x 600 Straight Multirail Matt Anthracite | £154.0 | heating/towel-rails
2026-08-05 20:02:58,240 INFO  scraper.vendor:   NEW Vantage 2000 6mm Easy Clean 2000mm x 800mm Pivot Shower Door | £465.0 | showering/shower-enclosures
2026-08-05 20:03:00,656 INFO  scraper.vendor:   NEW Vantage 2000 Easy Clean 2000mm x 1650mm Slider Shower Door - | £509.0 | showering/shower-enclosures
2026-08-05 20:03:02,847 INFO  scraper.vendor:   NEW Portland Double Ended (DE) 1700 x 800 x 440mm 5mm Bath - Whi | £454.0 | baths/double-ended
2026-08-05 20:03:05,533 INFO  scraper.vendor:   NEW Wingrave 1600 x 500 Straight Multirail Matt Black | £128.0 | heating/towel-rails
2026-08-05 20:03:07,689 INFO  scraper.vendor:   NEW Vantage Plan B 1000mm x 900mm Rectangular Shower Tray - Whit | £199.0 | showering/shower-trays
2026-08-05 20:03:10,235 INFO  scraper.vendor:   NEW Vantage Plan C 1600mm x 760mm Rectangular Shower Tray - Whit | £309.0 | showering/shower-trays
2026-08-05 20:03:12,296 INFO  scraper.vendor:   NEW Rockall Single Ended (SE) Twin Grip (TG) 1500 x 700 x 440mm  | £327.0 | baths/single-ended
2026-08-05 20:03:14,600 INFO  scraper.vendor:   NEW Rockall Single Ended (SE) Twin Grip (TG) 1800 x 800 x 440mm  | £483.0 | baths/single-ended
2026-08-05 20:03:16,921 INFO  scraper.vendor:   NEW Malin Double Ended (DE) 1600 x 700 x 440mm 5mm Bath - White | £363.0 | baths/double-ended
2026-08-05 20:03:20,141 INFO  scraper.vendor:   NEW Straight Biava Multirail 688 x 450 Gloss White | £112.0 | heating/towel-rails
2026-08-05 20:03:22,743 INFO  scraper.vendor:   NEW Wendover Curved Multirail 1200 x 500 Gloss White | £98.0 | heating/towel-rails
2026-08-05 20:03:26,330 INFO  scraper.vendor:   NEW Wendover Curved Multirail 1200 x 500 Chrome | £177.0 | heating/towel-rails
2026-08-05 20:03:28,979 INFO  scraper.vendor:   NEW Wendover Curved Multirail 800 x 750 Gloss White | £97.0 | heating/towel-rails
2026-08-05 20:03:32,494 INFO  scraper.vendor:   NEW Wendover Straight Multirail 800 x 750 Gloss White | £96.0 | heating/towel-rails
2026-08-05 20:03:37,283 INFO  scraper.vendor:   NEW Wendover Curved Multirail 1800 x 500 Gloss White | £136.0 | heating/towel-rails
2026-08-05 20:03:39,843 INFO  scraper.vendor:   NEW Wendover Straight Multirail 800 x 400 Chrome | £119.0 | heating/towel-rails
2026-08-05 20:03:42,808 INFO  scraper.vendor:   NEW Multirail Straight Towel Hanger 600mm Chrome | £83.0 | heating/towel-rails
2026-08-05 20:03:45,278 INFO  scraper.vendor:   NEW Multirail Straight Towel Hanger 600mm Matt Anthracite | £60.0 | heating/towel-rails
2026-08-05 20:03:47,984 INFO  scraper.vendor:   NEW Multirail Straight Towel Hanger 400mm Matt Anthracite | £47.0 | heating/towel-rails
2026-08-05 20:03:51,131 INFO  scraper.vendor:   NEW Wingrave 600 x 600 Straight Multirail Matt White | £72.0 | heating/towel-rails
2026-08-05 20:03:53,805 INFO  scraper.vendor:   NEW Wingrave 800 x 300 Straight Multirail Gloss White | £61.0 | heating/towel-rails
2026-08-05 20:03:56,312 INFO  scraper.vendor:   NEW Wingrave 1000 x 600 Straight Multirail Gloss White | £89.0 | heating/towel-rails
2026-08-05 20:03:58,436 INFO  scraper.vendor:   NEW Vantage 2000 8mm Easy Clean 2000mm x 900mm Walk-In Shower Pa | £324.0 | showering/shower-enclosures
2026-08-05 20:04:00,723 INFO  scraper.vendor:   NEW Portland Single Ended (SE) 1800 x 800 x 440mm Beauforte Bath | £807.0 | baths/single-ended
2026-08-05 20:04:03,478 INFO  scraper.vendor:   NEW Portland 1700 x 850 x 440mm Left hand (LH) P-Shaped 5mm Show | £534.0 | baths/shower-bath
2026-08-05 20:04:05,857 INFO  scraper.vendor:   NEW Portland 1500 x 850 x 440mm Left hand (LH) L-Shaped 5mm Show | £534.0 | baths/shower-bath
2026-08-05 20:04:08,701 INFO  scraper.vendor:   NEW Portland Double Ended (DE) 1700 x 750 x 440mm 5mm Bath - Whi | £415.0 | baths/double-ended
2026-08-05 20:04:11,448 INFO  scraper.vendor:   NEW Biava Dry Element Towel Rail 700x500mm Matt Anthracite | £171.0 | heating/towel-rails
2026-08-05 20:04:13,805 INFO  scraper.vendor:   NEW Rockall Single Ended (SE) 1600 x 700 x 440mm Beauforte Bath  | £587.0 | baths/single-ended
2026-08-05 20:04:16,436 INFO  scraper.vendor:   NEW Rockall Single Ended (SE) 1700 x 800 x 440mm Beauforte Bath  | £755.0 | baths/single-ended
2026-08-05 20:04:18,621 INFO  scraper.vendor:   NEW Malin Double Ended (DE) 1700 x 750 x 440mm Beauforte Bath -  | £759.0 | baths/double-ended
2026-08-05 20:04:21,210 INFO  scraper.vendor:   NEW New Leonardo 1800 x 400 Chrome | £670.0 | heating/towel-rails
2026-08-05 20:04:23,693 INFO  scraper.vendor:   NEW Wendover Straight Multirail 800 x 300 Gloss White | £66.0 | heating/towel-rails
2026-08-05 20:04:26,354 INFO  scraper.vendor:   NEW Wendover Straight Multirail 1800 x 600 Chrome | £259.0 | heating/towel-rails
2026-08-05 20:04:28,615 INFO  scraper.vendor:   NEW Type 11 Compact Panel Radiator 500 x 800 Gloss White | £229.72 | heating/radiators
2026-08-05 20:04:31,632 INFO  scraper.vendor:   NEW Type 22 Compact Panel Radiator 400 x 1200 Gloss White | £562.79 | heating/radiators
2026-08-05 20:04:34,168 INFO  scraper.vendor:   NEW Type 22 Compact Panel Radiator 500 x 1800 Gloss White | £1009.83 | heating/radiators
2026-08-05 20:04:36,828 INFO  scraper.vendor:   NEW Type 11 Compact Panel Radiator 400 x 500 Gloss White | £118.74 | heating/radiators
2026-08-05 20:04:39,414 INFO  scraper.vendor:   NEW Type 11 Compact Panel Radiator 500 x 1200 Gloss White | £344.57 | heating/radiators
2026-08-05 20:04:41,748 INFO  scraper.vendor:   NEW Wingrave 600 x 500 Straight Multirail Matt Black | £69.0 | heating/towel-rails
2026-08-05 20:04:44,296 INFO  scraper.vendor:   NEW Vantage 2000 6mm Easy Clean 1400x800mm Offset Quadrant Showe | £744.0 | showering/shower-enclosures
2026-08-05 20:04:46,726 INFO  scraper.vendor:   NEW Portland Double Ended (DE) 1800 x 800 x 440mm 5mm Bath - Whi | £488.0 | baths/double-ended
2026-08-05 20:04:49,278 INFO  scraper.vendor:   NEW Wendover Straight Multirail 1000 x 600 Gloss White | £90.0 | heating/towel-rails
2026-08-05 20:04:51,667 INFO  scraper.vendor:   NEW Vantage Plan C 1400mm x 900mm Rectangular Shower Tray - Whit | £289.0 | showering/shower-trays
2026-08-05 20:04:53,882 INFO  scraper.vendor:   NEW Malin Single Ended (SE) 1600 x 700 x 440mm Beauforte Bath -  | £625.0 | baths/single-ended
2026-08-05 20:04:56,093 INFO  scraper.vendor:   NEW Rockall Single Ended (SE) Twin Grip (TG) 1650 x 700 x 440mm  | £327.0 | baths/single-ended
2026-08-05 20:04:58,166 INFO  scraper.vendor:   NEW Biscay 1700 x 750 x 440mm Right Hand (RH) Straight 5mm Showe | £442.0 | baths/shower-bath
2026-08-05 20:05:00,966 INFO  scraper.vendor:   NEW Straight Biava Multirail 1720 x 450 Chrome | £359.0 | heating/towel-rails
2026-08-05 20:05:03,649 INFO  scraper.vendor:   NEW Wendover Straight Multirail 600 x 400 Gloss White | £62.0 | heating/towel-rails
2026-08-05 20:05:06,297 INFO  scraper.vendor:   NEW Wendover Straight Multirail 1800 x 500 Gloss White | £131.0 | heating/towel-rails
2026-08-05 20:05:08,528 INFO  scraper.vendor:   NEW Type 21 Compact Panel Radiator 600 x 400 Gloss White | £199.24 | heating/radiators
2026-08-05 20:05:10,868 INFO  scraper.vendor:   NEW Type 11 Compact Panel Radiator 500 x 500 Gloss White | £143.58 | heating/radiators
2026-08-05 20:05:13,541 INFO  scraper.vendor:   NEW Type 22 Compact Panel Radiator 400 x 1400 Gloss White | £656.57 | heating/radiators
2026-08-05 20:05:16,400 INFO  scraper.vendor:   NEW Type 11 Compact Panel Radiator 300 x 400 Gloss White | £73.65 | heating/radiators
2026-08-05 20:05:18,798 INFO  scraper.vendor:   NEW Type 21 Compact Panel Radiator 600 x 600 Matt Anthracite | £328.74 | heating/radiators
2026-08-05 20:05:21,687 INFO  scraper.vendor:   NEW Type 11 Compact Panel Radiator 300 x 1000 Gloss White | £184.07 | heating/radiators
2026-08-05 20:05:25,084 INFO  scraper.vendor:   NEW Wingrave Curved Multirail 1800 x 500 Gloss White | £144.0 | heating/towel-rails
2026-08-05 20:05:27,611 INFO  scraper.vendor:   NEW Wingrave Curved Multirail 1600 x 600 Gloss White | £132.0 | heating/towel-rails
2026-08-05 20:05:30,259 INFO  scraper.vendor:   NEW Wingrave 1400 x 600 Straight Multirail Matt Grey | £126.0 | heating/towel-rails
2026-08-05 20:05:32,614 INFO  scraper.vendor:   NEW Wingrave 1200 x 300 Straight Multirail Matt White | £83.0 | heating/towel-rails
2026-08-05 20:05:35,329 INFO  scraper.vendor:   NEW Vantage 2000 6mm Easy Clean 2000mm x 900mm Bi-Fold Shower Do | £575.0 | showering/shower-enclosures
2026-08-05 20:05:37,333 INFO  scraper.vendor:   NEW Vantage 2000 8mm Easy Clean 2000mm x 800mm Walk-In Shower Pa | £298.0 | showering/shower-enclosures
2026-08-05 20:05:39,290 INFO  scraper.vendor:   NEW Portland Single Ended (SE) 1600 x 800 x 440mm Beauforte Bath | £755.0 | baths/single-ended
2026-08-05 20:05:42,229 INFO  scraper.vendor:   NEW Straight Biava Multirail 1118 x 750 Chrome | £306.0 | heating/towel-rails
2026-08-05 20:05:44,759 INFO  scraper.vendor:   NEW Type 22 Compact Panel Radiator 600 x 1600 Matt Black | £1136.44 | heating/radiators
2026-08-05 20:05:47,167 INFO  scraper.vendor:   NEW Type 21 Compact Panel Radiator 600 x 1000 Matt Black | £547.89 | heating/radiators
2026-08-05 20:05:49,870 INFO  scraper.vendor:   NEW Type 22 Compact Panel Radiator 600 x 800 Matt Black | £568.22 | heating/radiators
2026-08-05 20:05:52,414 INFO  scraper.vendor:   NEW Wingrave Curved Multirail 800 x 600 Gloss White | £83.0 | heating/towel-rails
2026-08-05 20:05:54,368 INFO  scraper.vendor:   NEW Vantage Plan C 1800mm x 800mm Rectangular Shower Tray - Whit | £363.0 | showering/shower-trays
2026-08-05 20:05:56,433 INFO  scraper.vendor:   NEW Kennet Dry Element Towel Rail 700 x 600 Chrome | £470.0 | heating/towel-rails
2026-08-05 20:05:58,806 INFO  scraper.vendor:   NEW Rockall Single Ended (SE) Twin Grip (TG) 1600 x 750 x 440mm  | £405.0 | baths/single-ended
2026-08-05 20:06:01,238 INFO  scraper.vendor:   NEW Rockall Single Ended (SE) Twin Grip (TG) 1700 x 750 x 440mm  | £709.0 | baths/single-ended
2026-08-05 20:06:03,808 INFO  scraper.vendor:   NEW Twyver 952 x 684 Chrome | £669.0 | heating/towel-rails
2026-08-05 20:06:06,083 INFO  scraper.vendor:   NEW Imperia 2 Column Radiator 600 x 605mm Gloss White | £236.0 | heating/radiators
2026-08-05 20:06:08,643 INFO  scraper.vendor:   NEW Thames 1444 x 630 Chrome | £725.0 | heating/towel-rails
2026-08-05 20:06:11,100 INFO  scraper.vendor:   NEW Curved Biava Multirail 688 x 450 Gloss White | £128.0 | heating/towel-rails
2026-08-05 20:06:13,454 INFO  scraper.vendor:   NEW Wendover Curved Multirail 1600 x 750 Chrome | £296.0 | heating/towel-rails
2026-08-05 20:06:15,581 INFO  scraper.vendor:   NEW Wendover Curved Multirail 800 x 500 Chrome | £130.0 | heating/towel-rails
2026-08-05 20:06:17,900 INFO  scraper.vendor:   NEW Type 21 Compact Panel Radiator 600 x 1200 Gloss White | £597.7 | heating/radiators
2026-08-05 20:06:20,122 INFO  scraper.vendor:   NEW Type 21 Compact Panel Radiator 600 x 400 Matt Black | £219.16 | heating/radiators
2026-08-05 20:06:22,377 INFO  scraper.vendor:   NEW Multirail Straight Towel Hanger 500mm Gloss White | £54.0 | heating/towel-rails
2026-08-05 20:06:24,398 INFO  scraper.vendor:   NEW Wingrave 1200 x 610 Flat Panel Radiator Gloss White | £321.0 | heating/radiators
2026-08-05 20:06:26,557 INFO  scraper.vendor:   NEW Wingrave 1000 x 600 Straight Multirail Matt Black | £97.0 | heating/towel-rails
2026-08-05 20:06:29,051 INFO  scraper.vendor:   NEW Wingrave 1400 x 500 Straight Multirail Matt White | £118.0 | heating/towel-rails
2026-08-05 20:06:31,508 INFO  scraper.vendor:   NEW Wingrave 1800 x 500 Straight Multirail Matt Black | £153.0 | heating/towel-rails
2026-08-05 20:06:33,934 INFO  scraper.vendor:   NEW Wingrave 1800 x 500 Straight Multirail Chrome | £229.0 | heating/towel-rails
2026-08-05 20:06:36,124 INFO  scraper.vendor:   NEW Wingrave 1200 x 500 Straight Multirail Chrome | £156.0 | heating/towel-rails
2026-08-05 20:06:39,045 INFO  scraper.vendor:   NEW Wingrave 1000 x 500 Straight Multirail Matt White | £90.0 | heating/towel-rails
2026-08-05 20:06:41,402 INFO  scraper.vendor:   NEW Wingrave 1200 x 400 Straight Multirail Gloss White | £89.0 | heating/towel-rails
2026-08-05 20:06:43,877 INFO  scraper.vendor:   NEW Vanguard 10mm 1000x800mm Left Hand Offset Quadrant Shower En | £1365.0 | showering/shower-enclosures
2026-08-05 20:06:45,907 INFO  scraper.vendor:   NEW Portland Single Ended (SE) Twin Grip (TG) 1600 x 700 x 440mm | £594.0 | baths/single-ended
2026-08-05 20:06:48,125 INFO  scraper.vendor:   NEW Staverton 1800x500 Chrome | £585.0 | heating/towel-rails
2026-08-05 20:06:50,339 INFO  scraper.vendor:   NEW Kennet Dry Element Towel Rail 1200 x 600 Chrome | £572.0 | heating/towel-rails
2026-08-05 20:06:52,501 INFO  scraper.vendor:   NEW Vantage Plan B 1000mm x 1000mm Square Shower Tray - White | £219.0 | showering/shower-trays
2026-08-05 20:06:54,733 INFO  scraper.vendor:   NEW Vantage Plan A 760mm x 760mm Square Shower Tray - White | £139.0 | showering/shower-trays
2026-08-05 20:06:56,897 INFO  scraper.vendor:   NEW Malin Double Ended (DE) 1800 x 700 x 440mm Beauforte Bath -  | £827.0 | baths/double-ended
2026-08-05 20:06:59,221 INFO  scraper.vendor:   NEW Rockall Single Ended (SE) Twin Grip (TG) 1600 x 750 x 440mm  | £711.0 | baths/single-ended
2026-08-05 20:07:01,728 INFO  scraper.vendor:   NEW Imperia 2 Column Radiator 600 x 1145mm Gloss White | £415.0 | heating/radiators
2026-08-05 20:07:04,119 INFO  scraper.vendor:   NEW Imperia 3 Column Radiator 600 x 605mm Matt Anthracite | £276.0 | heating/radiators
2026-08-05 20:07:06,155 INFO  scraper.vendor:   NEW Imperia 3 Column Radiator 600 x 1145mm Matt Anthracite | £490.0 | heating/radiators
2026-08-05 20:07:09,004 INFO  scraper.vendor:   NEW Straight Biava Multirail 1720 x 450 Gloss White | £187.0 | heating/towel-rails
2026-08-05 20:07:11,032 INFO  scraper.vendor:   NEW Imperia 2 Column Radiator 600 x 605mm Matt Anthracite | £236.0 | heating/radiators
2026-08-05 20:07:13,527 INFO  scraper.vendor:   NEW Straight Biava Multirail 1118 x 600 Chrome | £283.0 | heating/towel-rails
2026-08-05 20:07:15,521 INFO  scraper.vendor:   NEW Type 22 Compact Panel Radiator 500 x 400 Gloss White | £224.4 | heating/radiators
2026-08-05 20:07:17,767 INFO  scraper.vendor:   NEW Type 11 Compact Panel Radiator 600 x 1600 Gloss White | £534.79 | heating/radiators
2026-08-05 20:07:20,030 INFO  scraper.vendor:   NEW Type 22 Compact Panel Radiator 600 x 600 Matt Black | £426.18 | heating/radiators
2026-08-05 20:07:22,474 INFO  scraper.vendor:   NEW Type 22 Compact Panel Radiator 600 x 1400 Matt Anthracite | £994.36 | heating/radiators
2026-08-05 20:07:25,621 INFO  scraper.vendor:   NEW Type 11 Compact Panel Radiator 400 x 1100 Gloss White | £261.17 | heating/radiators
2026-08-05 20:07:28,069 INFO  scraper.vendor:   NEW Type 21 Compact Panel Radiator 400 x 1600 Gloss White | £580.76 | heating/radiators
2026-08-05 20:07:30,381 INFO  scraper.vendor:   NEW Volente 6mm Easy Clean 1000x900mm Offset Quadrant Shower Enc | £598.0 | showering/shower-enclosures
2026-08-05 20:07:32,882 INFO  scraper.vendor:   NEW Wingrave 600 x 1000 Straight Multirail Chrome | £191.0 | heating/towel-rails
2026-08-05 20:07:35,344 INFO  scraper.vendor:   NEW Wingrave 1800 x 400 Straight Multirail Matt Grey | £130.0 | heating/towel-rails
2026-08-05 20:07:38,081 INFO  scraper.vendor:   NEW Wingrave Curved Multirail 1600 x 500 Chrome | £213.0 | heating/towel-rails
2026-08-05 20:07:40,190 INFO  scraper.vendor:   NEW Vantage 2000 8mm Easy Clean 2000mm x 1100mm Walk-In Shower P | £388.0 | showering/shower-enclosures
2026-08-05 20:07:42,172 INFO  scraper.vendor:   NEW Vantage 2000 6mm Easy Clean 1100x800mm Offset Quadrant Showe | £597.0 | showering/shower-enclosures
2026-08-05 20:07:44,024 INFO  scraper.vendor:   NEW Portland Double Ended (DE) 1800 x 800 x 440mm 5mm Bath - Whi | £488.0 | baths/double-ended
2026-08-05 20:07:46,103 INFO  scraper.vendor:   NEW Vantage Plan E 1000mm x 1000mm Quadrant Shower Tray - White | £216.0 | showering/shower-trays
2026-08-05 20:07:48,620 INFO  scraper.vendor:   NEW Type 22 Flat Panel Radiator 600 x 400 Gloss White | £195.0 | heating/radiators
2026-08-05 20:07:50,455 INFO  scraper.vendor:   NEW Malin Single Ended (SE) 1800 x 700 x 440mm Beauforte Bath -  | £801.0 | baths/single-ended
2026-08-05 20:07:52,718 INFO  scraper.vendor:   NEW Biscay Double Ended (DE) 1700 x 750 x 440mm 5mm Left Hand (L | £393.0 | baths/double-ended
2026-08-05 20:07:54,783 INFO  scraper.vendor:   NEW Malin Double Ended (DE) 1600 x 700 x 440mm Beauforte Bath -  | £649.0 | baths/double-ended
2026-08-05 20:07:57,297 INFO  scraper.vendor:   NEW Malin Single Ended (SE) 1750 x 750 x 440mm 5mm Bath - White | £548.0 | baths/single-ended
2026-08-05 20:07:59,680 INFO  scraper.vendor:   NEW Imperia 2 Column Radiator 600 x 1145mm Matt Anthracite | £415.0 | heating/radiators
2026-08-05 20:08:02,458 INFO  scraper.vendor:   NEW Staverton 1200x600 Gloss White | £239.0 | heating/towel-rails
2026-08-05 20:08:05,354 INFO  scraper.vendor:   NEW Wendover Curved Multirail 1200 x 600 Gloss White | £103.0 | heating/towel-rails
2026-08-05 20:08:07,521 INFO  scraper.vendor:   NEW Curved Staverton Tube on Tube 600 x 600 Gloss White | £114.0 | heating/towel-rails
2026-08-05 20:08:10,115 INFO  scraper.vendor:   NEW Wendover Straight Multirail 1000 x 400 Gloss White | £79.0 | heating/towel-rails
2026-08-05 20:08:12,405 INFO  scraper.vendor:   NEW Type 22 Compact Panel Radiator 600 x 2000 Gloss White | £1291.41 | heating/radiators
2026-08-05 20:08:14,329 INFO  scraper.vendor:   NEW Type 22 Compact Panel Radiator 600 x 1000 Matt Black | £710.26 | heating/radiators
2026-08-05 20:08:16,591 INFO  scraper.vendor:   NEW Type 22 Compact Panel Radiator 500 x 2000 Gloss White | £1122.05 | heating/radiators
2026-08-05 20:08:18,879 INFO  scraper.vendor:   NEW Type 11 Compact Panel Radiator 600 x 800 Matt Black | £294.14 | heating/radiators
2026-08-05 20:08:20,832 INFO  scraper.vendor:   NEW Type 11 Compact Panel Radiator 600 x 600 Matt Black | £220.62 | heating/radiators
2026-08-05 20:08:22,622 INFO  scraper.vendor:   NEW Type 11 Compact Panel Radiator 300 x 1600 Gloss White | £294.49 | heating/radiators
2026-08-05 20:08:24,772 INFO  scraper.vendor:   NEW Type 21 Compact Panel Radiator 600 x 1300 Gloss White | £647.51 | heating/radiators
2026-08-05 20:08:26,932 INFO  scraper.vendor:   NEW Type 11 Compact Panel Radiator 600 x 600 Matt Anthracite | £220.62 | heating/radiators
2026-08-05 20:08:29,502 INFO  scraper.vendor:   NEW Wingrave 1200 x 600 Straight Multirail Matt Grey | £109.0 | heating/towel-rails
2026-08-05 20:08:31,452 INFO  scraper.vendor:   NEW Wingrave 1600 x 300 Straight Multirail Matt Anthracite | £100.0 | heating/towel-rails
2026-08-05 20:08:33,784 INFO  scraper.vendor:   NEW Wingrave Curved Multirail 1800 x 600 Gloss White | £146.0 | heating/towel-rails
2026-08-05 20:08:36,307 INFO  scraper.vendor:   NEW Wingrave 1400 x 400 Straight Multirail Matt Black | £109.0 | heating/towel-rails
2026-08-05 20:08:38,691 INFO  scraper.vendor:   NEW Vantage 2000 6mm Easy Clean 2000mm x 900mm Bi-Fold Shower Do | £527.0 | showering/shower-enclosures
2026-08-05 20:08:40,717 INFO  scraper.vendor:   NEW Vantage 2000 6mm Easy Clean 2000mm x 900mm Pivot Shower Door | £403.0 | showering/shower-enclosures
2026-08-05 20:08:42,709 INFO  scraper.vendor:   NEW Vantage 2000 6mm Easy Clean 1100x760mm Offset Quadrant Showe | £596.0 | showering/shower-enclosures
2026-08-05 20:08:44,875 INFO  scraper.vendor:   NEW Vantage 2000 6mm Easy Clean 1100x760mm Offset Quadrant Showe | £667.0 | showering/shower-enclosures
2026-08-05 20:08:47,052 INFO  scraper.vendor:   NEW Vantage 2000 8mm Easy Clean 2000mm x 1000mm Framed Walk-In S | £391.0 | showering/shower-enclosures
2026-08-05 20:08:49,075 INFO  scraper.vendor:   NEW Vantage 2000 6mm Easy Clean 1200x760mm Offset Quadrant Showe | £640.0 | showering/shower-enclosures
2026-08-05 20:08:51,410 INFO  scraper.vendor:   NEW Type 21 Compact Panel Radiator 600 x 800 Matt Black | £438.3 | heating/radiators
2026-08-05 20:08:53,858 INFO  scraper.vendor:   NEW Wingrave 1400 x 600 Straight Multirail Matt White | £126.0 | heating/towel-rails
2026-08-05 20:08:56,027 INFO  scraper.vendor:   NEW Wingrave 1800 x 400 Straight Multirail Matt Black | £130.0 | heating/towel-rails
2026-08-05 20:08:58,160 INFO  scraper.vendor:   NEW Biscay Double Ended (DE) 1700 x 750 x 440mm Beauforte Bath - | £770.0 | baths/double-ended
2026-08-05 20:09:00,352 INFO  scraper.vendor:   NEW Biscay Double Ended (DE) 1700 x 800 x 440mm 5mm Left hand (L | £409.0 | baths/double-ended
2026-08-05 20:09:03,238 INFO  scraper.vendor:   NEW Tuscan Multirail 1750 x 450 Gloss White | £109.0 | heating/towel-rails
2026-08-05 20:09:05,576 INFO  scraper.vendor:   NEW Wendover Straight Multirail 800 x 400 Gloss White | £70.0 | heating/towel-rails
2026-08-05 20:09:08,053 INFO  scraper.vendor:   NEW Type 22 Compact Panel Radiator 500 x 1200 Gloss White | £673.24 | heating/radiators
2026-08-05 20:09:10,277 INFO  scraper.vendor:   NEW Vantage 2000 6mm Easy Clean 1100x760mm Offset Quadrant Showe | £656.0 | showering/shower-enclosures
2026-08-05 20:09:12,574 INFO  scraper.vendor:   NEW Vantage 2000 8mm Easy Clean 2000mm x 1000mm Walk-In Shower P | £362.0 | showering/shower-enclosures
2026-08-05 20:09:14,971 INFO  scraper.vendor:   NEW Portland 1700 x 700 x 350 Twin Grip(TG) Low Level Eco Beaufo | £629.0 | baths/single-ended
2026-08-05 20:09:17,005 INFO  scraper.vendor:   NEW Portland Single Ended (SE) 1500 x 700 x 440mm Beauforte Bath | £587.0 | baths/single-ended
2026-08-05 20:09:19,189 INFO  scraper.vendor:   NEW Portland Single Ended (SE) 1700 x 750 x 440mm Beauforte Bath | £697.0 | baths/single-ended
2026-08-05 20:09:21,628 INFO  scraper.vendor:   NEW Portland Single Ended (SE) Twin Grip (TG) 1700 x 750 x 440mm | £415.0 | baths/single-ended
2026-08-05 20:09:23,683 INFO  scraper.vendor:   NEW Biava Dry Element Towel Rail 1100x500mm On/Off Bt. Chrome | £297.0 | heating/towel-rails
2026-08-05 20:09:25,930 INFO  scraper.vendor:   NEW Multirail Straight Towel Hanger 400mm Chrome | £63.0 | heating/towel-rails
2026-08-05 20:09:28,319 INFO  scraper.vendor:   NEW Portland Double Ended (DE) 1800 x 800 x 440mm Beauforte Bath | £831.0 | baths/double-ended
2026-08-05 20:09:30,741 INFO  scraper.vendor:   NEW Portland Single Ended (SE) Twin Grip (TG) 1600 x 700 x 440mm | £326.0 | baths/single-ended
2026-08-05 20:09:32,699 INFO  scraper.vendor:   NEW Portland Single Ended (SE) Twin Grip (TG) 1700 x 800 x 440mm | £455.0 | baths/single-ended
2026-08-05 20:09:34,804 INFO  scraper.vendor:   NEW Portland Single Ended (SE) Twin Grip (TG) 1800 x 800 x 440mm | £489.0 | baths/single-ended
2026-08-05 20:09:36,588 INFO  scraper.vendor:   NEW Portland 1500 x 850 x 440mm Left hand (LH) L-Shaped Beaufort | £883.0 | baths/shower-bath
2026-08-05 20:09:38,365 INFO  scraper.vendor:   NEW Portland Single Ended (SE) 1800 x 725 x 440mm Beauforte Bath | £740.0 | baths/single-ended
2026-08-05 20:09:40,123 INFO  scraper.vendor:   NEW Portland 1700 x 850 x 440mm Left hand (LH) L-Shaped Beaufort | £883.0 | baths/shower-bath
2026-08-05 20:09:41,925 INFO  scraper.vendor:   NEW Portland Double Ended (DE) 1700 x 700 x 440mm Beauforte Bath | £613.0 | baths/double-ended
2026-08-05 20:09:44,205 INFO  scraper.vendor:   NEW Portland Double Ended (DE) 1700 x 750 x 440mm Beauforte Bath | £723.0 | baths/double-ended
2026-08-05 20:09:46,593 INFO  scraper.vendor:   NEW Portland Double Ended (DE) 1800 x 800 x 440mm Beauforte Bath | £831.0 | baths/double-ended
2026-08-05 20:09:48,723 INFO  scraper.vendor:   NEW Portland 1600 x 850 x 440mm Right Hand (RH) P-Shaped 5mm Sho | £534.0 | baths/shower-bath
2026-08-05 20:09:50,754 INFO  scraper.vendor:   NEW Portland Double Ended (DE) 1700 x 750 x 440mm Beauforte Bath | £723.0 | baths/double-ended
2026-08-05 20:09:53,263 INFO  scraper.vendor:   NEW Portland Double Ended (DE) 1700 x 800 x 440mm Beauforte Bath | £782.0 | baths/double-ended
2026-08-05 20:09:55,141 INFO  scraper.vendor:   NEW Portland 1500 x 850 x 440mm Right Hand (RH) P-Shaped 5mm Sho | £534.0 | baths/shower-bath
2026-08-05 20:09:56,930 INFO  scraper.vendor:   NEW Portland Double Ended (DE) 1900 x 900 x 440mm Beauforte Bath | £1083.0 | baths/double-ended
2026-08-05 20:09:59,507 INFO  scraper.vendor:   NEW Portland Single Ended (SE) Twin Grip (TG) 1500 x 700 x 440mm | £594.0 | baths/single-ended
2026-08-05 20:10:01,513 INFO  scraper.vendor:   NEW Portland 1500 x 850 x 440mm Left hand (LH) P-Shaped 5mm Show | £534.0 | baths/shower-bath
2026-08-05 20:10:03,996 INFO  scraper.vendor:   NEW Portland 1600 x 850 x 440mm Left hand (LH) P-Shaped Beaufort | £883.0 | baths/shower-bath
2026-08-05 20:10:06,023 INFO  scraper.vendor:   NEW Portland 1600 x 850 x 440mm Right Hand (RH) L-Shaped Beaufor | £883.0 | baths/shower-bath
2026-08-05 20:10:07,934 INFO  scraper.vendor:   NEW Portland 1500 x 850 x 440mm Right Hand (RH) L-Shaped 5mm Sho | £534.0 | baths/shower-bath
2026-08-05 20:10:10,104 INFO  scraper.vendor:   NEW Portland 1600 x 850 x 440mm Left hand (LH) L-Shaped Beaufort | £883.0 | baths/shower-bath
2026-08-05 20:10:12,429 INFO  scraper.vendor:   NEW Portland Single Ended (SE) Twin Grip (TG) 1700 x 800 x 440mm | £784.0 | baths/single-ended
2026-08-05 20:10:14,749 INFO  scraper.vendor:   NEW Portland 1700 x 850 x 440mm Left hand (LH) L-Shaped 5mm Show | £534.0 | baths/shower-bath
2026-08-05 20:10:16,528 INFO  scraper.vendor:   NEW Portland Single Ended (SE) Twin Grip (TG) 1800 x 800 x 440mm | £835.0 | baths/single-ended
2026-08-05 20:10:18,601 INFO  scraper.vendor:   NEW Portland 1500 x 850 x 440mm Right Hand (RH) P-Shaped Beaufor | £883.0 | baths/shower-bath
2026-08-05 20:10:20,898 INFO  scraper.vendor:   NEW Portland 1500 x 850 x 440mm Left hand (LH) P-Shaped Beaufort | £883.0 | baths/shower-bath
2026-08-05 20:10:22,890 INFO  scraper.vendor:   NEW Portland Single Ended (SE) 1700 x 900 x 440mm Beauforte Bath | £827.0 | baths/single-ended
2026-08-05 20:10:24,831 INFO  scraper.vendor:   NEW Portland 1700 x 850 x 440mm Right Hand (RH) P-Shaped Beaufor | £883.0 | baths/shower-bath
2026-08-05 20:10:26,604 INFO  scraper.vendor:   NEW Portland 1700 x 850 x 440mm Left hand (LH) P-Shaped Beaufort | £883.0 | baths/shower-bath
2026-08-05 20:10:28,493 INFO  scraper.vendor:   NEW Portland 1600 x 850 x 440mm Right Hand (RH) P-Shaped Beaufor | £883.0 | baths/shower-bath
2026-08-05 20:10:30,670 INFO  scraper.vendor:   NEW Vantage 2000 6mm Easy Clean 2000mm x 1000mm Pivot Shower Doo | £479.0 | showering/shower-enclosures
2026-08-05 20:10:33,050 INFO  scraper.vendor:   NEW Vantage 2000 6mm Easy Clean 2000mm x 800mm Bi-Fold Shower Do | £500.0 | showering/shower-enclosures
2026-08-05 20:10:34,878 INFO  scraper.vendor:   NEW Vantage 2000 6mm Easy Clean 2000mm x 760mm Bi-Fold Shower Do | £439.0 | showering/shower-enclosures
2026-08-05 20:10:36,832 INFO  scraper.vendor:   NEW Vantage 2000 6mm Easy Clean 2000mm x 900mm Pivot Shower Door | £455.0 | showering/shower-enclosures
2026-08-05 20:10:39,308 INFO  scraper.vendor:   NEW Vantage 2000 6mm Easy Clean 2000mm x 760mm Bi-Fold Shower Do | £489.0 | showering/shower-enclosures
2026-08-05 20:10:41,236 INFO  scraper.vendor:   NEW Vantage 2000 6mm Easy Clean 2000mm x 700mm Bi-Fold Shower Do | £425.0 | showering/shower-enclosures
2026-08-05 20:10:43,106 INFO  scraper.vendor:   NEW Vantage 2000 6mm Easy Clean 2000mm x 800mm Pivot Shower Door | £431.0 | showering/shower-enclosures
2026-08-05 20:10:45,446 INFO  scraper.vendor:   NEW Vantage 2000 6mm Easy Clean 2000mm x 700mm Bi-Fold Shower Do | £471.0 | showering/shower-enclosures
2026-08-05 20:10:47,704 INFO  scraper.vendor:   NEW Vantage 2000 6mm Easy Clean 2000mm x 760mm Pivot Shower Door | £423.0 | showering/shower-enclosures
2026-08-05 20:10:49,926 INFO  scraper.vendor:   NEW Vantage 2000 6mm Easy Clean 2000mm x 700mm Pivot Shower Door | £408.0 | showering/shower-enclosures
2026-08-05 20:10:51,801 INFO  scraper.vendor:   NEW Vantage 2000 Easy Clean 2000mm x 1700mm Slider Shower Door - | £518.0 | showering/shower-enclosures
2026-08-05 20:10:53,577 INFO  scraper.vendor:   NEW Vantage 2000 Easy Clean 2000mm x 1700mm Slider Shower Door - | £563.0 | showering/shower-enclosures
2026-08-05 20:10:55,672 INFO  scraper.vendor:   NEW Vantage 2000 Easy Clean 2000mm x 1650mm Slider Shower Door - | £558.0 | showering/shower-enclosures
2026-08-05 20:10:57,789 INFO  scraper.vendor:   NEW Vantage 2000 Easy Clean 2000mm x 1600mm Slider Shower Door - | £501.0 | showering/shower-enclosures
2026-08-05 20:10:59,905 INFO  scraper.vendor:   NEW Vantage 2000 Easy Clean 2000mm x 1600mm Slider Shower Door - | £552.0 | showering/shower-enclosures
2026-08-05 20:11:01,973 INFO  scraper.vendor:   NEW Vantage 2000 Easy Clean 2000mm x 1400mm Slider Shower Door - | £462.0 | showering/shower-enclosures
2026-08-05 20:11:04,071 INFO  scraper.vendor:   NEW Vantage 2000 Easy Clean 2000mm x 1400mm Slider Shower Door - | £514.0 | showering/shower-enclosures
2026-08-05 20:11:06,679 INFO  scraper.vendor:   NEW Vantage 2000 Easy Clean 2000mm x 1200mm Slider Shower Door - | £482.0 | showering/shower-enclosures
2026-08-05 20:11:08,854 INFO  scraper.vendor:   NEW Vantage 2000 Easy Clean 2000mm x 1000mm Slider Shower Door - | £395.0 | showering/shower-enclosures
2026-08-05 20:11:10,546 INFO  scraper.vendor:   NEW Vantage 2000 Easy Clean 2000mm x 1000mm Slider Shower Door - | £445.0 | showering/shower-enclosures
2026-08-05 20:11:12,567 INFO  scraper.vendor:   NEW Vantage 2000 6mm Easy Clean 1200x760mm Offset Quadrant Showe | £700.0 | showering/shower-enclosures
2026-08-05 20:11:14,615 INFO  scraper.vendor:   NEW Vantage 2000 6mm Easy Clean 1100x900mm Offset Quadrant Showe | £705.0 | showering/shower-enclosures
2026-08-05 20:11:16,904 INFO  scraper.vendor:   NEW Vantage 2000 6mm Easy Clean 1400x800mm Offset Quadrant Showe | £808.0 | showering/shower-enclosures
2026-08-05 20:11:18,870 INFO  scraper.vendor:   NEW Vantage 2000 6mm Easy Clean 1400x760mm Offset Quadrant Showe | £724.0 | showering/shower-enclosures
2026-08-05 20:11:21,067 INFO  scraper.vendor:   NEW Vantage 2000 6mm Easy Clean 1400x760mm Offset Quadrant Showe | £788.0 | showering/shower-enclosures
2026-08-05 20:11:23,138 INFO  scraper.vendor:   NEW Vantage 2000 6mm Easy Clean 1000x900mm Offset Quadrant Showe | £623.0 | showering/shower-enclosures
2026-08-05 20:11:25,154 INFO  scraper.vendor:   NEW Vantage 2000 6mm Easy Clean 1300x800mm Offset Quadrant Showe | £699.0 | showering/shower-enclosures
2026-08-05 20:11:27,344 INFO  scraper.vendor:   NEW Vantage 2000 6mm Easy Clean 1300x800mm Offset Quadrant Showe | £762.0 | showering/shower-enclosures
2026-08-05 20:11:29,498 INFO  scraper.vendor:   NEW Vantage 2000 6mm Easy Clean 1300x760mm Offset Quadrant Showe | £682.0 | showering/shower-enclosures
2026-08-05 20:11:31,694 INFO  scraper.vendor:   NEW Vantage 2000 6mm Easy Clean 1300x760mm Offset Quadrant Showe | £744.0 | showering/shower-enclosures
2026-08-05 20:11:33,812 INFO  scraper.vendor:   NEW Vantage 2000 6mm Easy Clean 1000x800mm Offset Quadrant Showe | £581.0 | showering/shower-enclosures
2026-08-05 20:11:36,235 INFO  scraper.vendor:   NEW Vantage 2000 6mm Easy Clean 1200x900mm Offset Quadrant Showe | £732.0 | showering/shower-enclosures
2026-08-05 20:11:38,437 INFO  scraper.vendor:   NEW Vantage 2000 6mm Easy Clean 1200x800mm Offset Quadrant Showe | £605.0 | showering/shower-enclosures
2026-08-05 20:11:40,516 INFO  scraper.vendor:   NEW Vantage 2000 6mm Easy Clean 1200x800mm Offset Quadrant Showe | £668.0 | showering/shower-enclosures
2026-08-05 20:11:42,606 INFO  scraper.vendor:   NEW Vantage 2000 6mm Easy Clean 900x800mm Offset Quadrant Shower | £572.0 | showering/shower-enclosures
2026-08-05 20:11:44,817 INFO  scraper.vendor:   NEW Vantage 2000 6mm Easy Clean 900x760mm Offset Quadrant Shower | £569.0 | showering/shower-enclosures
2026-08-05 20:11:46,754 INFO  scraper.vendor:   NEW Vantage 2000 6mm Easy Clean 2000mm x 1000mm Bi-Fold Shower D | £553.0 | showering/shower-enclosures
2026-08-05 20:11:49,092 INFO  scraper.vendor:   NEW Vantage 2000 8mm Easy Clean 2000mm x 500mm Walk-In Shower Pa | £217.0 | showering/shower-enclosures
2026-08-05 20:11:51,418 INFO  scraper.vendor:   NEW Vantage 2000 8mm Easy Clean 2000mm x 1400mm Walk-In Shower P | £468.0 | showering/shower-enclosures
2026-08-05 20:11:52,689 INFO  scraper.vendor:   NEW Vantage 2000 8mm Easy Clean 2000mm x 1200mm Walk-In Shower P | £414.0 | showering/shower-enclosures
2026-08-05 20:11:54,600 INFO  scraper.vendor:   NEW Vantage 2000 8mm Easy Clean 2000mm x 760mm Walk-In Shower Pa | £291.0 | showering/shower-enclosures
2026-08-05 20:11:56,797 INFO  scraper.vendor:   NEW Vantage 2000 8mm Easy Clean 2000mm x 500mm Walk-In Shower Pa | £217.0 | showering/shower-enclosures
2026-08-05 20:11:59,214 INFO  scraper.vendor:   NEW Vantage 2000 8mm Easy Clean 2000mm x 300mm Walk-In Shower Pa | £156.0 | showering/shower-enclosures
2026-08-05 20:12:01,390 INFO  scraper.vendor:   NEW Vantage 2000 6mm Easy Clean 2000mm x 1200mm Walk-In Shower P | £373.0 | showering/shower-enclosures
2026-08-05 20:12:03,449 INFO  scraper.vendor:   NEW Vantage 2000 6mm Easy Clean 2000mm x 1000mm Walk-In Shower P | £327.0 | showering/shower-enclosures
2026-08-05 20:12:05,453 INFO  scraper.vendor:   NEW Vantage 2000 6mm Easy Clean 2000mm x 900mm Walk-In Shower Pa | £293.0 | showering/shower-enclosures
2026-08-05 20:12:07,536 INFO  scraper.vendor:   NEW Vantage 2000 6mm Easy Clean 2000mm x 800mm Walk-In Shower Pa | £270.0 | showering/shower-enclosures
2026-08-05 20:12:09,782 INFO  scraper.vendor:   NEW Vantage 2000 6mm Easy Clean 2000mm x 760mm Walk-In Shower Pa | £264.0 | showering/shower-enclosures
2026-08-05 20:12:12,150 INFO  scraper.vendor:   NEW Vantage 2000 6mm Easy Clean 2000mm x 700mm Walk-In Shower Pa | £247.0 | showering/shower-enclosures
2026-08-05 20:12:14,164 INFO  scraper.vendor:   NEW Vantage 2000 6mm Easy Clean 2000mm x 500mm Walk-In Shower Pa | £201.0 | showering/shower-enclosures
2026-08-05 20:12:16,062 INFO  scraper.vendor:   NEW Vantage 2000 6mm Easy Clean 2000mm x 300mm Walk-In Shower Pa | £153.0 | showering/shower-enclosures
2026-08-05 20:12:18,031 INFO  scraper.vendor:   NEW Vantage 2000 6mm Easy Clean 2000mm x 1000mm Bi-Fold Shower D | £599.0 | showering/shower-enclosures
2026-08-05 20:12:20,275 INFO  scraper.vendor:   NEW Vantage 2000 6mm Easy Clean 2000mm x 800mm Bi-Fold Shower Do | £552.0 | showering/shower-enclosures
2026-08-05 20:12:22,157 INFO  scraper.vendor:   NEW Vantage 2000 6mm Easy Clean 2000mm x 760mm Bi-Fold Shower Do | £542.0 | showering/shower-enclosures
2026-08-05 20:12:24,114 INFO  scraper.vendor:   NEW Vantage 2000 6mm Easy Clean 2000mm x 700mm Bi-Fold Shower Do | £528.0 | showering/shower-enclosures
2026-08-05 20:12:26,191 INFO  scraper.vendor:   NEW Vantage 2000 6mm Easy Clean 2000mm x 1000mm Pivot Shower Doo | £504.0 | showering/shower-enclosures
2026-08-05 20:12:27,931 INFO  scraper.vendor:   NEW Vantage 2000 6mm Easy Clean 2000mm x 900mm Pivot Shower Door | £485.0 | showering/shower-enclosures
2026-08-05 20:12:29,935 INFO  scraper.vendor:   NEW Vantage 2000 6mm Easy Clean 2000mm x 760mm Pivot Shower Door | £457.0 | showering/shower-enclosures
2026-08-05 20:12:32,010 INFO  scraper.vendor:   NEW Vantage 2000 6mm Easy Clean 2000mm x 700mm Pivot Shower Door | £445.0 | showering/shower-enclosures
2026-08-05 20:12:33,776 INFO  scraper.vendor:   NEW Vantage 2000 Easy Clean 2000mm x 1700mm Slider Shower Door - | £585.0 | showering/shower-enclosures
2026-08-05 20:12:35,694 INFO  scraper.vendor:   NEW Vantage 2000 Easy Clean 2000mm x 1650mm Slider Shower Door - | £583.0 | showering/shower-enclosures
2026-08-05 20:12:37,824 INFO  scraper.vendor:   NEW Vantage 2000 Easy Clean 2000mm x 1600mm Slider Shower Door - | £580.0 | showering/shower-enclosures
2026-08-05 20:12:39,615 INFO  scraper.vendor:   NEW Vantage 2000 Easy Clean 2000mm x 1400mm Slider Shower Door - | £546.0 | showering/shower-enclosures
2026-08-05 20:12:41,618 INFO  scraper.vendor:   NEW Vantage 2000 Easy Clean 2000mm x 1200mm Slider Shower Door - | £513.0 | showering/shower-enclosures
2026-08-05 20:12:43,910 INFO  scraper.vendor:   NEW Wingrave 1600 x 400 Straight Multirail Matt Anthracite | £119.0 | heating/towel-rails
2026-08-05 20:12:46,051 INFO  scraper.vendor:   NEW Wingrave 1200 x 400 Straight Multirail Matt Anthracite | £97.0 | heating/towel-rails
2026-08-05 20:12:48,516 INFO  scraper.vendor:   NEW Wingrave 1000 x 400 Straight Multirail Matt Anthracite | £84.0 | heating/towel-rails
2026-08-05 20:12:50,843 INFO  scraper.vendor:   NEW Wingrave 1800 x 500 Straight Multirail Matt White | £153.0 | heating/towel-rails
2026-08-05 20:12:52,695 INFO  scraper.vendor:   NEW Wingrave 1800 x 400 Straight Multirail Matt White | £130.0 | heating/towel-rails
2026-08-05 20:12:55,346 INFO  scraper.vendor:   NEW Wingrave 1600 x 400 Straight Multirail Matt White | £119.0 | heating/towel-rails
2026-08-05 20:12:57,416 INFO  scraper.vendor:   NEW Wingrave 1200 x 400 Straight Multirail Matt White | £97.0 | heating/towel-rails
2026-08-05 20:12:59,598 INFO  scraper.vendor:   NEW Vantage 2000 6mm Easy Clean 900x800mm Offset Quadrant Shower | £647.0 | showering/shower-enclosures
2026-08-05 20:13:01,665 INFO  scraper.vendor:   NEW Vantage 2000 6mm Easy Clean 900x760mm Offset Quadrant Shower | £640.0 | showering/shower-enclosures
2026-08-05 20:13:03,808 INFO  scraper.vendor:   NEW Vantage 2000 Easy Clean 2000mm x 1100mm Slider Shower Door - | £496.0 | showering/shower-enclosures
2026-08-05 20:13:05,704 INFO  scraper.vendor:   NEW Vanguard 10mm 2000mm x 1700mm Slider Shower Door - Chrome | £1292.0 | showering/shower-enclosures
2026-08-05 20:13:07,744 INFO  scraper.vendor:   NEW Vantage 2000 Easy Clean 2000mm x 1000mm Slider Shower Door - | £479.0 | showering/shower-enclosures
2026-08-05 20:13:09,781 INFO  scraper.vendor:   NEW Vanguard 10mm 2000mm x 1600mm Slider Shower Door - Chrome | £1230.0 | showering/shower-enclosures
2026-08-05 20:13:11,572 INFO  scraper.vendor:   NEW Vantage 2000 8mm Easy Clean 2000mm x 760mm Walk-In Shower Pa | £291.0 | showering/shower-enclosures
2026-08-05 20:13:13,549 INFO  scraper.vendor:   NEW Vanguard 10mm 2000mm x 1400mm Slider Shower Door - Chrome | £1178.0 | showering/shower-enclosures
2026-08-05 20:13:15,197 INFO  scraper.vendor:   NEW Vantage 2000 8mm Easy Clean 2000mm x 700mm Walk-In Shower Pa | £271.0 | showering/shower-enclosures
2026-08-05 20:13:17,219 INFO  scraper.vendor:   NEW Vanguard 10mm 2000mm x 1200mm Slider Shower Door - Chrome | £1152.0 | showering/shower-enclosures
2026-08-05 20:13:19,722 INFO  scraper.vendor:   NEW Wingrave 1000 x 600 Straight Multirail Matt Anthracite | £97.0 | heating/towel-rails
2026-08-05 20:13:21,386 INFO  scraper.vendor:   NEW Vantage 2000 8mm Easy Clean 2000mm x 1600mm Walk-In Panel -  | £535.0 | showering/shower-enclosures
2026-08-05 20:13:23,632 INFO  scraper.vendor:   NEW Vanguard 10mm 2000mm x 1100mm Slider Shower Door - Chrome | £1126.0 | showering/shower-enclosures
2026-08-05 20:13:25,752 INFO  scraper.vendor:   NEW Vanguard 10mm 2000mm x 1000mm Slider Shower Door - Chrome | £1103.0 | showering/shower-enclosures
2026-08-05 20:13:27,800 INFO  scraper.vendor:   NEW Vantage 2000 6mm Easy Clean 1400x800mm Offset Quadrant Showe | £747.0 | showering/shower-enclosures
2026-08-05 20:13:30,238 INFO  scraper.vendor:   NEW Vantage 2000 6mm Easy Clean 1400x760mm Offset Quadrant Showe | £750.0 | showering/shower-enclosures
2026-08-05 20:13:32,143 INFO  scraper.vendor:   NEW Vantage 2000 6mm Easy Clean 1300x800mm Offset Quadrant Showe | £727.0 | showering/shower-enclosures
2026-08-05 20:13:34,185 INFO  scraper.vendor:   NEW Vantage 2000 6mm Easy Clean 1300x760mm Offset Quadrant Showe | £722.0 | showering/shower-enclosures
2026-08-05 20:13:36,295 INFO  scraper.vendor:   NEW Vantage 2000 6mm Easy Clean 1200x900mm Offset Quadrant Showe | £734.0 | showering/shower-enclosures
2026-08-05 20:13:38,715 INFO  scraper.vendor:   NEW Vantage 2000 6mm Easy Clean 1200x800mm Offset Quadrant Showe | £693.0 | showering/shower-enclosures
2026-08-05 20:13:41,139 INFO  scraper.vendor:   NEW Vantage 2000 6mm Easy Clean 1200x760mm Offset Quadrant Showe | £695.0 | showering/shower-enclosures
2026-08-05 20:13:43,863 INFO  scraper.vendor:   NEW Wingrave 800 x 500 Straight Multirail Matt Anthracite | £80.0 | heating/towel-rails
2026-08-05 20:13:46,140 INFO  scraper.vendor:   NEW Vantage 2000 6mm Easy Clean 1100x900mm Offset Quadrant Showe | £714.0 | showering/shower-enclosures
2026-08-05 20:13:48,387 INFO  scraper.vendor:   NEW Wingrave 1800 x 400 Straight Multirail Matt Anthracite | £130.0 | heating/towel-rails
2026-08-05 20:13:50,407 INFO  scraper.vendor:   NEW Vantage 2000 6mm Easy Clean 1100x800mm Offset Quadrant Showe | £671.0 | showering/shower-enclosures
2026-08-05 20:13:52,519 INFO  scraper.vendor:   NEW Vanguard 10mm 1200x900mm Right Hand Offset Quadrant Shower E | £1424.0 | showering/shower-enclosures
2026-08-05 20:13:54,556 INFO  scraper.vendor:   NEW Vantage 2000 8mm Easy Clean 2000mm x 1400mm Framed Walk-In S | £511.0 | showering/shower-enclosures
2026-08-05 20:13:56,494 INFO  scraper.vendor:   NEW Vanguard 10mm 1200x900mm Left Hand Offset Quadrant Shower En | £1424.0 | showering/shower-enclosures
2026-08-05 20:13:58,379 INFO  scraper.vendor:   NEW Vantage 2000 6mm Easy Clean 1000x900mm Offset Quadrant Showe | £703.0 | showering/shower-enclosures
2026-08-05 20:14:00,173 INFO  scraper.vendor:   NEW Vantage 2000 8mm Easy Clean 2000mm x 1200mm Framed Walk-In S | £451.0 | showering/shower-enclosures
2026-08-05 20:14:02,368 INFO  scraper.vendor:   NEW Vanguard 10mm 1200x800mm Right Hand Offset Quadrant Shower E | £1413.0 | showering/shower-enclosures
2026-08-05 20:14:04,458 INFO  scraper.vendor:   NEW Vantage 2000 6mm Easy Clean 1000x800mm Offset Quadrant Showe | £659.0 | showering/shower-enclosures
2026-08-05 20:14:06,621 INFO  scraper.vendor:   NEW Vantage 2000 8mm Easy Clean 2000mm x 1100mm Framed Walk-In S | £422.0 | showering/shower-enclosures
2026-08-05 20:14:08,503 INFO  scraper.vendor:   NEW Vantage 2000 6mm Easy Clean 1000x760mm Offset Quadrant Showe | £651.0 | showering/shower-enclosures
2026-08-05 20:14:10,459 INFO  scraper.vendor:   NEW Vantage 2000 8mm Easy Clean 2000mm x 800mm Framed Walk-In Sh | £323.0 | showering/shower-enclosures
2026-08-05 20:14:12,218 INFO  scraper.vendor:   NEW Vantage 2000 8mm Easy Clean 2000mm x 760mm Framed Walk-In Sh | £314.0 | showering/shower-enclosures
2026-08-05 20:14:14,136 INFO  scraper.vendor:   NEW Vantage 2000 8mm Easy Clean 2000mm x 500mm Framed Walk-In Sh | £234.0 | showering/shower-enclosures
2026-08-05 20:14:16,275 INFO  scraper.vendor:   NEW Vantage 2000 8mm Easy Clean 2000mm x 1400mm Walk-In Shower P | £468.0 | showering/shower-enclosures
2026-08-05 20:14:18,127 INFO  scraper.vendor:   NEW Vantage 2000 8mm Easy Clean 2000mm x 1200mm Walk-In Shower P | £414.0 | showering/shower-enclosures
2026-08-05 20:14:20,441 INFO  scraper.vendor:   NEW Vantage 2000 8mm Easy Clean 2000mm x 1100mm Walk-In Shower P | £388.0 | showering/shower-enclosures
2026-08-05 20:14:22,719 INFO  scraper.vendor:   NEW Vantage 2000 8mm Easy Clean 2000mm x 900mm Walk-In Shower Pa | £324.0 | showering/shower-enclosures
2026-08-05 20:14:24,886 INFO  scraper.vendor:   NEW Vanguard 10mm 1200x800mm Left Hand Offset Quadrant Shower En | £1413.0 | showering/shower-enclosures
2026-08-05 20:14:27,287 INFO  scraper.vendor:   NEW Vanguard 10mm 1000x800mm Right Hand Offset Quadrant Shower E | £1365.0 | showering/shower-enclosures
2026-08-05 20:14:29,392 INFO  scraper.vendor:   NEW Wingrave 1600 x 300 Straight Multirail Matt Black | £100.0 | heating/towel-rails
2026-08-05 20:14:31,615 INFO  scraper.vendor:   NEW Wingrave 1400 x 300 Straight Multirail Matt Black | £96.0 | heating/towel-rails
2026-08-05 20:14:34,075 INFO  scraper.vendor:   NEW Wingrave 600 x 500 Straight Multirail Matt White | £69.0 | heating/towel-rails
2026-08-05 20:14:36,435 INFO  scraper.vendor:   NEW Wingrave 1200 x 300 Straight Multirail Matt Black | £83.0 | heating/towel-rails
2026-08-05 20:14:39,526 INFO  scraper.vendor:   NEW Wingrave 1000 x 300 Straight Multirail Matt Black | £72.0 | heating/towel-rails
2026-08-05 20:14:41,784 INFO  scraper.vendor:   NEW Wingrave Curved Multirail 1000 x 500 Gloss White | £89.0 | heating/towel-rails
2026-08-05 20:14:44,171 INFO  scraper.vendor:   NEW Wingrave 800 x 300 Straight Multirail Matt Black | £63.0 | heating/towel-rails
2026-08-05 20:14:46,615 INFO  scraper.vendor:   NEW Wingrave Curved Multirail 1000 x 400 Gloss White | £83.0 | heating/towel-rails
2026-08-05 20:14:49,046 INFO  scraper.vendor:   NEW Wingrave 600 x 300 Straight Multirail Matt White | £61.0 | heating/towel-rails
2026-08-05 20:14:51,307 INFO  scraper.vendor:   NEW Wingrave 600 x 600 Straight Multirail Matt Black | £72.0 | heating/towel-rails
2026-08-05 20:14:53,511 INFO  scraper.vendor:   NEW Wingrave Curved Multirail 800 x 500 Gloss White | £78.0 | heating/towel-rails
2026-08-05 20:14:55,893 INFO  scraper.vendor:   NEW Wingrave 600 x 400 Straight Multirail Matt Black | £63.0 | heating/towel-rails
2026-08-05 20:14:58,507 INFO  scraper.vendor:   NEW Wingrave Curved Multirail 800 x 400 Gloss White | £72.0 | heating/towel-rails
2026-08-05 20:15:00,924 INFO  scraper.vendor:   NEW Wingrave 1600 x 300 Straight Multirail Gloss White | £97.0 | heating/towel-rails
2026-08-05 20:15:03,458 INFO  scraper.vendor:   NEW Wingrave 600 x 300 Straight Multirail Matt Black | £61.0 | heating/towel-rails
2026-08-05 20:15:06,010 INFO  scraper.vendor:   NEW Wingrave 1800 x 300 Straight Multirail Chrome | £192.0 | heating/towel-rails
2026-08-05 20:15:08,685 INFO  scraper.vendor:   NEW Wingrave 1800 x 300 Straight Multirail Matt Anthracite | £112.0 | heating/towel-rails
2026-08-05 20:15:11,380 INFO  scraper.vendor:   NEW Wingrave 1400 x 300 Straight Multirail Gloss White | £96.0 | heating/towel-rails
2026-08-05 20:15:14,146 INFO  scraper.vendor:   NEW Wingrave 1600 x 300 Straight Multirail Chrome | £174.0 | heating/towel-rails
2026-08-05 20:15:16,590 INFO  scraper.vendor:   NEW Wingrave 1200 x 300 Straight Multirail Gloss White | £79.0 | heating/towel-rails
2026-08-05 20:15:18,974 INFO  scraper.vendor:   NEW Wingrave 1400 x 300 Straight Multirail Matt Anthracite | £96.0 | heating/towel-rails
2026-08-05 20:15:21,065 INFO  scraper.vendor:   NEW Wingrave 1200 x 300 Straight Multirail Matt Anthracite | £83.0 | heating/towel-rails
2026-08-05 20:15:23,368 INFO  scraper.vendor:   NEW Wingrave 1000 x 300 Straight Multirail Chrome | £112.0 | heating/towel-rails
2026-08-05 20:15:25,845 INFO  scraper.vendor:   NEW Wingrave 1000 x 300 Straight Multirail Matt Anthracite | £72.0 | heating/towel-rails
2026-08-05 20:15:28,512 INFO  scraper.vendor:   NEW Wingrave 800 x 300 Straight Multirail Matt Anthracite | £63.0 | heating/towel-rails
2026-08-05 20:15:30,942 INFO  scraper.vendor:   NEW Wingrave 600 x 600 Straight Multirail Chrome | £118.0 | heating/towel-rails
2026-08-05 20:15:33,089 INFO  scraper.vendor:   NEW Wingrave 600 x 500 Straight Multirail Matt Anthracite | £69.0 | heating/towel-rails
2026-08-05 20:15:35,530 INFO  scraper.vendor:   NEW Wingrave 600 x 500 Straight Multirail Chrome | £107.0 | heating/towel-rails
2026-08-05 20:15:38,189 INFO  scraper.vendor:   NEW Wingrave 600 x 300 Straight Multirail Matt Anthracite | £61.0 | heating/towel-rails
2026-08-05 20:15:40,242 INFO  scraper.vendor:   NEW Wingrave 1600 x 300 Straight Multirail Matt White | £100.0 | heating/towel-rails
2026-08-05 20:15:42,639 INFO  scraper.vendor:   NEW Wingrave 600 x 300 Straight Multirail Chrome | £90.0 | heating/towel-rails
2026-08-05 20:15:45,164 INFO  scraper.vendor:   NEW Wingrave 1400 x 300 Straight Multirail Matt White | £96.0 | heating/towel-rails
2026-08-05 20:15:47,226 INFO  scraper.vendor:   NEW Wingrave 1800 x 300 Straight Multirail Matt Black | £112.0 | heating/towel-rails
2026-08-05 20:15:49,739 INFO  scraper.vendor:   NEW Wingrave 1000 x 300 Straight Multirail Matt White | £72.0 | heating/towel-rails
2026-08-05 20:15:51,940 INFO  scraper.vendor:   NEW Wingrave 800 x 300 Straight Multirail Matt White | £63.0 | heating/towel-rails
2026-08-05 20:15:54,538 INFO  scraper.vendor:   NEW Wingrave 1200 x 410 Flat Panel Radiator Gloss White | £273.0 | heating/radiators
2026-08-05 20:15:56,657 INFO  scraper.vendor:   NEW Wingrave 1200 x 310 Flat Panel Radiator Gloss White | £260.0 | heating/radiators
2026-08-05 20:15:58,754 INFO  scraper.vendor:   NEW Wingrave 1800 x 610 Flat Panel Radiator Gloss White | £420.0 | heating/radiators
2026-08-05 20:16:01,244 INFO  scraper.vendor:   NEW Wingrave 1800 x 510 Flat Panel Radiator Gloss White | £380.0 | heating/radiators
2026-08-05 20:16:03,412 INFO  scraper.vendor:   NEW Wingrave 1800 x 410 Flat Panel Radiator Gloss White | £340.0 | heating/radiators
2026-08-05 20:16:05,327 INFO  scraper.vendor:   NEW Wingrave 1800 x 310 Flat Panel Radiator Gloss White | £315.0 | heating/radiators
2026-08-05 20:16:07,631 INFO  scraper.vendor:   NEW Wingrave 1200 x 500 Straight Multirail Matt Cobalt Blue | £101.0 | heating/towel-rails
2026-08-05 20:16:10,010 INFO  scraper.vendor:   NEW Wingrave 1200 x 610 Flat Panel Radiator Matt Black | £345.0 | heating/radiators
2026-08-05 20:16:12,507 INFO  scraper.vendor:   NEW Wingrave 1200 x 510 Flat Panel Radiator Matt Black | £321.0 | heating/radiators
2026-08-05 20:16:14,924 INFO  scraper.vendor:   NEW Wingrave 1200 x 410 Flat Panel Radiator Matt Black | £296.0 | heating/radiators
2026-08-05 20:16:17,301 INFO  scraper.vendor:   NEW Wingrave 1200 x 310 Flat Panel Radiator Matt Black | £281.0 | heating/radiators
2026-08-05 20:16:19,757 INFO  scraper.vendor:   NEW Wingrave 1800 x 610 Flat Panel Radiator Matt Black | £454.0 | heating/radiators
2026-08-05 20:16:22,456 INFO  scraper.vendor:   NEW Wingrave 1800 x 510 Flat Panel Radiator Matt Black | £410.0 | heating/radiators
2026-08-05 20:16:25,290 INFO  scraper.vendor:   NEW Wingrave 1800 x 410 Flat Panel Radiator Matt Black | £368.0 | heating/radiators
2026-08-05 20:16:28,106 INFO  scraper.vendor:   NEW Wingrave 1800 x 310 Flat Panel Radiator Matt Black | £341.0 | heating/radiators
2026-08-05 20:16:30,250 INFO  scraper.vendor:   NEW Wingrave 1200 x 610 Flat Panel Radiator Matt Anthracite | £345.0 | heating/radiators
2026-08-05 20:16:32,582 INFO  scraper.vendor:   NEW Wingrave 1200 x 510 Flat Panel Radiator Matt Anthracite | £321.0 | heating/radiators
2026-08-05 20:16:35,439 INFO  scraper.vendor:   NEW Wingrave 1200 x 410 Flat Panel Radiator Matt Anthracite | £296.0 | heating/radiators
2026-08-05 20:16:37,969 INFO  scraper.vendor:   NEW Wingrave 1200 x 310 Flat Panel Radiator Matt Anthracite | £281.0 | heating/radiators
2026-08-05 20:16:40,419 INFO  scraper.vendor:   NEW Wingrave 1800 x 610 Flat Panel Radiator Matt Anthracite | £454.0 | heating/radiators
2026-08-05 20:16:43,035 INFO  scraper.vendor:   NEW Wingrave 1800 x 510 Flat Panel Radiator Matt Anthracite | £410.0 | heating/radiators
2026-08-05 20:16:45,638 INFO  scraper.vendor:   NEW Wingrave 1800 x 410 Flat Panel Radiator Matt Anthracite | £368.0 | heating/radiators
2026-08-05 20:16:48,046 INFO  scraper.vendor:   NEW Wingrave 600 x 600 Straight Multirail Gloss White | £69.0 | heating/towel-rails
2026-08-05 20:16:50,887 INFO  scraper.vendor:   NEW Wingrave 600 x 500 Straight Multirail Gloss White | £65.0 | heating/towel-rails
2026-08-05 20:16:53,414 INFO  scraper.vendor:   NEW Wingrave 600 x 400 Straight Multirail Gloss White | £61.0 | heating/towel-rails
2026-08-05 20:16:55,536 INFO  scraper.vendor:   NEW Wingrave Curved Multirail 800 x 400 Chrome | £107.0 | heating/towel-rails
2026-08-05 20:16:57,259 INFO  scraper.vendor:   NEW Wingrave 1800 x 600 Straight Multirail Matt Black | £154.0 | heating/towel-rails
2026-08-05 20:16:59,360 INFO  scraper.vendor:   NEW Wingrave 1400 x 600 Straight Multirail Matt Anthracite | £126.0 | heating/towel-rails
2026-08-05 20:17:01,525 INFO  scraper.vendor:   NEW Wingrave 1400 x 400 Straight Multirail Matt Anthracite | £109.0 | heating/towel-rails
2026-08-05 20:17:03,968 INFO  scraper.vendor:   NEW Wingrave 1600 x 400 Straight Multirail Matt Black | £119.0 | heating/towel-rails
2026-08-05 20:17:06,404 INFO  scraper.vendor:   NEW Wingrave Curved Multirail 1800 x 600 Chrome | £258.0 | heating/towel-rails
2026-08-05 20:17:08,643 INFO  scraper.vendor:   NEW Wingrave 1400 x 600 Straight Multirail Matt Black | £126.0 | heating/towel-rails
2026-08-05 20:17:11,498 INFO  scraper.vendor:   NEW Wingrave Curved Multirail 1800 x 500 Chrome | £240.0 | heating/towel-rails
2026-08-05 20:17:13,507 INFO  scraper.vendor:   NEW Wingrave 1400 x 500 Straight Multirail Matt Black | £118.0 | heating/towel-rails
2026-08-05 20:17:15,344 INFO  scraper.vendor:   NEW Wingrave Curved Multirail 1800 x 400 Chrome | £217.0 | heating/towel-rails
2026-08-05 20:17:17,444 INFO  scraper.vendor:   NEW Wingrave Curved Multirail 1600 x 600 Chrome | £231.0 | heating/towel-rails
2026-08-05 20:17:19,644 INFO  scraper.vendor:   NEW Wingrave Curved Multirail 1600 x 400 Chrome | £194.0 | heating/towel-rails
2026-08-05 20:17:21,719 INFO  scraper.vendor:   NEW Wingrave 1800 x 310 Flat Panel Radiator Matt Anthracite | £341.0 | heating/radiators
2026-08-05 20:17:24,200 INFO  scraper.vendor:   NEW Wingrave 1600 x 600 Straight Multirail Matt Grey | £135.0 | heating/towel-rails
2026-08-05 20:17:26,591 INFO  scraper.vendor:   NEW Wingrave 1600 x 500 Straight Multirail Matt Grey | £128.0 | heating/towel-rails
2026-08-05 20:17:28,702 INFO  scraper.vendor:   NEW Wingrave 1200 x 510 Flat Panel Radiator Gloss White | £297.0 | heating/radiators
2026-08-05 20:17:30,499 INFO  scraper.vendor:   NEW Wingrave 1600 x 400 Straight Multirail Matt Grey | £119.0 | heating/towel-rails
2026-08-05 20:17:32,926 INFO  scraper.vendor:   NEW Wingrave 1600 x 300 Straight Multirail Matt Grey | £100.0 | heating/towel-rails
2026-08-05 20:17:35,069 INFO  scraper.vendor:   NEW Wingrave 1400 x 500 Straight Multirail Matt Grey | £118.0 | heating/towel-rails
2026-08-05 20:17:37,862 INFO  scraper.vendor:   NEW Wingrave 1400 x 400 Straight Multirail Matt Grey | £109.0 | heating/towel-rails
2026-08-05 20:17:39,997 INFO  scraper.vendor:   NEW Wingrave 1400 x 300 Straight Multirail Matt Grey | £96.0 | heating/towel-rails
2026-08-05 20:17:42,858 INFO  scraper.vendor:   NEW Wingrave 600 x 1200 Straight Multirail Chrome | £210.0 | heating/towel-rails
2026-08-05 20:17:45,624 INFO  scraper.vendor:   NEW Wingrave 600 x 1200 Straight Multirail Matt Black | £137.0 | heating/towel-rails
2026-08-05 20:17:48,259 INFO  scraper.vendor:   NEW Wingrave 600 x 1000 Straight Multirail Matt Black | £125.0 | heating/towel-rails
2026-08-05 20:17:50,778 INFO  scraper.vendor:   NEW Wingrave 600 x 1200 Straight Multirail Matt Anthracite | £137.0 | heating/towel-rails
2026-08-05 20:17:53,356 INFO  scraper.vendor:   NEW Wingrave 600 x 1200 Straight Multirail Matt Grey | £137.0 | heating/towel-rails
2026-08-05 20:17:55,333 INFO  scraper.vendor:   NEW Wingrave 600 x 1000 Straight Multirail Matt Grey | £125.0 | heating/towel-rails
2026-08-05 20:17:57,502 INFO  scraper.vendor:   NEW Wingrave 1000 x 400 Straight Multirail Matt Black | £84.0 | heating/towel-rails
2026-08-05 20:18:00,159 INFO  scraper.vendor:   NEW Wingrave 600 x 1000 Straight Multirail Matt White | £125.0 | heating/towel-rails
2026-08-05 20:18:02,333 INFO  scraper.vendor:   NEW Wingrave 600 x 1000 Straight Multirail Gloss White | £125.0 | heating/towel-rails
2026-08-05 20:18:04,953 INFO  scraper.vendor:   NEW Wingrave 1800 x 600 Straight Multirail Matt Grey | £154.0 | heating/towel-rails
2026-08-05 20:18:07,102 INFO  scraper.vendor:   NEW Wingrave 1800 x 500 Straight Multirail Matt Grey | £153.0 | heating/towel-rails
2026-08-05 20:18:09,482 INFO  scraper.vendor:   NEW Wingrave Curved Multirail 1200 x 600 Chrome | £182.0 | heating/towel-rails
2026-08-05 20:18:11,811 INFO  scraper.vendor:   NEW Wingrave Curved Multirail 1200 x 500 Chrome | £164.0 | heating/towel-rails
2026-08-05 20:18:14,178 INFO  scraper.vendor:   NEW Wingrave 1800 x 300 Straight Multirail Matt Grey | £112.0 | heating/towel-rails
2026-08-05 20:18:16,475 INFO  scraper.vendor:   NEW Wingrave Curved Multirail 1200 x 400 Chrome | £149.0 | heating/towel-rails
2026-08-05 20:18:18,975 INFO  scraper.vendor:   NEW Wingrave Curved Multirail 1000 x 600 Chrome | £155.0 | heating/towel-rails
2026-08-05 20:18:21,205 INFO  scraper.vendor:   NEW Wingrave Curved Multirail 1000 x 500 Chrome | £139.0 | heating/towel-rails
2026-08-05 20:18:23,588 INFO  scraper.vendor:   NEW Wingrave 1400 x 600 Straight Multirail Gloss White | £121.0 | heating/towel-rails
2026-08-05 20:18:25,996 INFO  scraper.vendor:   NEW Wingrave Curved Multirail 1000 x 400 Chrome | £128.0 | heating/towel-rails
2026-08-05 20:18:28,620 INFO  scraper.vendor:   NEW Wingrave Curved Multirail 800 x 500 Chrome | £124.0 | heating/towel-rails
2026-08-05 20:18:31,105 INFO  scraper.vendor:   NEW Wingrave Curved Multirail 1800 x 400 Gloss White | £128.0 | heating/towel-rails
2026-08-05 20:18:33,415 INFO  scraper.vendor:   NEW Wingrave Curved Multirail 1600 x 500 Gloss White | £125.0 | heating/towel-rails
2026-08-05 20:18:35,851 INFO  scraper.vendor:   NEW Wingrave Curved Multirail 1600 x 400 Gloss White | £113.0 | heating/towel-rails
2026-08-05 20:18:38,589 INFO  scraper.vendor:   NEW Wingrave Curved Multirail 1200 x 500 Gloss White | £98.0 | heating/towel-rails
2026-08-05 20:18:41,106 INFO  scraper.vendor:   NEW Wingrave Curved Multirail 1200 x 400 Gloss White | £92.0 | heating/towel-rails
2026-08-05 20:18:43,866 INFO  scraper.vendor:   NEW Wingrave 1200 x 500 Straight Multirail Matt Grey | £101.0 | heating/towel-rails
2026-08-05 20:18:46,439 INFO  scraper.vendor:   NEW Wingrave 1200 x 400 Straight Multirail Matt Grey | £97.0 | heating/towel-rails
2026-08-05 20:18:48,695 INFO  scraper.vendor:   NEW Wingrave 1200 x 300 Straight Multirail Matt Grey | £83.0 | heating/towel-rails
2026-08-05 20:18:51,244 INFO  scraper.vendor:   NEW Wingrave 1000 x 600 Straight Multirail Matt Grey | £97.0 | heating/towel-rails
2026-08-05 20:18:53,694 INFO  scraper.vendor:   NEW Wingrave 1000 x 400 Straight Multirail Matt Grey | £84.0 | heating/towel-rails
2026-08-05 20:18:56,064 INFO  scraper.vendor:   NEW Wingrave 1000 x 300 Straight Multirail Matt Grey | £72.0 | heating/towel-rails
2026-08-05 20:18:58,671 INFO  scraper.vendor:   NEW Wingrave 800 x 600 Straight Multirail Matt Grey | £84.0 | heating/towel-rails
2026-08-05 20:19:00,846 INFO  scraper.vendor:   NEW Wingrave 800 x 500 Straight Multirail Matt Grey | £80.0 | heating/towel-rails
2026-08-05 20:19:03,325 INFO  scraper.vendor:   NEW Wingrave 800 x 400 Straight Multirail Matt Grey | £74.0 | heating/towel-rails
2026-08-05 20:19:05,676 INFO  scraper.vendor:   NEW Wingrave 800 x 300 Straight Multirail Matt Grey | £63.0 | heating/towel-rails
2026-08-05 20:19:07,843 INFO  scraper.vendor:   NEW Wingrave 600 x 600 Straight Multirail Matt Grey | £72.0 | heating/towel-rails
2026-08-05 20:19:09,964 INFO  scraper.vendor:   NEW Wingrave 600 x 500 Straight Multirail Matt Grey | £69.0 | heating/towel-rails
2026-08-05 20:19:12,464 INFO  scraper.vendor:   NEW Wingrave 600 x 400 Straight Multirail Matt Grey | £63.0 | heating/towel-rails
2026-08-05 20:19:14,562 INFO  scraper.vendor:   NEW Wingrave 600 x 300 Straight Multirail Matt Grey | £61.0 | heating/towel-rails
2026-08-05 20:19:17,114 INFO  scraper.vendor:   NEW Wingrave 800 x 600 Straight Multirail Gloss White | £78.0 | heating/towel-rails
2026-08-05 20:19:19,664 INFO  scraper.vendor:   NEW Wingrave 800 x 500 Straight Multirail Gloss White | £73.0 | heating/towel-rails
2026-08-05 20:19:22,024 INFO  scraper.vendor:   NEW Wingrave 1800 x 600 Straight Multirail Matt Cobalt Blue | £154.0 | heating/towel-rails
2026-08-05 20:19:24,429 INFO  scraper.vendor:   NEW Wingrave 1800 x 500 Straight Multirail Matt Cobalt Blue | £153.0 | heating/towel-rails
2026-08-05 20:19:26,420 INFO  scraper.vendor:   NEW Wingrave 1600 x 600 Straight Multirail Matt Cobalt Blue | £135.0 | heating/towel-rails
2026-08-05 20:19:28,909 INFO  scraper.vendor:   NEW Wingrave 1600 x 500 Straight Multirail Matt Cobalt Blue | £128.0 | heating/towel-rails
2026-08-05 20:19:31,306 INFO  scraper.vendor:   NEW Wingrave 1200 x 600 Straight Multirail Matt Cobalt Blue | £109.0 | heating/towel-rails
2026-08-05 20:19:33,050 INFO  scraper.vendor:   NEW Volente 6mm Easy Clean 1000x800mm Offset Quadrant Shower Enc | £598.0 | showering/shower-enclosures
2026-08-05 20:19:35,203 INFO  scraper.vendor:   NEW Biscay 1700 x 750 x 440mm Right Hand (RH) Straight Beauforte | £764.0 | baths/shower-bath
2026-08-05 20:19:37,343 INFO  scraper.vendor:   NEW Wingrave Flat Panel Towel Hanger 610mm Gloss White | £68.0 | accessories
2026-08-05 20:19:39,556 INFO  scraper.vendor:   NEW Wingrave Flat Panel Towel Hanger 510mm Gloss White | £61.0 | accessories
2026-08-05 20:19:42,054 INFO  scraper.vendor:   NEW Wingrave Flat Panel Towel Hanger 410mm Gloss White | £54.0 | accessories
2026-08-05 20:19:44,107 INFO  scraper.vendor:   NEW Wingrave Flat Panel Towel Hanger 310mm Gloss White | £50.0 | accessories
2026-08-05 20:19:46,616 INFO  scraper.vendor:   NEW Wingrave Flat Panel Towel Hanger 610mm Chrome | £68.0 | accessories
2026-08-05 20:19:48,938 INFO  scraper.vendor:   NEW Wingrave Flat Panel Towel Hanger 510mm Chrome | £61.0 | accessories
2026-08-05 20:19:51,051 INFO  scraper.vendor:   NEW Wingrave Flat Panel Towel Hanger 410mm Chrome | £54.0 | accessories
2026-08-05 20:19:53,356 INFO  scraper.vendor:   NEW Wingrave Flat Panel Towel Hanger 310mm Chrome | £50.0 | accessories
2026-08-05 20:19:55,355 INFO  scraper.vendor:   NEW Wingrave Flat Panel Towel Hanger 610mm Matt Black | £68.0 | accessories
2026-08-05 20:19:57,683 INFO  scraper.vendor:   NEW Wingrave Flat Panel Towel Hanger 510mm Matt Black | £61.0 | accessories
2026-08-05 20:19:59,826 INFO  scraper.vendor:   NEW Wingrave Flat Panel Towel Hanger 410mm Matt Black | £54.0 | accessories
2026-08-05 20:20:02,232 INFO  scraper.vendor:   NEW Wingrave Flat Panel Towel Hanger 310mm Matt Black | £50.0 | accessories
2026-08-05 20:20:04,656 INFO  scraper.vendor:   NEW Wingrave Flat Panel Towel Hanger 610mm Matt Anthracite | £68.0 | accessories
2026-08-05 20:20:06,777 INFO  scraper.vendor:   NEW Wingrave Flat Panel Towel Hanger 510mm Matt Anthracite | £61.0 | accessories
2026-08-05 20:20:09,064 INFO  scraper.vendor:   NEW Wingrave Flat Panel Towel Hanger 410mm Matt Anthracite | £54.0 | accessories
2026-08-05 20:20:11,347 INFO  scraper.vendor:   NEW Wingrave Flat Panel Towel Hanger 310mm Matt Anthracite | £50.0 | accessories
2026-08-05 20:20:13,255 INFO  scraper.vendor:   NEW Square Towel Hanger 470mm Chrome | £96.0 | accessories
2026-08-05 20:20:15,516 INFO  scraper.vendor:   NEW Square Towel Hanger 375mm Chrome | £83.0 | accessories
2026-08-05 20:20:17,547 INFO  scraper.vendor:   NEW Square Towel Hanger 565mm Matt Black | £92.0 | accessories
2026-08-05 20:20:19,852 INFO  scraper.vendor:   NEW Flat Triple Towel Hanger 470mm Polished Stainless Steel | £299.0 | accessories
2026-08-05 20:20:22,069 INFO  scraper.vendor:   NEW Square Towel Hanger 470mm Matt Black | £79.0 | accessories
2026-08-05 20:20:24,007 INFO  scraper.vendor:   NEW Flat Triple Towel Hanger 375mm Polished Stainless Steel | £261.0 | accessories
2026-08-05 20:20:25,932 INFO  scraper.vendor:   NEW Flat Triple Towel Hanger 280mm Polished Stainless Steel | £240.0 | accessories
2026-08-05 20:20:28,274 INFO  scraper.vendor:   NEW Square Towel Hanger 375mm Matt Black | £72.0 | accessories
2026-08-05 20:20:30,554 INFO  scraper.vendor:   NEW Curved Triple Towel Hanger 470mm Brushed Stainless Steel | £299.0 | accessories
2026-08-05 20:20:32,765 INFO  scraper.vendor:   NEW Square Towel Hanger 565mm Matt Anthracite | £92.0 | accessories
2026-08-05 20:20:35,411 INFO  scraper.vendor:   NEW Curved Triple Towel Hanger 375mm Brushed Stainless Steel | £261.0 | accessories
2026-08-05 20:20:37,601 INFO  scraper.vendor:   NEW Square Towel Hanger 470mm Matt Anthracite | £79.0 | accessories
2026-08-05 20:20:39,694 INFO  scraper.vendor:   NEW Curved Triple Towel Hanger 280mm Brushed Stainless Steel | £240.0 | accessories
2026-08-05 20:20:42,039 INFO  scraper.vendor:   NEW Square Towel Hanger 375mm Matt Anthracite | £72.0 | accessories
2026-08-05 20:20:44,376 INFO  scraper.vendor:   NEW Flat Triple Towel Hanger 470mm Brushed Stainless Steel | £299.0 | accessories
2026-08-05 20:20:46,279 INFO  scraper.vendor:   NEW Flat Triple Towel Hanger 375mm Brushed Stainless Steel | £261.0 | accessories
2026-08-05 20:20:48,303 INFO  scraper.vendor:   NEW Square Towel Hanger 565mm Matt White | £92.0 | accessories
2026-08-05 20:20:50,829 INFO  scraper.vendor:   NEW Flat Triple Towel Hanger 280mm Brushed Stainless Steel | £240.0 | accessories
2026-08-05 20:20:52,714 INFO  scraper.vendor:   NEW Square Towel Hanger 470mm Matt White | £79.0 | accessories
2026-08-05 20:20:54,775 INFO  scraper.vendor:   NEW Tunstall H Towel Hanger 589mm Chrome | £90.0 | accessories
2026-08-05 20:20:56,928 INFO  scraper.vendor:   NEW Tunstall H Towel Hanger 589mm Matt Black | £84.0 | accessories
2026-08-05 20:20:59,081 INFO  scraper.vendor:   NEW Square Towel Hanger 375mm Matt White | £72.0 | accessories
2026-08-05 20:21:01,474 INFO  scraper.vendor:   NEW Tunstall H Towel Hanger 589mm Matt Anthracite | £84.0 | accessories
2026-08-05 20:21:03,555 INFO  scraper.vendor:   NEW Square Magnetic Towel Hanger 600mm. Chrome | £109.0 | accessories
2026-08-05 20:21:05,879 INFO  scraper.vendor:   NEW Tunstall H Towel Hanger 589mm Matt White | £84.0 | accessories
2026-08-05 20:21:07,844 INFO  scraper.vendor:   NEW Tunstall H Towel Hanger 330mm Chrome | £70.0 | accessories
2026-08-05 20:21:09,839 INFO  scraper.vendor:   NEW Tunstall H Towel Hanger 330mm Matt Black | £70.0 | accessories
2026-08-05 20:21:11,708 INFO  scraper.vendor:   NEW Round Magnetic Towel Hanger 600mm. Chrome | £102.0 | accessories
2026-08-05 20:21:14,036 INFO  scraper.vendor:   NEW Tunstall H Towel Hanger 330mm Matt Anthracite | £70.0 | accessories
2026-08-05 20:21:16,342 INFO  scraper.vendor:   NEW Tunstall H Towel Hanger 330mm Matt White | £70.0 | accessories
2026-08-05 20:21:18,533 INFO  scraper.vendor:   NEW Curved Triple Towel Hanger 565mm Polished Stainless Steel | £335.0 | accessories
2026-08-05 20:21:20,588 INFO  scraper.vendor:   NEW Triangle Towel Hanger 565mm Matt White | £97.0 | accessories
2026-08-05 20:21:22,757 INFO  scraper.vendor:   NEW Tunstall V Towel Hanger 630mm Matt Black | £84.0 | accessories
2026-08-05 20:21:24,983 INFO  scraper.vendor:   NEW Curved Triple Towel Hanger 565mm Brushed Stainless Steel | £335.0 | accessories
2026-08-05 20:21:27,002 INFO  scraper.vendor:   NEW Triangle Towel Hanger 470mm Matt White | £83.0 | accessories
2026-08-05 20:21:28,870 INFO  scraper.vendor:   NEW Tunstall V Towel Hanger 630mm Matt Anthracite | £84.0 | accessories
2026-08-05 20:21:31,161 INFO  scraper.vendor:   NEW Triangle Towel Hanger 375mm Matt White | £74.0 | accessories
2026-08-05 20:21:33,228 INFO  scraper.vendor:   NEW Tunstall V Towel Hanger 630mm Matt White | £84.0 | accessories
2026-08-05 20:21:35,648 INFO  scraper.vendor:   NEW Flat Triple Towel Hanger 565mm Polished Stainless Steel | £335.0 | accessories
2026-08-05 20:21:38,031 INFO  scraper.vendor:   NEW Square Towel Hanger 565mm Chrome | £112.0 | accessories
2026-08-05 20:21:40,233 INFO  scraper.vendor:   NEW Flat Triple Towel Hanger 565mm Brushed Stainless Steel | £335.0 | accessories
2026-08-05 20:21:42,304 INFO  scraper.vendor:   NEW Multirail Straight Towel Hanger 600mm Matt Black | £60.0 | heating/towel-rails
2026-08-05 20:21:44,553 INFO  scraper.vendor:   NEW Multirail Straight Towel Hanger 500mm Matt Black | £54.0 | heating/towel-rails
2026-08-05 20:21:46,709 INFO  scraper.vendor:   NEW Multirail Straight Towel Hanger 400mm Matt Black | £47.0 | heating/towel-rails
2026-08-05 20:21:48,806 INFO  scraper.vendor:   NEW Curved Triple Towel Hanger 470mm Polished Stainless Steel | £299.0 | accessories
2026-08-05 20:21:50,662 INFO  scraper.vendor:   NEW Curved Triple Towel Hanger 375mm Polished Stainless Steel | £261.0 | accessories
2026-08-05 20:21:52,831 INFO  scraper.vendor:   NEW Curved Triple Towel Hanger 280mm Polished Stainless Steel | £240.0 | accessories
2026-08-05 20:21:54,709 INFO  scraper.vendor:   NEW Tunstall V Towel Hanger 280mm Chrome | £65.0 | accessories
2026-08-05 20:21:56,769 INFO  scraper.vendor:   NEW Tunstall V Towel Hanger 280mm Matt Black | £60.0 | accessories
2026-08-05 20:21:58,610 INFO  scraper.vendor:   NEW Tunstall V Towel Hanger 280mm Matt Anthracite | £60.0 | accessories
2026-08-05 20:22:01,017 INFO  scraper.vendor:   NEW Tunstall V Towel Hanger 280mm Matt White | £60.0 | accessories
2026-08-05 20:22:03,200 INFO  scraper.vendor:   NEW Multirail Straight Towel Hanger 750mm Chrome | £88.0 | heating/towel-rails
2026-08-05 20:22:05,568 INFO  scraper.vendor:   NEW Multirail Straight Towel Hanger 750mm Gloss White | £63.0 | heating/towel-rails
2026-08-05 20:22:07,775 INFO  scraper.vendor:   NEW Multirail Straight Towel Hanger 600mm Matt White | £60.0 | heating/towel-rails
2026-08-05 20:22:09,825 INFO  scraper.vendor:   NEW Multirail Straight Towel Hanger 600mm Gloss White | £60.0 | heating/towel-rails
2026-08-05 20:22:11,969 INFO  scraper.vendor:   NEW Multirail Straight Towel Hanger 500mm Chrome | £78.0 | heating/towel-rails
2026-08-05 20:22:13,811 INFO  scraper.vendor:   NEW Multirail Straight Towel Hanger 500mm Matt Anthracite | £54.0 | heating/towel-rails
2026-08-05 20:22:16,000 INFO  scraper.vendor:   NEW Multirail Straight Towel Hanger 500mm Matt White | £54.0 | heating/towel-rails
2026-08-05 20:22:18,181 INFO  scraper.vendor:   NEW Multirail Straight Towel Hanger 450mm Chrome | £70.0 | heating/towel-rails
2026-08-05 20:22:20,397 INFO  scraper.vendor:   NEW Multirail Straight Towel Hanger 450mm Gloss White | £52.0 | heating/towel-rails
2026-08-05 20:22:22,632 INFO  scraper.vendor:   NEW Multirail Straight Towel Hanger 400mm Matt White | £47.0 | heating/towel-rails
2026-08-05 20:22:24,684 INFO  scraper.vendor:   NEW Tunstall V Towel Hanger 420mm Matt Black | £73.0 | accessories
2026-08-05 20:22:26,794 INFO  scraper.vendor:   NEW Multirail Straight Towel Hanger 400mm Gloss White | £47.0 | heating/towel-rails
2026-08-05 20:22:28,792 INFO  scraper.vendor:   NEW Tunstall V Towel Hanger 420mm Matt Anthracite | £73.0 | accessories
2026-08-05 20:22:31,005 INFO  scraper.vendor:   NEW Tunstall V Towel Hanger 420mm Matt White | £73.0 | accessories
2026-08-05 20:22:33,462 INFO  scraper.vendor:   NEW Multirail Straight Towel Hanger 300mm Chrome | £62.0 | heating/towel-rails
2026-08-05 20:22:35,699 INFO  scraper.vendor:   NEW Multirail Straight Towel Hanger 300mm Gloss White | £46.0 | heating/towel-rails
2026-08-05 20:22:38,002 INFO  scraper.vendor:   NEW Triangle Towel Hanger 470mm Matt Anthracite | £83.0 | accessories
2026-08-05 20:22:40,093 INFO  scraper.vendor:   NEW Triangle Towel Hanger 375mm Matt Anthracite | £74.0 | accessories
2026-08-05 20:22:42,054 INFO  scraper.vendor:   NEW Multirail Straight Towel Hanger 600mm Matt Grey | £60.0 | heating/towel-rails
2026-08-05 20:22:44,351 INFO  scraper.vendor:   NEW Multirail Straight Towel Hanger 500mm Matt Grey | £54.0 | heating/towel-rails
2026-08-05 20:22:46,620 INFO  scraper.vendor:   NEW Multirail Straight Towel Hanger 400mm Matt Grey | £47.0 | heating/towel-rails
2026-08-05 20:22:48,447 INFO  scraper.vendor:   NEW Circle Towel Hanger 565mm Chrome | £116.0 | accessories
2026-08-05 20:22:50,773 INFO  scraper.vendor:   NEW Circle Towel Hanger 470mm Chrome | £98.0 | accessories
2026-08-05 20:22:53,354 INFO  scraper.vendor:   NEW Circle Towel Hanger 375mm Chrome | £84.0 | accessories
2026-08-05 20:22:55,799 INFO  scraper.vendor:   NEW Circle Towel Hanger 565mm Matt Black | £100.0 | accessories
2026-08-05 20:22:57,919 INFO  scraper.vendor:   NEW Circle Towel Hanger 470mm Matt Black | £86.0 | accessories
2026-08-05 20:22:59,855 INFO  scraper.vendor:   NEW Circle Towel Hanger 375mm Matt Black | £78.0 | accessories
2026-08-05 20:23:02,222 INFO  scraper.vendor:   NEW Circle Towel Hanger 565mm Matt Anthracite | £100.0 | accessories
2026-08-05 20:23:04,845 INFO  scraper.vendor:   NEW Circle Towel Hanger 470mm Matt Anthracite | £86.0 | accessories
2026-08-05 20:23:06,936 INFO  scraper.vendor:   NEW Circle Towel Hanger 375mm Matt Anthracite | £78.0 | accessories
2026-08-05 20:23:09,006 INFO  scraper.vendor:   NEW Circle Towel Hanger 565mm Matt White | £100.0 | accessories
2026-08-05 20:23:11,338 INFO  scraper.vendor:   NEW Circle Towel Hanger 470mm Matt White | £86.0 | accessories
2026-08-05 20:23:13,942 INFO  scraper.vendor:   NEW Circle Towel Hanger 375mm Matt White | £78.0 | accessories
2026-08-05 20:23:16,494 INFO  scraper.vendor:   NEW Triangle Towel Hanger 565mm Chrome | £115.0 | accessories
2026-08-05 20:23:18,356 INFO  scraper.vendor:   NEW Triangle Towel Hanger 470mm Chrome | £97.0 | accessories
2026-08-05 20:23:20,632 INFO  scraper.vendor:   NEW Triangle Towel Hanger 375mm Chrome | £84.0 | accessories
2026-08-05 20:23:22,993 INFO  scraper.vendor:   NEW Triangle Towel Hanger 565mm Matt Black | £97.0 | accessories
2026-08-05 20:23:25,176 INFO  scraper.vendor:   NEW Triangle Towel Hanger 470mm Matt Black | £83.0 | accessories
2026-08-05 20:23:26,970 INFO  scraper.vendor:   NEW Triangle Towel Hanger 375mm Matt Black | £74.0 | accessories
2026-08-05 20:23:29,207 INFO  scraper.vendor:   NEW Triangle Towel Hanger 565mm Matt Anthracite | £97.0 | accessories
2026-08-05 20:23:31,523 INFO  scraper.vendor:   NEW Type 11 Compact Panel Radiator 500 x 900 Gloss White | £258.42 | heating/radiators
2026-08-05 20:23:33,420 INFO  scraper.vendor:   NEW Type 11 Compact Panel Radiator 500 x 700 Gloss White | £201.03 | heating/radiators
2026-08-05 20:23:35,669 INFO  scraper.vendor:   NEW Type 11 Compact Panel Radiator 500 x 600 Gloss White | £172.25 | heating/radiators
2026-08-05 20:23:37,993 INFO  scraper.vendor:   NEW Type 11 Compact Panel Radiator 500 x 400 Gloss White | £114.85 | heating/radiators
2026-08-05 20:23:40,018 INFO  scraper.vendor:   NEW Type 11 Compact Panel Radiator 400 x 1800 Gloss White | £427.39 | heating/radiators
2026-08-05 20:23:42,185 INFO  scraper.vendor:   NEW Type 11 Compact Panel Radiator 600 x 900 Gloss White | £300.85 | heating/radiators
2026-08-05 20:23:44,468 INFO  scraper.vendor:   NEW Type 11 Compact Panel Radiator 600 x 700 Gloss White | £233.99 | heating/radiators
2026-08-05 20:23:46,534 INFO  scraper.vendor:   NEW Type 11 Compact Panel Radiator 400 x 1000 Gloss White | £237.43 | heating/radiators
2026-08-05 20:23:48,676 INFO  scraper.vendor:   NEW Type 11 Compact Panel Radiator 400 x 900 Gloss White | £213.71 | heating/radiators
2026-08-05 20:23:50,814 INFO  scraper.vendor:   NEW Type 11 Compact Panel Radiator 400 x 800 Gloss White | £189.95 | heating/radiators
2026-08-05 20:23:53,361 INFO  scraper.vendor:   NEW Type 11 Compact Panel Radiator 500 x 2000 Gloss White | £574.26 | heating/radiators
2026-08-05 20:23:55,777 INFO  scraper.vendor:   NEW Type 11 Compact Panel Radiator 400 x 700 Gloss White | £166.23 | heating/radiators
2026-08-05 20:23:57,897 INFO  scraper.vendor:   NEW Type 11 Compact Panel Radiator 400 x 600 Gloss White | £142.47 | heating/radiators
2026-08-05 20:23:59,950 INFO  scraper.vendor:   NEW Type 11 Compact Panel Radiator 500 x 1600 Gloss White | £459.43 | heating/radiators
2026-08-05 20:24:01,826 INFO  scraper.vendor:   NEW Type 11 Compact Panel Radiator 400 x 400 Gloss White | £94.99 | heating/radiators
2026-08-05 20:24:04,184 INFO  scraper.vendor:   NEW Type 11 Compact Panel Radiator 500 x 1500 Gloss White | £430.72 | heating/radiators
2026-08-05 20:24:06,380 INFO  scraper.vendor:   NEW Type 11 Compact Panel Radiator 500 x 1400 Gloss White | £402.0 | heating/radiators
2026-08-05 20:24:08,400 INFO  scraper.vendor:   NEW Type 11 Compact Panel Radiator 500 x 1300 Gloss White | £373.29 | heating/radiators
2026-08-05 20:24:10,451 INFO  scraper.vendor:   NEW Type 11 Compact Panel Radiator 300 x 1400 Gloss White | £257.69 | heating/radiators
2026-08-05 20:24:12,585 INFO  scraper.vendor:   NEW Type 11 Compact Panel Radiator 300 x 1200 Gloss White | £220.88 | heating/radiators
2026-08-05 20:24:14,881 INFO  scraper.vendor:   NEW Type 11 Compact Panel Radiator 500 x 1100 Gloss White | £315.85 | heating/radiators
2026-08-05 20:24:17,131 INFO  scraper.vendor:   NEW Type 11 Compact Panel Radiator 500 x 1000 Gloss White | £287.15 | heating/radiators
2026-08-05 20:24:19,029 INFO  scraper.vendor:   NEW Type 11 Compact Panel Radiator 300 x 800 Gloss White | £128.84 | heating/radiators
2026-08-05 20:24:20,935 INFO  scraper.vendor:   NEW Type 21 Compact Panel Radiator 400 x 1200 Gloss White | £435.57 | heating/radiators
2026-08-05 20:24:23,173 INFO  scraper.vendor:   NEW Type 21 Compact Panel Radiator 400 x 1100 Gloss White | £399.29 | heating/radiators
2026-08-05 20:24:25,072 INFO  scraper.vendor:   NEW Type 21 Compact Panel Radiator 400 x 1000 Gloss White | £362.97 | heating/radiators
2026-08-05 20:24:26,909 INFO  scraper.vendor:   NEW Type 21 Compact Panel Radiator 400 x 900 Gloss White | £326.69 | heating/radiators
2026-08-05 20:24:29,227 INFO  scraper.vendor:   NEW Type 21 Compact Panel Radiator 400 x 800 Gloss White | £290.39 | heating/radiators
2026-08-05 20:24:31,360 INFO  scraper.vendor:   NEW Type 21 Compact Panel Radiator 400 x 700 Gloss White | £254.07 | heating/radiators
2026-08-05 20:24:33,417 INFO  scraper.vendor:   NEW Type 21 Compact Panel Radiator 500 x 2000 Gloss White | £867.3 | heating/radiators
2026-08-05 20:24:35,447 INFO  scraper.vendor:   NEW Type 21 Compact Panel Radiator 500 x 1800 Gloss White | £780.58 | heating/radiators
2026-08-05 20:24:37,867 INFO  scraper.vendor:   NEW Type 21 Compact Panel Radiator 400 x 600 Gloss White | £217.79 | heating/radiators
2026-08-05 20:24:40,216 INFO  scraper.vendor:   NEW Type 11 Compact Panel Radiator 300 x 500 Gloss White | £92.01 | heating/radiators
2026-08-05 20:24:42,761 INFO  scraper.vendor:   NEW Type 21 Compact Panel Radiator 500 x 1600 Gloss White | £693.84 | heating/radiators
2026-08-05 20:24:44,815 INFO  scraper.vendor:   NEW Type 21 Compact Panel Radiator 500 x 1400 Gloss White | £607.1 | heating/radiators
2026-08-05 20:24:47,157 INFO  scraper.vendor:   NEW Type 21 Compact Panel Radiator 400 x 400 Gloss White | £145.17 | heating/radiators
2026-08-05 20:24:49,039 INFO  scraper.vendor:   NEW Type 11 Compact Panel Radiator 400 x 1600 Gloss White | £379.9 | heating/radiators
2026-08-05 20:24:51,554 INFO  scraper.vendor:   NEW Type 21 Compact Panel Radiator 500 x 1100 Gloss White | £477.0 | heating/radiators
2026-08-05 20:24:53,940 INFO  scraper.vendor:   NEW Type 11 Compact Panel Radiator 600 x 1600 Matt Black | £588.26 | heating/radiators
2026-08-05 20:24:55,967 INFO  scraper.vendor:   NEW Type 21 Compact Panel Radiator 500 x 900 Gloss White | £390.3 | heating/radiators
2026-08-05 20:24:57,957 INFO  scraper.vendor:   NEW Type 11 Compact Panel Radiator 600 x 1400 Matt Black | £514.75 | heating/radiators
2026-08-05 20:24:59,765 INFO  scraper.vendor:   NEW Type 21 Compact Panel Radiator 500 x 800 Gloss White | £346.93 | heating/radiators
2026-08-05 20:25:02,281 INFO  scraper.vendor:   NEW Type 11 Compact Panel Radiator 600 x 1200 Matt Black | £441.22 | heating/radiators
2026-08-05 20:25:04,896 INFO  scraper.vendor:   NEW Type 21 Compact Panel Radiator 500 x 700 Gloss White | £303.56 | heating/radiators
2026-08-05 20:25:07,224 INFO  scraper.vendor:   NEW Type 21 Compact Panel Radiator 500 x 600 Gloss White | £260.19 | heating/radiators
2026-08-05 20:25:09,473 INFO  scraper.vendor:   NEW Type 11 Compact Panel Radiator 600 x 1000 Matt Black | £367.69 | heating/radiators
2026-08-05 20:25:11,816 INFO  scraper.vendor:   NEW Type 21 Compact Panel Radiator 500 x 400 Gloss White | £173.43 | heating/radiators
2026-08-05 20:25:14,239 INFO  scraper.vendor:   NEW Type 21 Compact Panel Radiator 400 x 2000 Gloss White | £725.95 | heating/radiators
2026-08-05 20:25:16,540 INFO  scraper.vendor:   NEW Type 21 Compact Panel Radiator 400 x 1800 Gloss White | £653.35 | heating/radiators
2026-08-05 20:25:18,581 INFO  scraper.vendor:   NEW Type 11 Compact Panel Radiator 600 x 1800 Matt Anthracite | £661.85 | heating/radiators
2026-08-05 20:25:20,605 INFO  scraper.vendor:   NEW Type 11 Compact Panel Radiator 600 x 1600 Matt Anthracite | £588.26 | heating/radiators
2026-08-05 20:25:22,731 INFO  scraper.vendor:   NEW Type 11 Compact Panel Radiator 600 x 1400 Matt Anthracite | £514.75 | heating/radiators
2026-08-05 20:25:25,201 INFO  scraper.vendor:   NEW Type 11 Compact Panel Radiator 600 x 1000 Matt Anthracite | £367.69 | heating/radiators
2026-08-05 20:25:27,694 INFO  scraper.vendor:   NEW Type 11 Compact Panel Radiator 600 x 800 Matt Anthracite | £294.14 | heating/radiators
2026-08-05 20:25:29,825 INFO  scraper.vendor:   NEW Type 22 Compact Panel Radiator 300 x 800 Gloss White | £295.39 | heating/radiators
2026-08-05 20:25:31,803 INFO  scraper.vendor:   NEW Type 22 Compact Panel Radiator 300 x 400 Gloss White | £147.69 | heating/radiators
2026-08-05 20:25:34,093 INFO  scraper.vendor:   NEW Type 11 Compact Panel Radiator 600 x 400 Matt Anthracite | £147.08 | heating/radiators
2026-08-05 20:25:35,926 INFO  scraper.vendor:   NEW Type 21 Compact Panel Radiator 600 x 1800 Matt Black | £986.19 | heating/radiators
2026-08-05 20:25:38,341 INFO  scraper.vendor:   NEW Type 11 Compact Panel Radiator 600 x 2000 Gloss White | £668.52 | heating/radiators
2026-08-05 20:25:40,679 INFO  scraper.vendor:   NEW Type 11 Compact Panel Radiator 600 x 1800 Gloss White | £601.68 | heating/radiators
2026-08-05 20:25:42,882 INFO  scraper.vendor:   NEW Type 21 Compact Panel Radiator 600 x 1400 Matt Black | £767.07 | heating/radiators
2026-08-05 20:25:45,488 INFO  scraper.vendor:   NEW Type 22 Compact Panel Radiator 400 x 1800 Gloss White | £844.21 | heating/radiators
2026-08-05 20:25:47,972 INFO  scraper.vendor:   NEW Type 21 Compact Panel Radiator 600 x 1200 Matt Black | £657.47 | heating/radiators
2026-08-05 20:25:50,604 INFO  scraper.vendor:   NEW Type 22 Compact Panel Radiator 400 x 1600 Gloss White | £750.37 | heating/radiators
2026-08-05 20:25:52,571 INFO  scraper.vendor:   NEW Type 11 Compact Panel Radiator 600 x 1500 Gloss White | £501.39 | heating/radiators
2026-08-05 20:25:54,639 INFO  scraper.vendor:   NEW Type 11 Compact Panel Radiator 600 x 1400 Gloss White | £467.96 | heating/radiators
2026-08-05 20:25:56,681 INFO  scraper.vendor:   NEW Type 11 Compact Panel Radiator 600 x 1300 Gloss White | £434.52 | heating/radiators
2026-08-05 20:25:58,906 INFO  scraper.vendor:   NEW Type 22 Compact Panel Radiator 400 x 1100 Gloss White | £515.91 | heating/radiators
2026-08-05 20:26:01,147 INFO  scraper.vendor:   NEW Type 22 Compact Panel Radiator 400 x 1000 Gloss White | £468.97 | heating/radiators
2026-08-05 20:26:03,200 INFO  scraper.vendor:   NEW Type 22 Compact Panel Radiator 400 x 900 Gloss White | £422.11 | heating/radiators
2026-08-05 20:26:05,390 INFO  scraper.vendor:   NEW Type 21 Compact Panel Radiator 600 x 1800 Matt Anthracite | £986.19 | heating/radiators
2026-08-05 20:26:07,583 INFO  scraper.vendor:   NEW Type 22 Compact Panel Radiator 400 x 800 Gloss White | £375.2 | heating/radiators
2026-08-05 20:26:09,866 INFO  scraper.vendor:   NEW Type 21 Compact Panel Radiator 600 x 1600 Matt Anthracite | £876.61 | heating/radiators
2026-08-05 20:26:12,304 INFO  scraper.vendor:   NEW Type 21 Compact Panel Radiator 600 x 1400 Matt Anthracite | £767.07 | heating/radiators
2026-08-05 20:26:14,024 INFO  scraper.vendor:   NEW Type 22 Compact Panel Radiator 400 x 600 Gloss White | £281.41 | heating/radiators
2026-08-05 20:26:16,078 INFO  scraper.vendor:   NEW Type 21 Compact Panel Radiator 600 x 1200 Matt Anthracite | £657.47 | heating/radiators
2026-08-05 20:26:18,359 INFO  scraper.vendor:   NEW Type 22 Compact Panel Radiator 400 x 500 Gloss White | £234.49 | heating/radiators
2026-08-05 20:26:20,707 INFO  scraper.vendor:   NEW Type 21 Compact Panel Radiator 600 x 1000 Matt Anthracite | £547.89 | heating/radiators
2026-08-05 20:26:23,048 INFO  scraper.vendor:   NEW Type 22 Compact Panel Radiator 400 x 400 Gloss White | £187.6 | heating/radiators
2026-08-05 20:26:25,339 INFO  scraper.vendor:   NEW Type 21 Compact Panel Radiator 600 x 800 Matt Anthracite | £438.3 | heating/radiators
2026-08-05 20:26:27,653 INFO  scraper.vendor:   NEW Type 22 Compact Panel Radiator 300 x 1600 Gloss White | £590.77 | heating/radiators
2026-08-05 20:26:29,765 INFO  scraper.vendor:   NEW Type 21 Compact Panel Radiator 600 x 400 Matt Anthracite | £219.16 | heating/radiators
2026-08-05 20:26:32,283 INFO  scraper.vendor:   NEW Type 22 Compact Panel Radiator 300 x 1400 Gloss White | £516.92 | heating/radiators
2026-08-05 20:26:34,732 INFO  scraper.vendor:   NEW Type 21 Compact Panel Radiator 600 x 2000 Gloss White | £996.17 | heating/radiators
2026-08-05 20:26:37,211 INFO  scraper.vendor:   NEW Type 21 Compact Panel Radiator 600 x 1800 Gloss White | £896.54 | heating/radiators
2026-08-05 20:26:39,373 INFO  scraper.vendor:   NEW Type 22 Compact Panel Radiator 300 x 1000 Gloss White | £369.24 | heating/radiators
2026-08-05 20:26:42,027 INFO  scraper.vendor:   NEW Type 21 Compact Panel Radiator 600 x 1500 Gloss White | £747.11 | heating/radiators
2026-08-05 20:26:44,336 INFO  scraper.vendor:   NEW Type 22 Compact Panel Radiator 500 x 1000 Gloss White | £561.05 | heating/radiators
2026-08-05 20:26:46,527 INFO  scraper.vendor:   NEW Type 22 Compact Panel Radiator 600 x 400 Matt Anthracite | £284.1 | heating/radiators
2026-08-05 20:26:48,689 INFO  scraper.vendor:   NEW Type 22 Compact Panel Radiator 500 x 900 Gloss White | £504.91 | heating/radiators
2026-08-05 20:26:51,096 INFO  scraper.vendor:   NEW Type 22 Compact Panel Radiator 500 x 700 Gloss White | £392.72 | heating/radiators
2026-08-05 20:26:53,420 INFO  scraper.vendor:   NEW Type 22 Compact Panel Radiator 600 x 1500 Gloss White | £968.54 | heating/radiators
2026-08-05 20:26:55,523 INFO  scraper.vendor:   NEW Type 22 Compact Panel Radiator 500 x 600 Gloss White | £336.61 | heating/radiators
2026-08-05 20:26:57,806 INFO  scraper.vendor:   NEW Type 22 Compact Panel Radiator 500 x 500 Gloss White | £280.52 | heating/radiators
2026-08-05 20:27:00,162 INFO  scraper.vendor:   NEW Type 22 Compact Panel Radiator 400 x 2000 Gloss White | £938.01 | heating/radiators
2026-08-05 20:27:02,202 INFO  scraper.vendor:   NEW Type 22 Compact Panel Radiator 600 x 1800 Matt Black | £1278.49 | heating/radiators
2026-08-05 20:27:04,490 INFO  scraper.vendor:   NEW Type 22 Compact Panel Radiator 600 x 1100 Gloss White | £710.27 | heating/radiators
2026-08-05 20:27:06,794 INFO  scraper.vendor:   NEW Type 22 Compact Panel Radiator 600 x 1400 Matt Black | £994.36 | heating/radiators
2026-08-05 20:27:08,998 INFO  scraper.vendor:   NEW Type 22 Compact Panel Radiator 600 x 400 Gloss White | £258.28 | heating/radiators
2026-08-05 20:27:11,616 INFO  scraper.vendor:   NEW Type 22 Compact Panel Radiator 600 x 1800 Matt Anthracite | £1278.49 | heating/radiators
2026-08-05 20:27:13,891 INFO  scraper.vendor:   NEW Type 22 Compact Panel Radiator 600 x 1600 Matt Anthracite | £1136.44 | heating/radiators
2026-08-05 20:27:16,024 INFO  scraper.vendor:   NEW Type 22 Compact Panel Radiator 600 x 1200 Matt Anthracite | £852.33 | heating/radiators
2026-08-05 20:27:18,191 INFO  scraper.vendor:   NEW Type 22 Compact Panel Radiator 600 x 1000 Matt Anthracite | £710.26 | heating/radiators
2026-08-05 20:27:20,366 INFO  scraper.vendor:   NEW Type 22 Compact Panel Radiator 600 x 800 Matt Anthracite | £568.22 | heating/radiators
2026-08-05 20:27:22,362 INFO  scraper.vendor:   NEW Type 22 Compact Panel Radiator 500 x 1400 Gloss White | £785.43 | heating/radiators
2026-08-05 20:27:24,483 INFO  scraper.vendor:   NEW Type 22 Compact Panel Radiator 500 x 1100 Gloss White | £617.14 | heating/radiators
2026-08-05 20:27:27,320 INFO  scraper.vendor:   NEW Wendover Curved Multirail 1600 x 400 Gloss White | £112.0 | heating/towel-rails
2026-08-05 20:27:30,027 INFO  scraper.vendor:   NEW Wendover Curved Multirail 1600 x 400 Chrome | £203.0 | heating/towel-rails
2026-08-05 20:27:32,536 INFO  scraper.vendor:   NEW Wendover Curved Multirail 1200 x 600 Chrome | £189.0 | heating/towel-rails
2026-08-05 20:27:34,925 INFO  scraper.vendor:   NEW Wendover Curved Multirail 1200 x 400 Gloss White | £91.0 | heating/towel-rails
2026-08-05 20:27:37,153 INFO  scraper.vendor:   NEW Wendover Curved Multirail 1000 x 500 Gloss White | £88.0 | heating/towel-rails
2026-08-05 20:27:39,521 INFO  scraper.vendor:   NEW Wendover Curved Multirail 1000 x 400 Gloss White | £80.0 | heating/towel-rails
2026-08-05 20:27:41,968 INFO  scraper.vendor:   NEW Wendover Curved Multirail 1000 x 400 Chrome | £137.0 | heating/towel-rails
2026-08-05 20:27:44,507 INFO  scraper.vendor:   NEW Wendover Curved Multirail 800 x 600 Gloss White | £83.0 | heating/towel-rails
2026-08-05 20:27:46,679 INFO  scraper.vendor:   NEW Wendover Curved Multirail 800 x 500 Gloss White | £78.0 | heating/towel-rails
2026-08-05 20:27:49,037 INFO  scraper.vendor:   NEW Wendover Curved Multirail 800 x 400 Gloss White | £73.0 | heating/towel-rails
2026-08-05 20:27:51,317 INFO  scraper.vendor:   NEW Wendover Straight Multirail 800 x 600 Gloss White | £79.0 | heating/towel-rails
2026-08-05 20:27:53,800 INFO  scraper.vendor:   NEW Wendover Curved Multirail 1600 x 500 Gloss White | £124.0 | heating/towel-rails
2026-08-05 20:27:56,424 INFO  scraper.vendor:   NEW Wendover Curved Multirail 800 x 400 Chrome | £124.0 | heating/towel-rails
2026-08-05 20:27:58,906 INFO  scraper.vendor:   NEW Wendover Straight Multirail 1200 x 300 Gloss White | £88.0 | heating/towel-rails
2026-08-05 20:28:01,573 INFO  scraper.vendor:   NEW Wendover Straight Multirail 1000 x 300 Gloss White | £78.0 | heating/towel-rails
2026-08-05 20:28:04,241 INFO  scraper.vendor:   NEW Wendover Straight Multirail 600 x 300 Gloss White | £56.0 | heating/towel-rails
2026-08-05 20:28:06,984 INFO  scraper.vendor:   NEW Wendover Straight Multirail 600 x 600 Gloss White | £69.0 | heating/towel-rails
2026-08-05 20:28:08,954 INFO  scraper.vendor:   NEW Wendover Straight Multirail 1600 x 500 Gloss White | £119.0 | heating/towel-rails
2026-08-05 20:28:11,059 INFO  scraper.vendor:   NEW Wendover Straight Multirail 1600 x 400 Gloss White | £109.0 | heating/towel-rails
2026-08-05 20:28:13,093 INFO  scraper.vendor:   NEW Wendover Straight Multirail 1800 x 750 Gloss White | £176.0 | heating/towel-rails
2026-08-05 20:28:15,546 INFO  scraper.vendor:   NEW Wendover Straight Multirail 600 x 750 Gloss White | £79.0 | heating/towel-rails
2026-08-05 20:28:17,722 INFO  scraper.vendor:   NEW Wendover Curved Multirail 1800 x 400 Gloss White | £125.0 | heating/towel-rails
2026-08-05 20:28:20,190 INFO  scraper.vendor:   NEW Wendover Curved Multirail 1800 x 400 Chrome | £228.0 | heating/towel-rails
2026-08-05 20:28:22,432 INFO  scraper.vendor:   NEW Wendover Straight Multirail 800 x 750 Chrome | £166.0 | heating/towel-rails
2026-08-05 20:28:24,608 INFO  scraper.vendor:   NEW Biava Square 1800x600 Gloss White | £184.0 | heating/towel-rails
2026-08-05 20:28:26,923 INFO  scraper.vendor:   NEW Wendover Curved Multirail 600 x 750 Chrome | £136.0 | heating/towel-rails
2026-08-05 20:28:29,341 INFO  scraper.vendor:   NEW Biava Square 1200x600 Gloss White | £136.0 | heating/towel-rails
2026-08-05 20:28:31,494 INFO  scraper.vendor:   NEW Biava Square 600x600 Gloss White | £73.0 | heating/towel-rails
2026-08-05 20:28:33,807 INFO  scraper.vendor:   NEW Wendover Curved Multirail 600 x 600 Gloss White | £70.0 | heating/towel-rails
2026-08-05 20:28:35,920 INFO  scraper.vendor:   NEW Biava Square 1200x500 Gloss White | £123.0 | heating/towel-rails
2026-08-05 20:28:37,911 INFO  scraper.vendor:   NEW Wendover Curved Multirail 600 x 500 Gloss White | £66.0 | heating/towel-rails
2026-08-05 20:28:39,838 INFO  scraper.vendor:   NEW Biava Square 600x500 Gloss White | £69.0 | heating/towel-rails
2026-08-05 20:28:42,470 INFO  scraper.vendor:   NEW Staverton Tube on Tube 1800x500 Gloss White | £562.0 | heating/towel-rails
2026-08-05 20:28:44,909 INFO  scraper.vendor:   NEW Wendover Curved Multirail 600 x 400 Gloss White | £63.0 | heating/towel-rails
2026-08-05 20:28:47,169 INFO  scraper.vendor:   NEW Staverton Tube on Tube 1200x500 Gloss White | £387.0 | heating/towel-rails
2026-08-05 20:28:49,332 INFO  scraper.vendor:   NEW Biava Square 1800x400 Gloss White | £151.0 | heating/towel-rails
2026-08-05 20:28:51,723 INFO  scraper.vendor:   NEW Wendover Curved Multirail 1800 x 750 Gloss White | £178.0 | heating/towel-rails
2026-08-05 20:28:53,663 INFO  scraper.vendor:   NEW Biava Square 1200x400 Gloss White | £113.0 | heating/towel-rails
2026-08-05 20:28:55,916 INFO  scraper.vendor:   NEW Staverton Tube on Tube 600x500 Gloss White | £251.0 | heating/towel-rails
2026-08-05 20:28:58,493 INFO  scraper.vendor:   NEW Biava Square 600x400 Gloss White | £65.0 | heating/towel-rails
2026-08-05 20:29:00,889 INFO  scraper.vendor:   NEW Staverton Tube on Tube 1800x400 Gloss White | £535.0 | heating/towel-rails
2026-08-05 20:29:03,398 INFO  scraper.vendor:   NEW Wendover Curved Multirail 1200 x 750 Gloss White | £130.0 | heating/towel-rails
2026-08-05 20:29:06,720 INFO  scraper.vendor:   NEW Biava Square 1800x600 Chrome | £783.0 | heating/towel-rails
2026-08-05 20:29:09,014 INFO  scraper.vendor:   NEW Wendover Curved Multirail 1000 x 750 Gloss White | £109.0 | heating/towel-rails
2026-08-05 20:29:11,112 INFO  scraper.vendor:   NEW Staverton Tube on Tube 1200x400 Gloss White | £372.0 | heating/towel-rails
2026-08-05 20:29:13,346 INFO  scraper.vendor:   NEW Biava Square 600x600 Chrome | £280.0 | heating/towel-rails
2026-08-05 20:29:15,655 INFO  scraper.vendor:   NEW Staverton Tube on Tube 600x400 Gloss White | £231.0 | heating/towel-rails
2026-08-05 20:29:17,918 INFO  scraper.vendor:   NEW Biava Square 1800x500 Chrome | £711.0 | heating/towel-rails
2026-08-05 20:29:19,955 INFO  scraper.vendor:   NEW Wendover Straight Multirail 1800 x 300 Chrome | £207.0 | heating/towel-rails
2026-08-05 20:29:22,179 INFO  scraper.vendor:   NEW Staverton Tube on Tube 1800x600 Chrome Chrome | £1179.0 | heating/towel-rails
2026-08-05 20:29:24,469 INFO  scraper.vendor:   NEW Biava Square 1200x500 Chrome | £516.0 | heating/towel-rails
2026-08-05 20:29:26,809 INFO  scraper.vendor:   NEW Staverton Tube on Tube 1200x600 Chrome | £790.0 | heating/towel-rails
2026-08-05 20:29:29,203 INFO  scraper.vendor:   NEW Biava Square 600x500 Chrome | £259.0 | heating/towel-rails
2026-08-05 20:29:31,742 INFO  scraper.vendor:   NEW Wendover Straight Multirail 1000 x 300 Chrome | £130.0 | heating/towel-rails
2026-08-05 20:29:34,426 INFO  scraper.vendor:   NEW Biava Square 1800x400 Chrome | £636.0 | heating/towel-rails
2026-08-05 20:29:37,034 INFO  scraper.vendor:   NEW Biava Square 1200x400 Chrome | £455.0 | heating/towel-rails
2026-08-05 20:29:39,359 INFO  scraper.vendor:   NEW Staverton Tube on Tube 1800x500 Chrome | £1010.0 | heating/towel-rails
2026-08-05 20:29:41,342 INFO  scraper.vendor:   NEW Biava Square 600x400 Chrome | £239.0 | heating/towel-rails
2026-08-05 20:29:44,278 INFO  scraper.vendor:   NEW Staverton Tube on Tube 1200x500 Chrome | £721.0 | heating/towel-rails
2026-08-05 20:29:46,392 INFO  scraper.vendor:   NEW Wendover Curved Multirail 600 x 600 Chrome | £119.0 | heating/towel-rails
2026-08-05 20:29:48,923 INFO  scraper.vendor:   NEW Wendover Curved Multirail 600 x 500 Chrome | £109.0 | heating/towel-rails
2026-08-05 20:29:51,013 INFO  scraper.vendor:   NEW Staverton Tube on Tube 600x500 Chrome | £437.0 | heating/towel-rails
2026-08-05 20:29:53,311 INFO  scraper.vendor:   NEW Staverton 600x500 Chrome | £248.0 | heating/towel-rails
2026-08-05 20:29:55,429 INFO  scraper.vendor:   NEW Staverton Tube on Tube 1800x400 Chrome | £958.0 | heating/towel-rails
2026-08-05 20:29:57,782 INFO  scraper.vendor:   NEW Staverton 1800x400 Chrome | £529.0 | heating/towel-rails
2026-08-05 20:29:59,795 INFO  scraper.vendor:   NEW Wendover Curved Multirail 1800 x 750 Chrome | £332.0 | heating/towel-rails
2026-08-05 20:30:02,319 INFO  scraper.vendor:   NEW Wendover Straight Multirail 1600 x 750 Chrome | £287.0 | heating/towel-rails
2026-08-05 20:30:04,859 INFO  scraper.vendor:   NEW Staverton 600x400 Chrome | £215.0 | heating/towel-rails
2026-08-05 20:30:07,709 INFO  scraper.vendor:   NEW Sherbourne 960 x 600 Chrome | £418.0 | heating/towel-rails
2026-08-05 20:30:09,928 INFO  scraper.vendor:   NEW Tuscan Multirail 1750 x 450 Chrome | £187.0 | heating/towel-rails
2026-08-05 20:30:12,389 INFO  scraper.vendor:   NEW Tuscan Multirail 1200 x 600 Chrome | £149.0 | heating/towel-rails
2026-08-05 20:30:15,134 INFO  scraper.vendor:   NEW Tuscan Multirail 1200 x 450 Chrome | £137.0 | heating/towel-rails
2026-08-05 20:30:17,604 INFO  scraper.vendor:   NEW Tuscan Multirail 650 x 600 Chrome | £97.0 | heating/towel-rails
2026-08-05 20:30:19,742 INFO  scraper.vendor:   NEW Curved Biava Multirail 360 x 400 Chrome | £96.0 | heating/towel-rails
2026-08-05 20:30:22,329 INFO  scraper.vendor:   NEW New Leonardo 1200 x 600 Chrome | £580.0 | heating/towel-rails
2026-08-05 20:30:24,441 INFO  scraper.vendor:   NEW Tuscan Multirail 650 x 450 Chrome | £89.0 | heating/towel-rails
2026-08-05 20:30:26,880 INFO  scraper.vendor:   NEW New Leonardo 600 x 600 Chrome | £339.0 | heating/towel-rails
2026-08-05 20:30:29,406 INFO  scraper.vendor:   NEW Straight Biava Multirail 1720 x 750 Gloss White | £208.0 | heating/towel-rails
2026-08-05 20:30:32,202 INFO  scraper.vendor:   NEW Curved Biava Multirail 1720 x 750 Gloss White | £230.0 | heating/towel-rails
2026-08-05 20:30:34,654 INFO  scraper.vendor:   NEW New Leonardo 1450 x 500 Chrome | £627.0 | heating/towel-rails
2026-08-05 20:30:37,115 INFO  scraper.vendor:   NEW Curved Biava Multirail 1720 x 600 Gloss White | £215.0 | heating/towel-rails
2026-08-05 20:30:39,413 INFO  scraper.vendor:   NEW Straight Biava Multirail 1720 x 600 Gloss White | £195.0 | heating/towel-rails
2026-08-05 20:30:41,935 INFO  scraper.vendor:   NEW New Leonardo 688 x 500 Chrome | £323.0 | heating/towel-rails
2026-08-05 20:30:44,041 INFO  scraper.vendor:   NEW Curved Biava Multirail 1720 x 450 Gloss White | £208.0 | heating/towel-rails
2026-08-05 20:30:46,289 INFO  scraper.vendor:   NEW New Leonardo 1800 x 500 Chrome | £739.0 | heating/towel-rails
2026-08-05 20:30:48,693 INFO  scraper.vendor:   NEW Curved Biava Multirail 1118 x 750 Gloss White | £162.0 | heating/towel-rails
2026-08-05 20:30:50,907 INFO  scraper.vendor:   NEW Straight Biava Multirail 1118 x 750 Gloss White | £150.0 | heating/towel-rails
2026-08-05 20:30:53,115 INFO  scraper.vendor:   NEW Curved Staverton Tube on Tube 1200 x 500 Chrome | £678.0 | heating/towel-rails
2026-08-05 20:30:55,423 INFO  scraper.vendor:   NEW New Leonardo 1200 x 500 Chrome | £534.0 | heating/towel-rails
2026-08-05 20:30:57,994 INFO  scraper.vendor:   NEW Curved Staverton Tube on Tube 600 x 600 Chrome | £425.0 | heating/towel-rails
2026-08-05 20:31:00,118 INFO  scraper.vendor:   NEW Straight Biava Multirail 1118 x 450 Gloss White | £135.0 | heating/towel-rails
2026-08-05 20:31:02,722 INFO  scraper.vendor:   NEW Curved Staverton Tube on Tube 600 x 500 Chrome | £387.0 | heating/towel-rails
2026-08-05 20:31:05,415 INFO  scraper.vendor:   NEW Curved Biava Multirail 688 x 750 Gloss White | £132.0 | heating/towel-rails
2026-08-05 20:31:07,835 INFO  scraper.vendor:   NEW Curved Biava Multirail 688 x 600 Gloss White | £131.0 | heating/towel-rails
2026-08-05 20:31:10,343 INFO  scraper.vendor:   NEW New Leonardo 1200 x 400 Chrome | £481.0 | heating/towel-rails
2026-08-05 20:31:12,935 INFO  scraper.vendor:   NEW Straight Biava Multirail 688 x 600 Gloss White | £116.0 | heating/towel-rails
2026-08-05 20:31:15,680 INFO  scraper.vendor:   NEW Biava Corinium II 1200 x 600 Gloss White | £83.0 | heating/towel-rails
2026-08-05 20:31:17,954 INFO  scraper.vendor:   NEW Biava Round 600x600 Chrome | £174.0 | heating/towel-rails
2026-08-05 20:31:20,356 INFO  scraper.vendor:   NEW Biava Corinium II 1200 x 600 Chrome | £306.0 | heating/towel-rails
2026-08-05 20:31:22,761 INFO  scraper.vendor:   NEW Ascona 420 x 500 Polished Stainless Steel | £500.0 | heating/towel-rails
2026-08-05 20:31:25,107 INFO  scraper.vendor:   NEW Curved Biava Multirail 360 x 400 Gloss White | £63.0 | heating/towel-rails
2026-08-05 20:31:27,332 INFO  scraper.vendor:   NEW Biava Round 1800x500 Chrome | £372.0 | heating/towel-rails
2026-08-05 20:31:29,645 INFO  scraper.vendor:   NEW Straight Biava Multirail 360 x 400 Gloss White | £62.0 | heating/towel-rails
2026-08-05 20:31:31,892 INFO  scraper.vendor:   NEW Biava Corinium II 1200 x 500 Gloss White | £82.0 | heating/towel-rails
2026-08-05 20:31:34,074 INFO  scraper.vendor:   NEW Biava Flat Multirail 1190 x 600 Polished Stainless Steel | £793.0 | heating/towel-rails
2026-08-05 20:31:36,573 INFO  scraper.vendor:   NEW Biava Round 1200x500 Chrome | £264.0 | heating/towel-rails
2026-08-05 20:31:38,933 INFO  scraper.vendor:   NEW Imperia 2 Column Radiator 1800 x 470mm Gloss White | £356.0 | heating/radiators
2026-08-05 20:31:41,464 INFO  scraper.vendor:   NEW Biava Corinium II 1200 x 500 Chrome | £294.0 | heating/towel-rails
2026-08-05 20:31:43,917 INFO  scraper.vendor:   NEW Biava Round 600x500 Chrome | £161.0 | heating/towel-rails
2026-08-05 20:31:46,285 INFO  scraper.vendor:   NEW Straight Biava Multirail 1720 x 750 Chrome | £405.0 | heating/towel-rails
2026-08-05 20:31:48,546 INFO  scraper.vendor:   NEW Biava Flat Multirail 1190 x 500 Polished Stainless Steel | £728.0 | heating/towel-rails
2026-08-05 20:31:50,693 INFO  scraper.vendor:   NEW Biava Round 1800x400 Chrome | £345.0 | heating/towel-rails
2026-08-05 20:31:53,068 INFO  scraper.vendor:   NEW Rizano 1000 x 600 Polished Stainless Steel | £880.0 | heating/towel-rails
2026-08-05 20:31:55,012 INFO  scraper.vendor:   NEW Curved Biava Multirail 1720 x 600 Chrome | £410.0 | heating/towel-rails
2026-08-05 20:31:57,129 INFO  scraper.vendor:   NEW Staverton Tube on Tube 1800x600 Gloss White | £620.0 | heating/towel-rails
2026-08-05 20:31:59,581 INFO  scraper.vendor:   NEW Straight Biava Multirail 1720 x 600 Chrome | £372.0 | heating/towel-rails
2026-08-05 20:32:02,120 INFO  scraper.vendor:   NEW Staverton Tube on Tube 1200x600 Gloss White | £425.0 | heating/towel-rails
2026-08-05 20:32:04,568 INFO  scraper.vendor:   NEW Biava Round 1200x400 Chrome | £247.0 | heating/towel-rails
2026-08-05 20:32:06,835 INFO  scraper.vendor:   NEW Rizano 1000 x 500 Polished Stainless Steel | £640.0 | heating/towel-rails
2026-08-05 20:32:09,687 INFO  scraper.vendor:   NEW Curved Biava Multirail 1720 x 450 Chrome | £404.0 | heating/towel-rails
2026-08-05 20:32:12,709 INFO  scraper.vendor:   NEW Staverton Tube on Tube 600x600 Gloss White | £273.0 | heating/towel-rails
2026-08-05 20:32:15,525 INFO  scraper.vendor:   NEW Biava Round 600x400 Chrome | £155.0 | heating/towel-rails
2026-08-05 20:32:17,852 INFO  scraper.vendor:   NEW Mezzo Tondo 1600 x 320 Chrome | £481.0 | heating/towel-rails
2026-08-05 20:32:21,074 INFO  scraper.vendor:   NEW Staverton 1800x600 Gloss White | £334.0 | heating/towel-rails
2026-08-05 20:32:23,929 INFO  scraper.vendor:   NEW Curved Biava Multirail 1118 x 750 Chrome | £339.0 | heating/towel-rails
2026-08-05 20:32:27,357 INFO  scraper.vendor:   NEW Wendover Straight Multirail 600 x 1200 Gloss White | £125.0 | heating/towel-rails
2026-08-05 20:32:30,309 INFO  scraper.vendor:   NEW Curved Biava Multirail 1118 x 600 Chrome | £308.0 | heating/towel-rails
2026-08-05 20:32:33,119 INFO  scraper.vendor:   NEW Wendover Straight Multirail 600 x 1000 Gloss White | £116.0 | heating/towel-rails
2026-08-05 20:32:35,741 INFO  scraper.vendor:   NEW Staverton 600x600 Gloss White | £146.0 | heating/towel-rails
2026-08-05 20:32:38,359 INFO  scraper.vendor:   NEW Curved Biava Multirail 1118 x 450 Chrome | £284.0 | heating/towel-rails
2026-08-05 20:32:41,012 INFO  scraper.vendor:   NEW Staverton 1800x500 Gloss White | £305.0 | heating/towel-rails
2026-08-05 20:32:44,183 INFO  scraper.vendor:   NEW Staverton 1200x500 Gloss White | £217.0 | heating/towel-rails
2026-08-05 20:32:46,785 INFO  scraper.vendor:   NEW Curved Biava Multirail 688 x 750 Chrome | £283.0 | heating/towel-rails
2026-08-05 20:32:49,169 INFO  scraper.vendor:   NEW Straight Biava Multirail 688 x 600 Chrome | £231.0 | heating/towel-rails
2026-08-05 20:32:51,386 INFO  scraper.vendor:   NEW Staverton 600x500 Gloss White | £136.0 | heating/towel-rails
2026-08-05 20:32:53,903 INFO  scraper.vendor:   NEW Curved Biava Multirail 688 x 600 Chrome | £257.0 | heating/towel-rails
2026-08-05 20:32:56,322 INFO  scraper.vendor:   NEW Straight Biava Multirail 688 x 450 Chrome | £207.0 | heating/towel-rails
2026-08-05 20:32:58,170 INFO  scraper.vendor:   NEW Curved Staverton Tube on Tube 600 x 500 Gloss White | £104.0 | heating/towel-rails
2026-08-05 20:33:00,502 INFO  scraper.vendor:   NEW Staverton 1800x400 Gloss White | £280.0 | heating/towel-rails
2026-08-05 20:33:03,148 INFO  scraper.vendor:   NEW Curved Staverton Tube on Tube 1800 x 600 Chrome Chrome | £1060.0 | heating/towel-rails
2026-08-05 20:33:06,083 INFO  scraper.vendor:   NEW Staverton 1200x400 Gloss White | £203.0 | heating/towel-rails
2026-08-05 20:33:08,258 INFO  scraper.vendor:   NEW Curved Staverton Tube on Tube 1800 x 500 Chrome | £962.0 | heating/towel-rails
2026-08-05 20:33:10,505 INFO  scraper.vendor:   NEW Staverton 1800x600 Chrome | £649.0 | heating/towel-rails
2026-08-05 20:33:12,837 INFO  scraper.vendor:   NEW Curved Staverton Tube on Tube 1200 x 600 Chrome | £743.0 | heating/towel-rails
2026-08-05 20:33:14,879 INFO  scraper.vendor:   NEW Wendover Straight Multirail 360 x 400 Gloss White | £47.0 | heating/towel-rails
2026-08-05 20:33:17,390 INFO  scraper.vendor:   NEW Staverton 1200x600 Chrome | £451.0 | heating/towel-rails
2026-08-05 20:33:19,600 INFO  scraper.vendor:   NEW New Leonardo 1800 x 600 Chrome | £807.0 | heating/towel-rails
2026-08-05 20:33:22,056 INFO  scraper.vendor:   NEW Staverton 600x600 Chrome | £258.0 | heating/towel-rails
2026-08-05 20:33:24,742 INFO  scraper.vendor:   NEW Staverton 1200x500 Chrome | £412.0 | heating/towel-rails
2026-08-05 20:33:27,230 INFO  scraper.vendor:   NEW Biava Round 1200x400 Gloss White | £137.0 | heating/towel-rails
2026-08-05 20:33:29,715 INFO  scraper.vendor:   NEW Biava Round 600x400 Gloss White | £91.0 | heating/towel-rails
2026-08-05 20:33:31,953 INFO  scraper.vendor:   NEW Biava Round 1800x600 Chrome | £416.0 | heating/towel-rails
2026-08-05 20:33:34,072 INFO  scraper.vendor:   NEW Staverton Tube on Tube 800 x 1200 Chrome | £766.0 | heating/towel-rails
2026-08-05 20:33:36,298 INFO  scraper.vendor:   NEW Staverton Tube on Tube 800 x 1000 Chrome | £678.0 | heating/towel-rails
2026-08-05 20:33:39,029 INFO  scraper.vendor:   NEW Tuscan Multirail 650 x 450 Gloss White | £63.0 | heating/towel-rails
2026-08-05 20:33:41,162 INFO  scraper.vendor:   NEW Staverton Tube on Tube 600 x 1200 Chrome | £607.0 | heating/towel-rails
2026-08-05 20:33:43,567 INFO  scraper.vendor:   NEW Tuscan Multirail 1750 x 600 Chrome | £202.0 | heating/towel-rails
2026-08-05 20:33:45,956 INFO  scraper.vendor:   NEW Pesaro 1005 x 550mm Chrome | £478.0 | heating/towel-rails
2026-08-05 20:33:48,656 INFO  scraper.vendor:   NEW Wendover Straight Multirail 1200 x 400 Matt Anthracite | £96.0 | heating/towel-rails
2026-08-05 20:33:51,009 INFO  scraper.vendor:   NEW Staverton Tube on Tube 600x400 Chrome | £401.0 | heating/towel-rails
2026-08-05 20:33:53,251 INFO  scraper.vendor:   NEW Wendover Straight Multirail 600 x 500 Matt Anthracite | £69.0 | heating/towel-rails
2026-08-05 20:33:55,512 INFO  scraper.vendor:   NEW Tube on Tube 600x600 White | £51.0 | heating/towel-rails
2026-08-05 20:33:57,374 INFO  scraper.vendor:   NEW Wendover Straight Multirail 600 x 400 Matt Anthracite | £65.0 | heating/towel-rails
2026-08-05 20:33:59,494 INFO  scraper.vendor:   NEW Tube on Tube 1200x500 White | £83.0 | heating/towel-rails
2026-08-05 20:34:01,755 INFO  scraper.vendor:   NEW Tuscan Multirail 1750 x 600 Gloss White | £113.0 | heating/towel-rails
2026-08-05 20:34:03,693 INFO  scraper.vendor:   NEW Tube on Tube 600x500 White | £48.0 | heating/towel-rails
2026-08-05 20:34:05,745 INFO  scraper.vendor:   NEW Tube on Tube 600x400 White | £42.0 | heating/towel-rails
2026-08-05 20:34:08,291 INFO  scraper.vendor:   NEW Tuscan Multirail 1200 x 450 Gloss White | £84.0 | heating/towel-rails
2026-08-05 20:34:10,887 INFO  scraper.vendor:   NEW Tuscan Multirail 650 x 600 Gloss White | £70.0 | heating/towel-rails
2026-08-05 20:34:13,182 INFO  scraper.vendor:   NEW Tube on Tube 1200x600 Chrome | £369.0 | heating/towel-rails
2026-08-05 20:34:15,743 INFO  scraper.vendor:   NEW Tube on Tube 600x600 Chrome | £192.0 | heating/towel-rails
2026-08-05 20:34:18,152 INFO  scraper.vendor:   NEW Tube on Tube 1800x500 Chrome | £500.0 | heating/towel-rails
2026-08-05 20:34:20,332 INFO  scraper.vendor:   NEW Tube on Tube 1200x500 Chrome | £345.0 | heating/towel-rails
2026-08-05 20:34:22,555 INFO  scraper.vendor:   NEW Tube on Tube 600x500 Chrome | £182.0 | heating/towel-rails
2026-08-05 20:34:24,604 INFO  scraper.vendor:   NEW Tube on Tube 1800x400 Chrome | £460.0 | heating/towel-rails
2026-08-05 20:34:26,751 INFO  scraper.vendor:   NEW Tube on Tube 1200x400 Chrome | £314.0 | heating/towel-rails
2026-08-05 20:34:29,055 INFO  scraper.vendor:   NEW Tube on Tube 600x400 Chrome | £174.0 | heating/towel-rails
2026-08-05 20:34:31,568 INFO  scraper.vendor:   NEW Biava Round 1800x600 Gloss White | £215.0 | heating/towel-rails
2026-08-05 20:34:34,061 INFO  scraper.vendor:   NEW Biava Round 1200x600 Gloss White | £156.0 | heating/towel-rails
2026-08-05 20:34:36,262 INFO  scraper.vendor:   NEW Biava Round 600x600 Gloss White | £100.0 | heating/towel-rails
2026-08-05 20:34:38,551 INFO  scraper.vendor:   NEW Biava Round 1800x500 Gloss White | £202.0 | heating/towel-rails
2026-08-05 20:34:41,145 INFO  scraper.vendor:   NEW Biava Round 1200x500 Gloss White | £149.0 | heating/towel-rails
2026-08-05 20:34:43,383 INFO  scraper.vendor:   NEW Biava Round 600x500 Gloss White | £96.0 | heating/towel-rails
2026-08-05 20:34:45,340 INFO  scraper.vendor:   NEW Biscay Double Ended (DE) 1700 x 750 x 440mm RH Beauforte Bat | £695.0 | baths/double-ended
2026-08-05 20:34:47,396 INFO  scraper.vendor:   NEW Biscay Double Ended (DE) 1700 x 750 x 440mm LH Beauforte Bat | £695.0 | baths/double-ended
2026-08-05 20:34:49,550 INFO  scraper.vendor:   NEW Biscay Double Ended (DE) 1700 x 800 x 440mm RH Beauforte Bat | £716.0 | baths/double-ended
2026-08-05 20:34:51,341 INFO  scraper.vendor:   NEW Biscay Double Ended (DE) 1700 x 800 x 440mm LH Beauforte Bat | £716.0 | baths/double-ended
2026-08-05 20:34:53,482 INFO  scraper.vendor:   NEW Portland Single Ended (SE) Twin Grip (TG) 1750 x 750 x 440mm | £862.0 | baths/single-ended
2026-08-05 20:34:55,815 INFO  scraper.vendor:   NEW Portland Single Ended (SE) 1750 x 750 x 440mm  Bath - White | £894.0 | baths/single-ended
2026-08-05 20:34:57,783 INFO  scraper.vendor:   NEW Biscay 1700 x 700 x 440mm Right Hand (RH) Straight 5mm Showe | £357.0 | baths/shower-bath
2026-08-05 20:34:59,989 INFO  scraper.vendor:   NEW Biscay 1700 x 700 x 440mm Left hand (LH) Straight 5mm Shower | £357.0 | baths/shower-bath
2026-08-05 20:35:01,943 INFO  scraper.vendor:   NEW Rockall Single Ended (SE) 1600 x 750 x 440mm 5mm Bath - Whit | £395.0 | baths/single-ended
2026-08-05 20:35:03,900 INFO  scraper.vendor:   NEW Rockall Single Ended (SE) Twin Grip (TG) 1650 x 700 x 440mm  | £596.0 | baths/single-ended
2026-08-05 20:35:06,118 INFO  scraper.vendor:   NEW Biscay 1700 x 750 x 440mm Left hand (LH) Straight 5mm Shower | £442.0 | baths/shower-bath
2026-08-05 20:35:08,528 INFO  scraper.vendor:   NEW Rockall Single Ended (SE) 1700 x 750 x 440mm 5mm Bath - Whit | £394.0 | baths/single-ended
2026-08-05 20:35:10,443 INFO  scraper.vendor:   NEW Biscay 1800 x 800 x 440mm Right Hand (RH) Straight 5mm Showe | £527.0 | baths/shower-bath
2026-08-05 20:35:12,753 INFO  scraper.vendor:   NEW Biscay 1800 x 800 x 440mm Left hand (LH) Straight 5mm Shower | £527.0 | baths/shower-bath
2026-08-05 20:35:14,878 INFO  scraper.vendor:   NEW Rockall Single Ended (SE) 1800 x 800 x 440mm 5mm Bath - Whit | £470.0 | baths/single-ended
2026-08-05 20:35:17,078 INFO  scraper.vendor:   NEW Rockall Single Ended (SE) Twin Grip (TG) 1700 x 700 x 440mm  | £596.0 | baths/single-ended
2026-08-05 20:35:18,861 INFO  scraper.vendor:   NEW Malin Double Ended (DE) 1650 x 700 x 440mm 5mm Bath - White | £363.0 | baths/double-ended
2026-08-05 20:35:20,959 INFO  scraper.vendor:   NEW Rockall Single Ended (SE) Twin Grip (TG) 1700 x 800 x 440mm  | £770.0 | baths/single-ended
2026-08-05 20:35:23,550 INFO  scraper.vendor:   NEW Avon 960 x 429 Chrome / Matt Black | £385.0 | heating/towel-rails
2026-08-05 20:35:25,816 INFO  scraper.vendor:   NEW Avon 960 x 429 Chrome / Matt Anthracite | £385.0 | heating/towel-rails
2026-08-05 20:35:27,970 INFO  scraper.vendor:   NEW Malin Single Ended (SE) 1500 x 700 x 440mm 5mm Bath - White | £346.0 | baths/single-ended
2026-08-05 20:35:29,841 INFO  scraper.vendor:   NEW Rockall Single Ended (SE) Twin Grip (TG) 1800 x 800 x 440mm  | £821.0 | baths/single-ended
2026-08-05 20:35:32,271 INFO  scraper.vendor:   NEW Avon 960 x 429 Chrome / Gloss White | £385.0 | heating/towel-rails
2026-08-05 20:35:34,364 INFO  scraper.vendor:   NEW Avon 960 x 500 Chrome / Matt Black | £408.0 | heating/towel-rails
2026-08-05 20:35:36,560 INFO  scraper.vendor:   NEW Rockall Single Ended (SE) Twin Grip (TG) 1900 x 900 x 440mm  | £1062.0 | baths/single-ended
2026-08-05 20:35:38,545 INFO  scraper.vendor:   NEW Avon 960 x 500 Chrome / Matt Anthracite | £408.0 | heating/towel-rails
2026-08-05 20:35:40,258 INFO  scraper.vendor:   NEW Shannon 1500 x 850 x 400mm Right Hand (RH) P-Shaped Beaufort | £778.0 | baths/shower-bath
2026-08-05 20:35:42,562 INFO  scraper.vendor:   NEW Isbourne 940 x 600 Chrome / Matt Anthracite | £476.0 | heating/towel-rails
2026-08-05 20:35:44,703 INFO  scraper.vendor:   NEW Painswick 778 x 686 Towel Rail Chrome | £859.0 | heating/towel-rails
2026-08-05 20:35:47,192 INFO  scraper.vendor:   NEW Windrush 950 x 600 Chrome | £345.0 | heating/towel-rails
2026-08-05 20:35:49,269 INFO  scraper.vendor:   NEW Windrush 1550 x 600 Chrome | £441.0 | heating/towel-rails
2026-08-05 20:35:51,593 INFO  scraper.vendor:   NEW Coln 510 x 680 Chrome | £491.0 | heating/towel-rails
2026-08-05 20:35:53,989 INFO  scraper.vendor:   NEW Windrush 1550 x 500 Chrome | £423.0 | heating/towel-rails
2026-08-05 20:35:56,423 INFO  scraper.vendor:   NEW Windrush 1195 x 600 Chrome | £369.0 | heating/towel-rails
2026-08-05 20:35:58,562 INFO  scraper.vendor:   NEW Windrush 1195 x 500 Chrome | £349.0 | heating/towel-rails
2026-08-05 20:36:00,575 INFO  scraper.vendor:   NEW Frome 940 x 474 Chrome | £441.0 | heating/towel-rails
2026-08-05 20:36:02,866 INFO  scraper.vendor:   NEW Leadon 940 x 700 Chrome | £649.0 | heating/towel-rails
2026-08-05 20:36:05,134 INFO  scraper.vendor:   NEW Shannon 1500 x 850 x 400mm Left hand (LH) P-Shaped Beauforte | £778.0 | baths/shower-bath
2026-08-05 20:36:07,296 INFO  scraper.vendor:   NEW Shannon 1700 x 850 x 400mm Right Hand (RH) P-Shaped Beaufort | £778.0 | baths/shower-bath
2026-08-05 20:36:09,293 INFO  scraper.vendor:   NEW Malin Single Ended (SE) 1500 x 700 x 440mm Beauforte Bath -  | £625.0 | baths/single-ended
2026-08-05 20:36:11,363 INFO  scraper.vendor:   NEW Shannon 1700 x 850 x 400mm Left hand (LH) P-Shaped Beauforte | £778.0 | baths/shower-bath
2026-08-05 20:36:13,455 INFO  scraper.vendor:   NEW Biscay Single Ended (SE) 1700 x 750 x 440mm Beauforte Bath - | £736.0 | baths/single-ended
2026-08-05 20:36:15,757 INFO  scraper.vendor:   NEW Shannon 1500 x 850 x 400mm Left hand (LH) L-Shaped Beauforte | £778.0 | baths/shower-bath
2026-08-05 20:36:18,060 INFO  scraper.vendor:   NEW Malin Single Ended (SE) 1700 x 750 x 440mm Beauforte Bath -  | £733.0 | baths/single-ended
2026-08-05 20:36:19,967 INFO  scraper.vendor:   NEW Biscay Single Ended (SE) 1800 x 800 x 440mm Beauforte Bath - | £850.0 | baths/single-ended
2026-08-05 20:36:22,001 INFO  scraper.vendor:   NEW Biscay Double Ended (DE) 1600 x 725 x 440mm RH Beauforte Bat | £695.0 | baths/double-ended
2026-08-05 20:36:24,006 INFO  scraper.vendor:   NEW Rockall Single Ended (SE) 1500 x 700 x 440mm Beauforte Bath  | £587.0 | baths/single-ended
2026-08-05 20:36:25,883 INFO  scraper.vendor:   NEW Biscay Double Ended (DE) 1600 x 725 x 440mm LH Beauforte Bat | £695.0 | baths/double-ended
2026-08-05 20:36:27,966 INFO  scraper.vendor:   NEW Biscay Double Ended (DE) 1700 x 700 x 440mm Beauforte Bath - | £660.0 | baths/double-ended
2026-08-05 20:36:30,149 INFO  scraper.vendor:   NEW Rockall Single Ended (SE) 1400 x 700 x 440mm Beauforte Bath  | £587.0 | baths/single-ended
2026-08-05 20:36:32,390 INFO  scraper.vendor:   NEW Biscay Single Ended (SE) 1700 x 700 x 440mm 5mm Bath - White | £345.0 | baths/single-ended
2026-08-05 20:36:34,459 INFO  scraper.vendor:   NEW Shannon 1500 x 850 x 400mm Left hand (LH) L-Shaped 4mm Showe | £442.0 | baths/shower-bath
2026-08-05 20:36:36,819 INFO  scraper.vendor:   NEW Rockall Single Ended (SE) 1650 x 700 x 440mm Beauforte Bath  | £587.0 | baths/single-ended
2026-08-05 20:36:38,967 INFO  scraper.vendor:   NEW Biscay Single Ended (SE) 1700 x 750 x 440mm 5mm Bath - White | £426.0 | baths/single-ended
2026-08-05 20:36:41,280 INFO  scraper.vendor:   NEW Shannon 1700 x 850 x 400mm Right Hand (RH) L-Shaped 4mm Show | £442.0 | baths/shower-bath
2026-08-05 20:36:43,469 INFO  scraper.vendor:   NEW Rockall Single Ended (SE) 1675 x 700 x 440mm Beauforte Bath  | £587.0 | baths/single-ended
2026-08-05 20:36:45,241 INFO  scraper.vendor:   NEW Biscay Double Ended (DE) 1800 x 800 x 440mm Beauforte Bath - | £889.0 | baths/double-ended
2026-08-05 20:36:47,464 INFO  scraper.vendor:   NEW Biscay Double Ended (DE) 1700 x 750 x 440mm 5mm Bath - White | £445.0 | baths/double-ended
2026-08-05 20:36:49,073 INFO  scraper.vendor:   NEW Biscay Double Ended (DE) 1800 x 800 x 440mm 5mm Bath - White | £527.0 | baths/double-ended
2026-08-05 20:36:50,630 INFO  scraper.vendor:   NEW Rockall Single Ended (SE) 1600 x 750 x 440mm Beauforte Bath  | £699.0 | baths/single-ended
2026-08-05 20:36:53,724 INFO  scraper.vendor:   NEW Rockall Single Ended (SE) Twin Grip (TG) 1400 x 700 x 440mm  | £596.0 | baths/single-ended
2026-08-05 20:36:55,885 INFO  scraper.vendor:   NEW Rockall Single Ended (SE) 1700 x 750 x 440mm Beauforte Bath  | £697.0 | baths/single-ended
2026-08-05 20:36:58,236 INFO  scraper.vendor:   NEW Rockall Single Ended (SE) Twin Grip (TG) 1500 x 700 x 440mm  | £596.0 | baths/single-ended
2026-08-05 20:37:00,017 INFO  scraper.vendor:   NEW Rockall Single Ended (SE) 1800 x 800 x 440mm Beauforte Bath  | £807.0 | baths/single-ended
2026-08-05 20:37:01,773 INFO  scraper.vendor:   NEW Biscay Double Ended (DE) 1600 x 725 x 440mm 5mm Right Hand ( | £393.0 | baths/double-ended
2026-08-05 20:37:03,522 INFO  scraper.vendor:   NEW Rockall Single Ended (SE) 1900 x 900 x 440mm Beauforte Bath  | £1046.0 | baths/single-ended
2026-08-05 20:37:05,386 INFO  scraper.vendor:   NEW Rockall Single Ended (SE) Twin Grip (TG) 1600 x 700 x 440mm  | £596.0 | baths/single-ended
2026-08-05 20:37:07,733 INFO  scraper.vendor:   NEW Rockall Single Ended (SE) Twin Grip (TG) 1675 x 700 x 440mm  | £327.0 | baths/single-ended
2026-08-05 20:37:10,001 INFO  scraper.vendor:   NEW Malin Double Ended (DE) 1750 x 750 x 440mm Beauforte Bath -  | £919.0 | baths/double-ended
2026-08-05 20:37:11,937 INFO  scraper.vendor:   NEW Biscay Double Ended (DE) 1700 x 800 x 440mm 5mm Right hand R | £409.0 | baths/double-ended
2026-08-05 20:37:13,719 INFO  scraper.vendor:   NEW Malin Double Ended (DE) 1650 x 700 x 440mm Beauforte Bath -  | £649.0 | baths/double-ended
2026-08-05 20:37:16,051 INFO  scraper.vendor:   NEW Rockall Single Ended (SE) Twin Grip (TG) 1700 x 800 x 440mm  | £448.0 | baths/single-ended
2026-08-05 20:37:18,291 INFO  scraper.vendor:   NEW Malin Double Ended (DE) 1700 x 700 x 440mm Beauforte Bath -  | £649.0 | baths/double-ended
2026-08-05 20:37:20,321 INFO  scraper.vendor:   NEW Rockall Single Ended (SE) Twin Grip (TG) 1900 x 900 x 440mm  | £650.0 | baths/single-ended
2026-08-05 20:37:22,616 INFO  scraper.vendor:   NEW Shannon 1500 x 850 x 400mm Right Hand (RH) P-Shaped 4mm Show | £442.0 | baths/shower-bath
2026-08-05 20:37:24,823 INFO  scraper.vendor:   NEW Malin Single Ended (SE) 1750 x 750 x 440mm Beauforte Bath -  | £919.0 | baths/single-ended
2026-08-05 20:37:27,074 INFO  scraper.vendor:   NEW Shannon 1500 x 850 x 400mm Left hand (LH) P-Shaped 4mm Showe | £442.0 | baths/shower-bath
2026-08-05 20:37:29,040 INFO  scraper.vendor:   NEW Shannon 1700 x 850 x 400mm Right Hand (RH) P-Shaped 4mm Show | £442.0 | baths/shower-bath
2026-08-05 20:37:31,219 INFO  scraper.vendor:   NEW Shannon 1700 x 850 x 400mm Left hand (LH) P-Shaped 4mm Showe | £442.0 | baths/shower-bath
2026-08-05 20:37:33,400 INFO  scraper.vendor:   NEW Biscay 1800 x 800 x 440mm Left hand (LH) Straight Beauforte  | £884.0 | baths/shower-bath
2026-08-05 20:37:35,681 INFO  scraper.vendor:   NEW Biscay 1700 x 700 x 440mm Right Hand (RH) Straight Beauforte | £644.0 | baths/shower-bath
2026-08-05 20:37:37,749 INFO  scraper.vendor:   NEW Biscay 1700 x 700 x 440mm Left hand (LH) Straight Beauforte  | £644.0 | baths/shower-bath
2026-08-05 20:37:39,935 INFO  scraper.vendor:   NEW Biscay 1700 x 750 x 440mm Left hand (LH) Straight Beauforte  | £764.0 | baths/shower-bath
2026-08-05 20:37:41,922 INFO  scraper.vendor:   NEW Biscay 1800 x 800 x 440mm Right Hand (RH) Straight Beauforte | £884.0 | baths/shower-bath
2026-08-05 20:37:44,450 INFO  scraper.vendor:   NEW Type 11 Flat Panel Radiator 600 x 600 Matt Cappuccino | £192.0 | heating/radiators
2026-08-05 20:37:46,544 INFO  scraper.vendor:   NEW Type 11 Flat Panel Radiator 600 x 400 Matt Cappuccino | £154.0 | heating/radiators
2026-08-05 20:37:48,515 INFO  scraper.vendor:   NEW Type 11 Flat Panel Radiator 600 x 1600 Matt Grey | £398.0 | heating/radiators
2026-08-05 20:37:50,719 INFO  scraper.vendor:   NEW Type 11 Flat Panel Radiator 600 x 1400 Matt Grey | £355.0 | heating/radiators
2026-08-05 20:37:52,675 INFO  scraper.vendor:   NEW Type 11 Flat Panel Radiator 600 x 1400 Matt Black | £355.0 | heating/radiators
2026-08-05 20:37:54,695 INFO  scraper.vendor:   NEW Type 11 Flat Panel Radiator 600 x 1200 Matt Grey | £311.0 | heating/radiators
2026-08-05 20:37:56,617 INFO  scraper.vendor:   NEW Type 11 Flat Panel Radiator 600 x 1200 Matt Black | £311.0 | heating/radiators
2026-08-05 20:37:59,040 INFO  scraper.vendor:   NEW Type 11 Flat Panel Radiator 600 x 1000 Matt Grey | £272.0 | heating/radiators
2026-08-05 20:38:01,515 INFO  scraper.vendor:   NEW Type 11 Flat Panel Radiator 600 x 1000 Matt Black | £272.0 | heating/radiators
2026-08-05 20:38:03,619 INFO  scraper.vendor:   NEW Type 11 Flat Panel Radiator 600 x 800 Matt Black | £231.0 | heating/radiators
2026-08-05 20:38:05,836 INFO  scraper.vendor:   NEW Type 11 Flat Panel Radiator 600 x 600 Matt Black | £192.0 | heating/radiators
2026-08-05 20:38:08,105 INFO  scraper.vendor:   NEW Type 11 Flat Panel Radiator 600 x 1600 Matt Anthracite | £398.0 | heating/radiators
2026-08-05 20:38:10,021 INFO  scraper.vendor:   NEW Type 11 Flat Panel Radiator 600 x 1400 Matt Anthracite | £355.0 | heating/radiators
2026-08-05 20:38:12,084 INFO  scraper.vendor:   NEW Type 11 Flat Panel Radiator 600 x 1200 Matt Anthracite | £311.0 | heating/radiators
2026-08-05 20:38:14,419 INFO  scraper.vendor:   NEW Type 11 Flat Panel Radiator 600 x 1000 Matt Anthracite | £272.0 | heating/radiators
2026-08-05 20:38:16,326 INFO  scraper.vendor:   NEW Type 11 Flat Panel Radiator 600 x 800 Matt Anthracite | £231.0 | heating/radiators
2026-08-05 20:38:18,806 INFO  scraper.vendor:   NEW Type 11 Flat Panel Radiator 600 x 600 Matt Anthracite | £192.0 | heating/radiators
2026-08-05 20:38:21,162 INFO  scraper.vendor:   NEW Type 11 Flat Panel Radiator 600 x 400 Matt Anthracite | £154.0 | heating/radiators
2026-08-05 20:38:23,337 INFO  scraper.vendor:   NEW Type 11 Flat Panel Radiator 600 x 1600 Matt Cappuccino | £398.0 | heating/radiators
2026-08-05 20:38:25,225 INFO  scraper.vendor:   NEW Type 11 Flat Panel Radiator 600 x 1400 Matt Cappuccino | £355.0 | heating/radiators
2026-08-05 20:38:27,290 INFO  scraper.vendor:   NEW Type 11 Flat Panel Radiator 600 x 1200 Matt Cappuccino | £311.0 | heating/radiators
2026-08-05 20:38:29,573 INFO  scraper.vendor:   NEW Type 11 Flat Panel Radiator 600 x 1000 Matt Cappuccino | £272.0 | heating/radiators
2026-08-05 20:38:31,700 INFO  scraper.vendor:   NEW Type 11 Flat Panel Radiator 600 x 800 Matt Cappuccino | £231.0 | heating/radiators
2026-08-05 20:38:34,026 INFO  scraper.vendor:   NEW Type 11 Flat Panel Radiator 400 x 1000 Gloss White | £194.0 | heating/radiators
2026-08-05 20:38:36,265 INFO  scraper.vendor:   NEW Type 11 Flat Panel Radiator 400 x 800 Gloss White | £170.0 | heating/radiators
2026-08-05 20:38:38,719 INFO  scraper.vendor:   NEW Type 11 Flat Panel Radiator 400 x 600 Gloss White | £144.0 | heating/radiators
2026-08-05 20:38:40,852 INFO  scraper.vendor:   NEW Double Tube on Tube Multirail 1200 x 500 Chrome | £343.0 | heating/towel-rails
2026-08-05 20:38:43,155 INFO  scraper.vendor:   NEW Double Tube on Tube Multirail 1200 x 400 Chrome | £309.0 | heating/towel-rails
2026-08-05 20:38:45,034 INFO  scraper.vendor:   NEW Double Tube on Tube Multirail 600 x 500 Chrome | £182.0 | heating/towel-rails
2026-08-05 20:38:47,024 INFO  scraper.vendor:   NEW Double Tube on Tube Multirail 600 x 400 Chrome | £157.0 | heating/towel-rails
2026-08-05 20:38:48,994 INFO  scraper.vendor:   NEW Vantage Plan B 1200mm x 760mm Rectangular Shower Tray - Whit | £208.0 | showering/shower-trays
2026-08-05 20:38:51,441 INFO  scraper.vendor:   NEW Kennet Dry Element Towel Rail 1200 x 500 Chrome | £532.0 | heating/towel-rails
2026-08-05 20:38:53,509 INFO  scraper.vendor:   NEW Vantage Plan B 1000mm x 700mm Rectangular Shower Tray - Whit | £180.0 | showering/shower-trays
2026-08-05 20:38:55,742 INFO  scraper.vendor:   NEW Vantage Plan B 1100mm x 900mm Rectangular Shower Tray - Whit | £228.0 | showering/shower-trays
2026-08-05 20:38:58,063 INFO  scraper.vendor:   NEW Kennet Dry Element Towel Rail 700 x 500 Chrome | £451.0 | heating/towel-rails
2026-08-05 20:39:00,314 INFO  scraper.vendor:   NEW Kennet Dry Element Towel Rail 1200 x 600 Matt Anthracite | £508.0 | heating/towel-rails
2026-08-05 20:39:02,298 INFO  scraper.vendor:   NEW Vantage Plan B 1100mm x 760mm Rectangular Shower Tray - Whit | £208.0 | showering/shower-trays
2026-08-05 20:39:04,341 INFO  scraper.vendor:   NEW Kennet Dry Element Towel Rail 1200 x 500 Matt Anthracite | £469.0 | heating/towel-rails
2026-08-05 20:39:06,324 INFO  scraper.vendor:   NEW Vantage Plan B 1000mm x 760mm Rectangular Shower Tray - Whit | £181.0 | showering/shower-trays
2026-08-05 20:39:08,421 INFO  scraper.vendor:   NEW Vantage Plan B 1200mm x 700mm Rectangular Shower Tray - Whit | £208.0 | showering/shower-trays
2026-08-05 20:39:10,349 INFO  scraper.vendor:   NEW Vantage Plan B 900mm x 760mm Rectangular Shower Tray - White | £174.0 | showering/shower-trays
2026-08-05 20:39:12,527 INFO  scraper.vendor:   NEW Type 11 Flat Panel Radiator 500 x 1200 Gloss White | £249.0 | heating/radiators
2026-08-05 20:39:14,665 INFO  scraper.vendor:   NEW Type 11 Flat Panel Radiator 500 x 1000 Gloss White | £217.0 | heating/radiators
2026-08-05 20:39:16,707 INFO  scraper.vendor:   NEW Type 11 Flat Panel Radiator 500 x 600 Gloss White | £156.0 | heating/radiators
2026-08-05 20:39:18,797 INFO  scraper.vendor:   NEW Type 11 Flat Panel Radiator 400 x 1400 Gloss White | £250.0 | heating/radiators
2026-08-05 20:39:21,135 INFO  scraper.vendor:   NEW Type 11 Flat Panel Radiator 600 x 800 Matt Grey | £231.0 | heating/radiators
2026-08-05 20:39:23,362 INFO  scraper.vendor:   NEW Type 11 Flat Panel Radiator 600 x 600 Matt Grey | £192.0 | heating/radiators
2026-08-05 20:39:25,563 INFO  scraper.vendor:   NEW Type 11 Flat Panel Radiator 600 x 400 Matt Grey | £154.0 | heating/radiators
2026-08-05 20:39:28,020 INFO  scraper.vendor:   NEW Type 11 Flat Panel Radiator 600 x 1600 Matt White | £398.0 | heating/radiators
2026-08-05 20:39:30,381 INFO  scraper.vendor:   NEW Type 11 Flat Panel Radiator 600 x 1400 Matt White | £355.0 | heating/radiators
2026-08-05 20:39:32,670 INFO  scraper.vendor:   NEW Kennet Dry Element Towel Rail 700 x 500 Matt Anthracite | £395.0 | heating/towel-rails
2026-08-05 20:39:35,678 INFO  scraper.vendor:   NEW Emsbury Dry Element Towel Rail 800 x 500 Polished | £411.0 | heating/towel-rails
2026-08-05 20:39:38,473 INFO  scraper.vendor:   NEW Type 22 Flat Panel Radiator 600 x 400 Matt Black | £217.0 | heating/radiators
2026-08-05 20:39:41,147 INFO  scraper.vendor:   NEW Loddon Dry Element Towel Rail 1200 x 600 Chrome | £646.0 | heating/towel-rails
2026-08-05 20:39:43,558 INFO  scraper.vendor:   NEW Type 11 Flat Panel Radiator 600 x 1800 Gloss White | £397.0 | heating/radiators
2026-08-05 20:39:46,282 INFO  scraper.vendor:   NEW Type 22 Flat Panel Radiator 600 x 1200 Matt White | £511.0 | heating/radiators
2026-08-05 20:39:48,017 INFO  scraper.vendor:   NEW Type 22 Flat Panel Radiator 600 x 1600 Matt Anthracite | £662.0 | heating/radiators
2026-08-05 20:39:50,902 INFO  scraper.vendor:   NEW Biava Dry Element Towel Rail 1100x600mm Matt Anthracite | £262.0 | heating/towel-rails
2026-08-05 20:39:53,449 INFO  scraper.vendor:   NEW Loddon Dry Element Towel Rail 1200 x 500 Chrome | £588.0 | heating/towel-rails
2026-08-05 20:39:56,003 INFO  scraper.vendor:   NEW Type 11 Flat Panel Radiator 600 x 1600 Gloss White | £364.0 | heating/radiators
2026-08-05 20:39:58,399 INFO  scraper.vendor:   NEW Loddon Dry Element Towel Rail 800 x 600 Chrome | £561.0 | heating/towel-rails
2026-08-05 20:40:00,914 INFO  scraper.vendor:   NEW Type 22 Flat Panel Radiator 600 x 1400 Matt Anthracite | £587.0 | heating/radiators
2026-08-05 20:40:04,174 INFO  scraper.vendor:   NEW Biava Dry Element Towel Rail 700x600mm Matt Anthracite | £191.0 | heating/towel-rails
2026-08-05 20:40:07,042 INFO  scraper.vendor:   NEW Type 22 Flat Panel Radiator 600 x 1200 Matt Anthracite | £511.0 | heating/radiators
2026-08-05 20:40:10,432 INFO  scraper.vendor:   NEW Loddon Dry Element Towel Rail 800 x 500 Chrome | £502.0 | heating/towel-rails
2026-08-05 20:40:13,593 INFO  scraper.vendor:   NEW Type 22 Flat Panel Radiator 600 x 1400 Gloss White | £532.0 | heating/radiators
2026-08-05 20:40:16,118 INFO  scraper.vendor:   NEW Type 22 Flat Panel Radiator 600 x 800 Matt Anthracite | £364.0 | heating/radiators
2026-08-05 20:40:19,072 INFO  scraper.vendor:   NEW Loddon Dry Element Towel Rail 1200 x 600 Matt Black | £549.0 | heating/towel-rails
2026-08-05 20:40:22,036 INFO  scraper.vendor:   NEW Type 11 Flat Panel Radiator 600 x 1000 Gloss White | £248.0 | heating/radiators
2026-08-05 20:40:24,369 INFO  scraper.vendor:   NEW Type 22 Flat Panel Radiator 600 x 1200 Gloss White | £466.0 | heating/radiators
2026-08-05 20:40:26,421 INFO  scraper.vendor:   NEW Type 22 Flat Panel Radiator 600 x 600 Matt Anthracite | £288.0 | heating/radiators
2026-08-05 20:40:28,522 INFO  scraper.vendor:   NEW Type 11 Flat Panel Radiator 600 x 600 Gloss White | £177.0 | heating/radiators
2026-08-05 20:40:30,370 INFO  scraper.vendor:   NEW Loddon Dry Element Towel Rail 1200 x 500 Matt Black | £520.0 | heating/towel-rails
2026-08-05 20:40:32,225 INFO  scraper.vendor:   NEW Type 22 Flat Panel Radiator 600 x 1000 Gloss White | £395.0 | heating/radiators
2026-08-05 20:40:34,786 INFO  scraper.vendor:   NEW Type 22 Flat Panel Radiator 600 x 400 Matt Anthracite | £217.0 | heating/radiators
2026-08-05 20:40:37,083 INFO  scraper.vendor:   NEW Loddon Dry Element Towel Rail 800 x 600 Matt Black | £446.0 | heating/towel-rails
2026-08-05 20:40:39,694 INFO  scraper.vendor:   NEW Type 22 Flat Panel Radiator 600 x 1600 Matt Cappuccino | £662.0 | heating/radiators
2026-08-05 20:40:42,102 INFO  scraper.vendor:   NEW Biava Dry Element Towel Rail 1100x500mm 400w Gloss White | £210.0 | heating/towel-rails
2026-08-05 20:40:44,157 INFO  scraper.vendor:   NEW Loddon Dry Element Towel Rail 800 x 500 Matt Black | £423.0 | heating/towel-rails
2026-08-05 20:40:46,514 INFO  scraper.vendor:   NEW Type 22 Flat Panel Radiator 600 x 1400 Matt Cappuccino | £587.0 | heating/radiators
2026-08-05 20:40:48,715 INFO  scraper.vendor:   NEW Biava Dry Element Towel Rail 700x500mm 250w Gloss White | £154.0 | heating/towel-rails
2026-08-05 20:40:50,806 INFO  scraper.vendor:   NEW Loddon Dry Element Towel Rail 1200 x 600 Matt Anthracite | £549.0 | heating/towel-rails
2026-08-05 20:40:52,890 INFO  scraper.vendor:   NEW Type 22 Flat Panel Radiator 600 x 1200 Matt Cappuccino | £511.0 | heating/radiators
2026-08-05 20:40:55,283 INFO  scraper.vendor:   NEW Loddon Dry Element Towel Rail 1200 x 500 Matt Anthracite | £520.0 | heating/towel-rails
2026-08-05 20:40:57,288 INFO  scraper.vendor:   NEW Type 22 Flat Panel Radiator 500 x 1400 Gloss White | £453.0 | heating/radiators
2026-08-05 20:40:59,533 INFO  scraper.vendor:   NEW Type 22 Flat Panel Radiator 600 x 1000 Matt Cappuccino | £435.0 | heating/radiators
2026-08-05 20:41:01,738 INFO  scraper.vendor:   NEW Loddon Dry Element Towel Rail 800 x 600 Matt Anthracite | £446.0 | heating/towel-rails
2026-08-05 20:41:03,888 INFO  scraper.vendor:   NEW Biava Dry Element Towel Rail 700x600mm Chrome | £222.0 | heating/towel-rails
2026-08-05 20:41:06,146 INFO  scraper.vendor:   NEW Type 22 Flat Panel Radiator 600 x 800 Matt Cappuccino | £364.0 | heating/radiators
2026-08-05 20:41:08,273 INFO  scraper.vendor:   NEW Loddon Dry Element Towel Rail 800 x 500 Matt Anthracite | £423.0 | heating/towel-rails
2026-08-05 20:41:10,436 INFO  scraper.vendor:   NEW Type 22 Flat Panel Radiator 600 x 600 Matt Cappuccino | £288.0 | heating/radiators
2026-08-05 20:41:12,677 INFO  scraper.vendor:   NEW Loddon Dry Element Towel Rail 1200 x 600 Matt White | £549.0 | heating/towel-rails
2026-08-05 20:41:14,783 INFO  scraper.vendor:   NEW Type 22 Flat Panel Radiator 600 x 400 Matt Cappuccino | £217.0 | heating/radiators
2026-08-05 20:41:17,121 INFO  scraper.vendor:   NEW Type 22 Flat Panel Radiator 500 x 800 Gloss White | £284.0 | heating/radiators
2026-08-05 20:41:19,190 INFO  scraper.vendor:   NEW Type 22 Flat Panel Radiator 500 x 600 Gloss White | £226.0 | heating/radiators
2026-08-05 20:41:21,191 INFO  scraper.vendor:   NEW Loddon Dry Element Towel Rail 1200 x 500 Matt White | £520.0 | heating/towel-rails
2026-08-05 20:41:23,170 INFO  scraper.vendor:   NEW Type 22 Flat Panel Radiator 600 x 1600 Matt Grey | £662.0 | heating/radiators
2026-08-05 20:41:25,305 INFO  scraper.vendor:   NEW Type 22 Flat Panel Radiator 400 x 1400 Gloss White | £393.0 | heating/radiators
2026-08-05 20:41:27,133 INFO  scraper.vendor:   NEW Loddon Dry Element Towel Rail 800 x 600 Matt White | £446.0 | heating/towel-rails
2026-08-05 20:41:29,704 INFO  scraper.vendor:   NEW Type 22 Flat Panel Radiator 600 x 1400 Matt Grey | £587.0 | heating/radiators
2026-08-05 20:41:31,598 INFO  scraper.vendor:   NEW Type 22 Flat Panel Radiator 400 x 1200 Gloss White | £344.0 | heating/radiators
2026-08-05 20:41:33,509 INFO  scraper.vendor:   NEW Type 22 Flat Panel Radiator 600 x 1200 Matt Grey | £511.0 | heating/radiators
2026-08-05 20:41:35,631 INFO  scraper.vendor:   NEW Loddon Dry Element Towel Rail 800 x 500 Matt White | £423.0 | heating/towel-rails
2026-08-05 20:41:37,868 INFO  scraper.vendor:   NEW Type 22 Flat Panel Radiator 400 x 1000 Gloss White | £294.0 | heating/radiators
2026-08-05 20:41:40,171 INFO  scraper.vendor:   NEW Type 22 Flat Panel Radiator 600 x 1000 Matt Grey | £435.0 | heating/radiators
2026-08-05 20:41:42,431 INFO  scraper.vendor:   NEW Type 22 Flat Panel Radiator 600 x 800 Matt Grey | £364.0 | heating/radiators
2026-08-05 20:41:44,671 INFO  scraper.vendor:   NEW Type 22 Flat Panel Radiator 400 x 600 Gloss White | £200.0 | heating/radiators
2026-08-05 20:41:46,382 INFO  scraper.vendor:   NEW Type 22 Flat Panel Radiator 600 x 600 Matt Grey | £288.0 | heating/radiators
2026-08-05 20:41:48,365 INFO  scraper.vendor:   NEW Type 22 Flat Panel Radiator 600 x 400 Matt Grey | £217.0 | heating/radiators
2026-08-05 20:41:50,230 INFO  scraper.vendor:   NEW Vantage Plan F Left Hand (LH) 1000mm x 900mm Offset Quadrant | £212.0 | showering/shower-trays
2026-08-05 20:41:52,420 INFO  scraper.vendor:   NEW Vantage Plan F Left Hand (LH) 1000mm x 800mm Offset Quadrant | £187.0 | showering/shower-trays
2026-08-05 20:41:54,075 INFO  scraper.vendor:   NEW Vantage Plan E 800mm x 800mm Quadrant Shower Tray - White | £143.0 | showering/shower-trays
2026-08-05 20:41:56,066 INFO  scraper.vendor:   NEW Vantage Plan C 1400mm x 700mm Rectangular Shower Tray - Whit | £259.0 | showering/shower-trays
2026-08-05 20:41:58,123 INFO  scraper.vendor:   NEW Vantage Plan F Right Hand (RH) 900mm x 800mm Offset Quadrant | £178.0 | showering/shower-trays
2026-08-05 20:42:00,073 INFO  scraper.vendor:   NEW Vantage Plan C 1300mm x 800mm Rectangular Shower Tray - Whit | £264.0 | showering/shower-trays
2026-08-05 20:42:02,162 INFO  scraper.vendor:   NEW Vantage Plan F Left Hand (LH) 900mm x 800mm Offset Quadrant  | £178.0 | showering/shower-trays
2026-08-05 20:42:03,982 INFO  scraper.vendor:   NEW Vantage Plan F Right Hand (RH) 900mm x 760mm Offset Quadrant | £157.0 | showering/shower-trays
2026-08-05 20:42:05,760 INFO  scraper.vendor:   NEW Vantage Plan F Left Hand (LH) 900mm x 760mm Offset Quadrant  | £157.0 | showering/shower-trays
2026-08-05 20:42:07,824 INFO  scraper.vendor:   NEW Vantage Plan C 1700mm x 800mm Rectangular Shower Tray - Whit | £332.0 | showering/shower-trays
2026-08-05 20:42:09,975 INFO  scraper.vendor:   NEW Emsbury Dry Element Towel Rail 1200 x 600 Polished | £491.0 | heating/towel-rails
2026-08-05 20:42:12,344 INFO  scraper.vendor:   NEW Type 22 Flat Panel Radiator 600 x 1400 Matt Black | £587.0 | heating/radiators
2026-08-05 20:42:14,591 INFO  scraper.vendor:   NEW Emsbury Dry Element Towel Rail 1200 x 500 Polished | £471.0 | heating/towel-rails
2026-08-05 20:42:16,568 INFO  scraper.vendor:   NEW Type 22 Flat Panel Radiator 600 x 1200 Matt Black | £511.0 | heating/radiators
2026-08-05 20:42:18,778 INFO  scraper.vendor:   NEW Kennet Dry Element Towel Rail 700 x 600 Matt Anthracite | £418.0 | heating/towel-rails
2026-08-05 20:42:21,083 INFO  scraper.vendor:   NEW Emsbury Dry Element Towel Rail 800 x 600 Polished | £443.0 | heating/towel-rails
2026-08-05 20:42:23,145 INFO  scraper.vendor:   NEW Vantage Plan C 1600mm x 800mm Rectangular Shower Tray - Whit | £322.0 | showering/shower-trays
2026-08-05 20:42:25,301 INFO  scraper.vendor:   NEW Type 22 Flat Panel Radiator 600 x 600 Matt Black | £288.0 | heating/radiators
2026-08-05 20:42:27,639 INFO  scraper.vendor:   NEW Vantage Plan F Left Hand (LH) 1200mm x 900mm Offset Quadrant | £228.0 | showering/shower-trays
2026-08-05 20:42:29,582 INFO  scraper.vendor:   NEW Vantage Plan F Right Hand (RH) 1200mm x 800mm Offset Quadran | £210.0 | showering/shower-trays
2026-08-05 20:42:31,987 INFO  scraper.vendor:   NEW Vantage Plan F Left Hand (LH) 1200mm x 800mm Offset Quadrant | £210.0 | showering/shower-trays
2026-08-05 20:42:33,962 INFO  scraper.vendor:   NEW Biava Dry Element Towel Rail 1100x500mm Matt Anthracite | £226.0 | heating/towel-rails
2026-08-05 20:42:36,265 INFO  scraper.vendor:   NEW Vantage Plan C 1500mm x 760mm Rectangular Shower Tray - Whit | £286.0 | showering/shower-trays
2026-08-05 20:42:38,349 INFO  scraper.vendor:   NEW Vantage Plan C 1500mm x 700mm Rectangular Shower Tray - Whit | £278.0 | showering/shower-trays
2026-08-05 20:42:40,610 INFO  scraper.vendor:   NEW Biava Dry Element Towel Rail 1100x600mm 500w Gloss White | £238.0 | heating/towel-rails
2026-08-05 20:42:42,626 INFO  scraper.vendor:   NEW Biava Dry Element Towel Rail 700x600mm 300w Gloss White | £174.0 | heating/towel-rails
    eastbrook done: {'found': 2262, 'new': 2262, 'updated': 0, 'failed': 0, 'skipped': 3200}

=== Summary ===
  eastbrook: {'found': 2262, 'new': 2262, 'updated': 0, 'failed': 0, 'skipped': 3200}
