
=== eastbrook (live) ===
2026-08-05 17:15:48,929 INFO  scraper.vendor: [eastbrook] skipping 0 already-scraped URLs (mode=existing)
2026-08-05 17:15:48,932 INFO  scraper.vendor: [eastbrook] crawling category: https://www.eastbrooktrade.com/sitemap.xml
2026-08-05 17:15:52,067 INFO  scraper.vendor:   NEW Vanguard 25 Plan E 1800mm x 900mm Rectangular Shower Tray -  | £607.0 | showering/shower-trays
2026-08-05 17:15:53,143 INFO  scraper.vendor:   NEW Vanguard 25 Plan E 1700mm x 900mm Rectangular Shower Tray -  | £548.0 | showering/shower-trays
2026-08-05 17:15:54,318 INFO  scraper.vendor:   NEW Vanguard 25 Plan E 1700mm x 750mm Rectangular Shower Tray -  | £461.0 | showering/shower-trays
2026-08-05 17:15:56,317 INFO  scraper.vendor:   NEW Vanguard 25 Plan B 900mm x 900mm Quadrant Shower Tray - Whit | £284.0 | showering/shower-trays
2026-08-05 17:15:58,364 INFO  scraper.vendor:   NEW Vanguard 25 Plan C 900mm x 900mm Square Shower Tray - White | £284.0 | showering/shower-trays
2026-08-05 17:15:59,969 INFO  scraper.vendor:   NEW Vanguard 25 Plan A 800mm x 800mm Quadrant Shower Tray - Whit | £229.0 | showering/shower-trays
2026-08-05 17:16:01,266 INFO  scraper.vendor:   NEW Vanguard 25 Plan C 800mm x 800mm Square Shower Tray - White | £229.0 | showering/shower-trays
2026-08-05 17:16:02,675 INFO  scraper.vendor:   NEW Vanguard 25 Plan E 900mm x 700mm Rectangular Shower Tray - W | £223.0 | showering/shower-trays
2026-08-05 17:16:04,610 INFO  scraper.vendor:   NEW Vanguard 25 Plan C 700mm x 700mm Square Shower Tray - White | £188.0 | showering/shower-trays
2026-08-05 17:16:06,933 INFO  scraper.vendor:   NEW Vanguard 25 Plan D 1100mm x 800mm Rectangular Shower Tray -  | £307.0 | showering/shower-trays
2026-08-05 17:16:09,089 INFO  scraper.vendor:   NEW Vanguard 25 Plan D 1000mm x 900mm Rectangular Shower Tray -  | £310.0 | showering/shower-trays
2026-08-05 17:16:10,774 INFO  scraper.vendor:   NEW Vanguard 25 Plan D 900mm x 800mm Rectangular Shower Tray - W | £270.0 | showering/shower-trays
2026-08-05 17:16:12,973 INFO  scraper.vendor:   NEW Vanguard 25 Plan D 800mm x 760mm Rectangular Shower Tray - W | £235.0 | showering/shower-trays
2026-08-05 17:16:15,176 INFO  scraper.vendor:   NEW Vanguard 25 Plan E 1800mm x 800mm Rectangular Shower Tray -  | £529.0 | showering/shower-trays
2026-08-05 17:16:17,089 INFO  scraper.vendor:   NEW Vanguard 25 Plan E 1700mm x 800mm Rectangular Shower Tray -  | £453.0 | showering/shower-trays
2026-08-05 17:16:19,322 INFO  scraper.vendor:   NEW Vanguard 25 Plan E 1600mm x 900mm Rectangular Shower Tray -  | £479.0 | showering/shower-trays
2026-08-05 17:16:21,347 INFO  scraper.vendor:   NEW Vanguard 25 Plan E 1600mm x 800mm Rectangular Shower Tray -  | £412.0 | showering/shower-trays
2026-08-05 17:16:23,296 INFO  scraper.vendor:   NEW Vanguard 25 Plan E 1400mm x 900mm Rectangular Shower Tray -  | £407.0 | showering/shower-trays
2026-08-05 17:16:25,559 INFO  scraper.vendor:   NEW Vanguard 25 Plan E 1400mm x 800mm Rectangular Shower Tray -  | £344.0 | showering/shower-trays
2026-08-05 17:16:27,571 INFO  scraper.vendor:   NEW Vanguard 25 Plan E 1200mm x 900mm Rectangular Shower Tray -  | £328.0 | showering/shower-trays
2026-08-05 17:16:29,470 INFO  scraper.vendor:   NEW Vanguard 25 Plan D 1200mm x 800mm Rectangular Shower Tray -  | £309.0 | showering/shower-trays
2026-08-05 17:16:31,549 INFO  scraper.vendor:   NEW Vanguard 25 Plan D 1200mm x 700mm Rectangular Shower Tray -  | £292.0 | showering/shower-trays
2026-08-05 17:16:33,720 INFO  scraper.vendor:   NEW Vanguard 25 Plan C 1000mm x 1000mm Square Shower Tray - Whit | £310.0 | showering/shower-trays
2026-08-05 17:16:35,564 INFO  scraper.vendor:   NEW Vanguard 25 Plan B 1000mm x 1000mm Quadrant Shower Tray - Wh | £310.0 | showering/shower-trays
2026-08-05 17:16:37,390 INFO  scraper.vendor:   NEW Vanguard 25 Plan D 1000mm x 800mm Rectangular Shower Tray -  | £275.0 | showering/shower-trays
2026-08-05 17:16:39,190 INFO  scraper.vendor:   NEW Vanguard 25 Plan D 1000mm x 700mm Rectangular Shower Tray -  | £252.0 | showering/shower-trays
2026-08-05 17:16:41,366 INFO  scraper.vendor:   NEW Vanguard 25 Plan E 1700mm x 700mm Rectangular Shower Tray -  | £445.0 | showering/shower-trays
2026-08-05 17:16:43,208 INFO  scraper.vendor:   NEW Vanguard 25 Plan E 1600mm x 700mm Rectangular Shower Tray -  | £354.0 | showering/shower-trays
2026-08-05 17:16:44,979 INFO  scraper.vendor:   NEW Vanguard 25 Plan E 1500mm x 900mm Rectangular Shower Tray -  | £436.0 | showering/shower-trays
2026-08-05 17:16:47,140 INFO  scraper.vendor:   NEW Vanguard 25 Plan E 1500mm x 800mm Rectangular Shower Tray -  | £392.0 | showering/shower-trays
2026-08-05 17:16:48,970 INFO  scraper.vendor:   NEW Vanguard 25 Plan E 1400mm x 700mm Rectangular Shower Tray -  | £338.0 | showering/shower-trays
2026-08-05 17:16:50,823 INFO  scraper.vendor:   NEW Vanguard 25 Plan E 1300mm x 900mm Rectangular Shower Tray -  | £380.0 | showering/shower-trays
2026-08-05 17:16:52,829 INFO  scraper.vendor:   NEW Vanguard 25 Plan E 1300mm x 800mm Rectangular Shower Tray -  | £350.0 | showering/shower-trays
2026-08-05 17:16:54,857 INFO  scraper.vendor:   NEW Vanguard 25 Plan D 1200mm x 760mm Rectangular Shower Tray -  | £310.0 | showering/shower-trays
2026-08-05 17:16:57,066 INFO  scraper.vendor:   NEW Withington 600 x 470 Aluminium Radiator Matt White | £252.0 | heating/radiators
2026-08-05 17:16:59,457 INFO  scraper.vendor:   NEW Charlton 1800 x 565 Aluminium Radiator Matt Black | £595.0 | heating/radiators
2026-08-05 17:17:01,330 INFO  scraper.vendor:   NEW Charlton 1800 x 470 Aluminium Radiator Matt Black | £479.0 | heating/radiators
2026-08-05 17:17:03,875 INFO  scraper.vendor:   NEW Withington 600 x 280 Aluminium Radiator Matt Anthracite | £182.0 | heating/radiators
2026-08-05 17:17:06,449 INFO  scraper.vendor:   NEW Charlton 1800 x 375 Aluminium Radiator Matt Black | £397.0 | heating/radiators
2026-08-05 17:17:09,726 INFO  scraper.vendor:   NEW Withington 1800 x 565 Aluminium Radiator Matt White | £595.0 | heating/radiators
2026-08-05 17:17:12,769 INFO  scraper.vendor:   NEW Charlton 1800 x 280 Aluminium Radiator Matt Black | £307.0 | heating/radiators
2026-08-05 17:17:14,910 INFO  scraper.vendor:   NEW Withington 600 x 280 Aluminium Radiator Matt White | £182.0 | heating/radiators
2026-08-05 17:17:17,092 INFO  scraper.vendor:   NEW Charlton 600 x 280 Aluminium Radiator Matt Black | £182.0 | heating/radiators
2026-08-05 17:17:19,071 INFO  scraper.vendor:   NEW Withington 600 x 1230 Aluminium Radiator Matt Black | £580.0 | heating/radiators
2026-08-05 17:17:21,401 INFO  scraper.vendor:   NEW Charlton 1800 x 565 Aluminium Radiator Matt Anthracite | £595.0 | heating/radiators
2026-08-05 17:17:23,302 INFO  scraper.vendor:   NEW Withington 600 x 1040 Aluminium Radiator Matt Black | £493.0 | heating/radiators
2026-08-05 17:17:25,803 INFO  scraper.vendor:   NEW Charlton 600 x 280 Aluminium Radiator Matt Anthracite | £182.0 | heating/radiators
2026-08-05 17:17:28,028 INFO  scraper.vendor:   NEW Withington 600 x 850 Aluminium Radiator Matt Black | £415.0 | heating/radiators
2026-08-05 17:17:30,556 INFO  scraper.vendor:   NEW Withington 600 x 660 Aluminium Radiator Matt Black | £332.0 | heating/radiators
2026-08-05 17:17:32,849 INFO  scraper.vendor:   NEW Withington 600 x 470 Aluminium Radiator Matt Black | £252.0 | heating/radiators
2026-08-05 17:17:35,425 INFO  scraper.vendor:   NEW Withington 600 x 1230 Aluminium Radiator Matt Anthracite | £580.0 | heating/radiators
2026-08-05 17:17:37,803 INFO  scraper.vendor:   NEW Withington 600 x 1040 Aluminium Radiator Matt Anthracite | £493.0 | heating/radiators
2026-08-05 17:17:40,334 INFO  scraper.vendor:   NEW Withington 600 x 850 Aluminium Radiator Matt Anthracite | £415.0 | heating/radiators
2026-08-05 17:17:42,952 INFO  scraper.vendor:   NEW Withington 600 x 660 Aluminium Radiator Matt Anthracite | £332.0 | heating/radiators
2026-08-05 17:17:45,373 INFO  scraper.vendor:   NEW Withington 600 x 470 Aluminium Radiator Matt Anthracite | £252.0 | heating/radiators
2026-08-05 17:17:48,715 INFO  scraper.vendor:   NEW Withington 600 x 1230 Aluminium Radiator Matt White | £580.0 | heating/radiators
2026-08-05 17:17:52,016 INFO  scraper.vendor:   NEW Withington 600 x 1040 Aluminium Radiator Matt White | £493.0 | heating/radiators
2026-08-05 17:17:54,744 INFO  scraper.vendor:   NEW Withington 600 x 850 Aluminium Radiator Matt White | £415.0 | heating/radiators
2026-08-05 17:17:57,747 INFO  scraper.vendor:   NEW Withington 600 x 660 Aluminium Radiator Matt White | £332.0 | heating/radiators
2026-08-05 17:18:00,318 INFO  scraper.vendor:   NEW Westward 600 x 500 Straight Multirail Chrome | £125.0 | heating/towel-rails
2026-08-05 17:18:02,639 INFO  scraper.vendor:   NEW Westward 1800 x 600 Straight Multirail Gloss White | £162.0 | heating/towel-rails
2026-08-05 17:18:04,958 INFO  scraper.vendor:   NEW Westward 1800 x 500 Straight Multirail Gloss White | £161.0 | heating/towel-rails
2026-08-05 17:18:07,318 INFO  scraper.vendor:   NEW Helmsley 1400 x 600 Towel Rail Matt White | £474.0 | heating/towel-rails
2026-08-05 17:18:09,565 INFO  scraper.vendor:   NEW Westward 1800 x 400 Straight Multirail Gloss White | £139.0 | heating/towel-rails
2026-08-05 17:18:12,252 INFO  scraper.vendor:   NEW Helmsley 1400 x 500 Towel Rail Matt White | £426.0 | heating/towel-rails
2026-08-05 17:18:14,794 INFO  scraper.vendor:   NEW Westward 1200 x 600 Straight Multirail Gloss White | £118.0 | heating/towel-rails
2026-08-05 17:18:17,046 INFO  scraper.vendor:   NEW Helmsley 1150 x 600 Towel Rail Matt White | £436.0 | heating/towel-rails
2026-08-05 17:18:19,457 INFO  scraper.vendor:   NEW Helmsley 1150 x 500 Towel Rail Matt White | £392.0 | heating/towel-rails
2026-08-05 17:18:22,401 INFO  scraper.vendor:   NEW Westward 1200 x 500 Straight Multirail Gloss White | £109.0 | heating/towel-rails
2026-08-05 17:18:25,295 INFO  scraper.vendor:   NEW Helmsley 800 x 600 Towel Rail Matt White | £314.0 | heating/towel-rails
2026-08-05 17:18:27,991 INFO  scraper.vendor:   NEW Westward 1200 x 400 Straight Multirail Gloss White | £101.0 | heating/towel-rails
2026-08-05 17:18:30,614 INFO  scraper.vendor:   NEW Helmsley 800 x 500 Towel Rail Matt White | £284.0 | heating/towel-rails
2026-08-05 17:18:33,780 INFO  scraper.vendor:   NEW Westward 800 x 600 Straight Multirail Gloss White | £89.0 | heating/towel-rails
2026-08-05 17:18:36,518 INFO  scraper.vendor:   NEW Westward 1800 x 600 Straight Multirail Chrome | £280.0 | heating/towel-rails
2026-08-05 17:18:38,843 INFO  scraper.vendor:   NEW Charlton 600 x 660 Aluminium Radiator Matt White | £332.0 | heating/radiators
2026-08-05 17:18:41,401 INFO  scraper.vendor:   NEW Westward 1800 x 500 Straight Multirail Chrome | £259.0 | heating/towel-rails
2026-08-05 17:18:43,542 INFO  scraper.vendor:   NEW Westward 1800 x 400 Straight Multirail Chrome | £237.0 | heating/towel-rails
2026-08-05 17:18:45,484 INFO  scraper.vendor:   NEW Charlton 600 x 470 Aluminium Radiator Matt White | £252.0 | heating/radiators
2026-08-05 17:18:47,781 INFO  scraper.vendor:   NEW Westward 1200 x 600 Straight Multirail Chrome | £195.0 | heating/towel-rails
2026-08-05 17:18:49,686 INFO  scraper.vendor:   NEW Westward 1200 x 500 Straight Multirail Chrome | £180.0 | heating/towel-rails
2026-08-05 17:18:51,969 INFO  scraper.vendor:   NEW Westward 1200 x 400 Straight Multirail Chrome | £158.0 | heating/towel-rails
2026-08-05 17:18:54,197 INFO  scraper.vendor:   NEW Westward 800 x 600 Straight Multirail Chrome | £143.0 | heating/towel-rails
2026-08-05 17:18:56,514 INFO  scraper.vendor:   NEW Westward 800 x 500 Straight Multirail Chrome | £131.0 | heating/towel-rails
2026-08-05 17:18:58,482 INFO  scraper.vendor:   NEW Westward 800 x 400 Straight Multirail Chrome | £118.0 | heating/towel-rails
2026-08-05 17:19:00,865 INFO  scraper.vendor:   NEW Westward 600 x 800 Straight Multirail Chrome | £162.0 | heating/towel-rails
2026-08-05 17:19:03,610 INFO  scraper.vendor:   NEW Westward 600 x 600 Straight Multirail Chrome | £137.0 | heating/towel-rails
2026-08-05 17:19:05,907 INFO  scraper.vendor:   NEW Marlow E-Style 1150 x 600 Towel Rail Chrome | £531.0 | heating/towel-rails
2026-08-05 17:19:08,210 INFO  scraper.vendor:   NEW Marlow E-Style 1150 x 500 Towel Rail Chrome | £476.0 | heating/towel-rails
2026-08-05 17:19:10,145 INFO  scraper.vendor:   NEW Marlow E-Style 1750 x 500 Towel Rail Matt Anthracite | £476.0 | heating/towel-rails
2026-08-05 17:19:12,340 INFO  scraper.vendor:   NEW Marlow E-Style 1150 x 600 Towel Rail Matt Anthracite | £416.0 | heating/towel-rails
2026-08-05 17:19:14,710 INFO  scraper.vendor:   NEW Marlow E-Style 850 x 600 Towel Rail Chrome | £386.0 | heating/towel-rails
2026-08-05 17:19:17,115 INFO  scraper.vendor:   NEW Marlow E-Style 1150 x 500 Towel Rail Matt Anthracite | £373.0 | heating/towel-rails
2026-08-05 17:19:19,287 INFO  scraper.vendor:   NEW Marlow E-Style 850 x 500 Towel Rail Chrome | £345.0 | heating/towel-rails
2026-08-05 17:19:21,264 INFO  scraper.vendor:   NEW Marlow E-Style 850 x 600 Towel Rail Matt Anthracite | £304.0 | heating/towel-rails
2026-08-05 17:19:23,231 INFO  scraper.vendor:   NEW Marlow E-Style 1750 x 600 Towel Rail Matt Cappuccino | £531.0 | heating/towel-rails
2026-08-05 17:19:25,254 INFO  scraper.vendor:   NEW Marlow E-Style 1750 x 500 Towel Rail Matt Cappuccino | £476.0 | heating/towel-rails
2026-08-05 17:19:27,247 INFO  scraper.vendor:   NEW Marlow E-Style 850 x 500 Towel Rail Matt Anthracite | £271.0 | heating/towel-rails
2026-08-05 17:19:29,316 INFO  scraper.vendor:   NEW Marlow E-Style 1750 x 600 Towel Rail Matt White | £531.0 | heating/towel-rails
2026-08-05 17:19:31,286 INFO  scraper.vendor:   NEW Marlow E-Style 1150 x 600 Towel Rail Matt Cappuccino | £416.0 | heating/towel-rails
2026-08-05 17:19:33,450 INFO  scraper.vendor:   NEW Marlow E-Style 1750 x 500 Towel Rail Matt White | £476.0 | heating/towel-rails
2026-08-05 17:19:35,425 INFO  scraper.vendor:   NEW Marlow E-Style 1150 x 500 Towel Rail Matt Cappuccino | £373.0 | heating/towel-rails
2026-08-05 17:19:37,854 INFO  scraper.vendor:   NEW Marlow E-Style 1150 x 600 Towel Rail Matt White | £416.0 | heating/towel-rails
2026-08-05 17:19:39,699 INFO  scraper.vendor:   NEW Marlow E-Style 850 x 600 Towel Rail Matt Cappuccino | £304.0 | heating/towel-rails
2026-08-05 17:19:41,922 INFO  scraper.vendor:   NEW Withington 600 x 280 Aluminium Radiator Matt Black | £182.0 | heating/radiators
2026-08-05 17:19:44,045 INFO  scraper.vendor:   NEW Marlow E-Style 850 x 500 Towel Rail Matt Cappuccino | £271.0 | heating/towel-rails
2026-08-05 17:19:46,398 INFO  scraper.vendor:   NEW Marlow E-Style 850 x 600 Towel Rail Matt White | £304.0 | heating/towel-rails
2026-08-05 17:19:48,694 INFO  scraper.vendor:   NEW Withington 1800 x 565 Aluminium Radiator Matt Anthracite | £595.0 | heating/radiators
2026-08-05 17:19:50,620 INFO  scraper.vendor:   NEW Marlow E-Style 1750 x 600 Towel Rail Matt Grey | £531.0 | heating/towel-rails
2026-08-05 17:19:52,507 INFO  scraper.vendor:   NEW Marlow E-Style 850 x 500 Towel Rail Matt White | £271.0 | heating/towel-rails
2026-08-05 17:19:54,798 INFO  scraper.vendor:   NEW Deddington 1800 x 600 Towel Rail Chrome | £743.0 | heating/towel-rails
2026-08-05 17:19:57,154 INFO  scraper.vendor:   NEW Marlow E-Style 1750 x 500 Towel Rail Matt Grey | £476.0 | heating/towel-rails
2026-08-05 17:19:59,324 INFO  scraper.vendor:   NEW Deddington 1800 x 500 Towel Rail Chrome | £676.0 | heating/towel-rails
2026-08-05 17:20:01,205 INFO  scraper.vendor:   NEW Marlow E-Style 1150 x 600 Towel Rail Matt Grey | £416.0 | heating/towel-rails
2026-08-05 17:20:03,834 INFO  scraper.vendor:   NEW Deddington 1200 x 600 Towel Rail Chrome | £520.0 | heating/towel-rails
2026-08-05 17:20:06,208 INFO  scraper.vendor:   NEW Marlow E-Style 1150 x 500 Towel Rail Matt Grey | £373.0 | heating/towel-rails
2026-08-05 17:20:08,850 INFO  scraper.vendor:   NEW Malmesbury 1800 x 565 Aluminium Radiator Matt Anthracite | £613.0 | heating/radiators
2026-08-05 17:20:11,422 INFO  scraper.vendor:   NEW Deddington 1200 x 500 Towel Rail Chrome | £474.0 | heating/towel-rails
2026-08-05 17:20:13,548 INFO  scraper.vendor:   NEW Marlow E-Style 850 x 600 Towel Rail Matt Grey | £304.0 | heating/towel-rails
2026-08-05 17:20:16,038 INFO  scraper.vendor:   NEW Berkeley 603 x 1800 Aluminium Radiator Matt White | £441.0 | heating/radiators
2026-08-05 17:20:18,399 INFO  scraper.vendor:   NEW Malmesbury 1800 x 565 Aluminium Radiator Matt Cappuccino | £675.0 | heating/radiators
2026-08-05 17:20:20,629 INFO  scraper.vendor:   NEW Charlton 1800 x 565 Aluminium Radiator Matt White | £595.0 | heating/radiators
2026-08-05 17:20:23,198 INFO  scraper.vendor:   NEW Deddington 800 x 600 Towel Rail Chrome | £401.0 | heating/towel-rails
2026-08-05 17:20:25,206 INFO  scraper.vendor:   NEW Marlow E-Style 850 x 500 Towel Rail Matt Grey | £271.0 | heating/towel-rails
2026-08-05 17:20:28,285 INFO  scraper.vendor:   NEW Malmesbury 1800 x 565 Aluminium Radiator Matt Grey | £613.0 | heating/radiators
2026-08-05 17:20:30,648 INFO  scraper.vendor:   NEW Deddington 800 x 500 Towel Rail Chrome | £364.0 | heating/towel-rails
2026-08-05 17:20:32,635 INFO  scraper.vendor:   NEW Berkeley 603 x 1600 Aluminium Radiator Matt White | £391.0 | heating/radiators
2026-08-05 17:20:35,068 INFO  scraper.vendor:   NEW Charlton 600 x 280 Aluminium Radiator Matt White | £182.0 | heating/radiators
2026-08-05 17:20:37,045 INFO  scraper.vendor:   NEW Marlow E-Style 1750 x 600 Towel Rail Matt Anthracite | £531.0 | heating/towel-rails
2026-08-05 17:20:39,878 INFO  scraper.vendor:   NEW Malmesbury 1800 x 565 Aluminium Radiator Matt White | £613.0 | heating/radiators
2026-08-05 17:20:42,291 INFO  scraper.vendor:   NEW Berkeley 603 x 1400 Aluminium Radiator Matt White | £344.0 | heating/radiators
2026-08-05 17:20:44,377 INFO  scraper.vendor:   NEW Deddington 600 x 1270 Radiator Chrome | £627.0 | heating/radiators
2026-08-05 17:20:46,312 INFO  scraper.vendor:   NEW Charlton 600 x 1230 Aluminium Radiator Matt Black | £580.0 | heating/radiators
2026-08-05 17:20:48,593 INFO  scraper.vendor:   NEW Fairford 1200 x 565 Aluminium Radiator Matt Anthracite | £565.0 | heating/radiators
2026-08-05 17:20:51,082 INFO  scraper.vendor:   NEW Berkeley 603 x 1200 Aluminium Radiator Matt White | £296.0 | heating/radiators
2026-08-05 17:20:53,130 INFO  scraper.vendor:   NEW Deddington 600 x 950 Radiator Chrome | £553.0 | heating/radiators
2026-08-05 17:20:55,401 INFO  scraper.vendor:   NEW Fairford 1200 x 565 Aluminium Radiator Matt White | £565.0 | heating/radiators
2026-08-05 17:20:57,580 INFO  scraper.vendor:   NEW Charlton 600 x 1040 Aluminium Radiator Matt Black | £493.0 | heating/radiators
2026-08-05 17:20:59,705 INFO  scraper.vendor:   NEW Berkeley 603 x 1000 Aluminium Radiator Matt White | £247.0 | heating/radiators
2026-08-05 17:21:02,043 INFO  scraper.vendor:   NEW Deddington 600 x 790 Radiator Chrome | £489.0 | heating/radiators
2026-08-05 17:21:04,572 INFO  scraper.vendor:   NEW Fairford 1800 x 565 Aluminium Radiator Matt Anthracite | £656.0 | heating/radiators
2026-08-05 17:21:07,104 INFO  scraper.vendor:   NEW Charlton 600 x 850 Aluminium Radiator Matt Black | £415.0 | heating/radiators
2026-08-05 17:21:09,480 INFO  scraper.vendor:   NEW Berkeley 603 x 800 Aluminium Radiator Matt White | £197.0 | heating/radiators
2026-08-05 17:21:12,017 INFO  scraper.vendor:   NEW Fairford 1800 x 565 Aluminium Radiator Matt White | £656.0 | heating/radiators
2026-08-05 17:21:13,974 INFO  scraper.vendor:   NEW Deddington 600 x 630 Radiator Chrome | £409.0 | heating/radiators
2026-08-05 17:21:16,235 INFO  scraper.vendor:   NEW Berkeley 603 x 2000 Aluminium Radiator Matt Anthracite | £490.0 | heating/radiators
2026-08-05 17:21:18,093 INFO  scraper.vendor:   NEW Charlton 600 x 660 Aluminium Radiator Matt Black | £332.0 | heating/radiators
2026-08-05 17:21:20,621 INFO  scraper.vendor:   NEW Deddington 1800 x 630 Radiator Chrome | £847.0 | heating/radiators
2026-08-05 17:21:23,217 INFO  scraper.vendor:   NEW Berkeley 603 x 600 Aluminium Radiator Matt White | £150.0 | heating/radiators
2026-08-05 17:21:25,655 INFO  scraper.vendor:   NEW Charlton 600 x 470 Aluminium Radiator Matt Black | £252.0 | heating/radiators
2026-08-05 17:21:28,199 INFO  scraper.vendor:   NEW Berkeley 603 x 1800 Aluminium Radiator Matt Anthracite | £441.0 | heating/radiators
2026-08-05 17:21:30,427 INFO  scraper.vendor:   NEW Deddington 1800 x 470 Radiator Chrome | £686.0 | heating/radiators
2026-08-05 17:21:32,961 INFO  scraper.vendor:   NEW Charlton 600 x 1230 Aluminium Radiator Matt Anthracite | £580.0 | heating/radiators
2026-08-05 17:21:35,198 INFO  scraper.vendor:   NEW Helmsley 1640 x 600 Towel Rail Matt Black | £516.0 | heating/towel-rails
2026-08-05 17:21:37,575 INFO  scraper.vendor:   NEW Berkeley 603 x 1600 Aluminium Radiator Matt Anthracite | £391.0 | heating/radiators
2026-08-05 17:21:39,805 INFO  scraper.vendor:   NEW Deddington 1800 x 310 Radiator Chrome | £481.0 | heating/radiators
2026-08-05 17:21:42,603 INFO  scraper.vendor:   NEW Charlton 600 x 1040 Aluminium Radiator Matt Anthracite | £493.0 | heating/radiators
2026-08-05 17:21:45,012 INFO  scraper.vendor:   NEW Berkeley 603 x 1400 Aluminium Radiator Matt Anthracite | £344.0 | heating/radiators
2026-08-05 17:21:47,649 INFO  scraper.vendor:   NEW Preston 1200 x 185 Aluminium Radiator Matt Black | £197.0 | heating/radiators
2026-08-05 17:21:50,376 INFO  scraper.vendor:   NEW Charlton 600 x 850 Aluminium Radiator Matt Anthracite | £415.0 | heating/radiators
2026-08-05 17:21:53,001 INFO  scraper.vendor:   NEW Berkeley 603 x 1200 Aluminium Radiator Matt Anthracite | £296.0 | heating/radiators
2026-08-05 17:21:55,144 INFO  scraper.vendor:   NEW Helmsley 1400 x 500 Towel Rail Matt Black | £426.0 | heating/towel-rails
2026-08-05 17:21:57,513 INFO  scraper.vendor:   NEW Berkeley 603 x 1000 Aluminium Radiator Matt Anthracite | £247.0 | heating/radiators
2026-08-05 17:21:59,995 INFO  scraper.vendor:   NEW Charlton 600 x 660 Aluminium Radiator Matt Anthracite | £332.0 | heating/radiators
2026-08-05 17:22:02,301 INFO  scraper.vendor:   NEW Helmsley 1150 x 600 Towel Rail Matt Black | £436.0 | heating/towel-rails
2026-08-05 17:22:04,478 INFO  scraper.vendor:   NEW Berkeley 603 x 800 Aluminium Radiator Matt Anthracite | £197.0 | heating/radiators
2026-08-05 17:22:06,908 INFO  scraper.vendor:   NEW Charlton 600 x 470 Aluminium Radiator Matt Anthracite | £252.0 | heating/radiators
2026-08-05 17:22:08,943 INFO  scraper.vendor:   NEW Helmsley 1150 x 500 Towel Rail Matt Black | £392.0 | heating/towel-rails
2026-08-05 17:22:11,174 INFO  scraper.vendor:   NEW Berkeley 603 x 600 Aluminium Radiator Matt Anthracite | £150.0 | heating/radiators
2026-08-05 17:22:13,266 INFO  scraper.vendor:   NEW Charlton 600 x 1230 Aluminium Radiator Matt White | £580.0 | heating/radiators
2026-08-05 17:22:15,696 INFO  scraper.vendor:   NEW Helmsley 800 x 600 Towel Rail Matt Black | £314.0 | heating/towel-rails
2026-08-05 17:22:17,526 INFO  scraper.vendor:   NEW Berkeley 603 x 2000 Aluminium Radiator Matt Grey | £490.0 | heating/radiators
2026-08-05 17:22:20,106 INFO  scraper.vendor:   NEW Charlton 600 x 1040 Aluminium Radiator Matt White | £493.0 | heating/radiators
2026-08-05 17:22:22,274 INFO  scraper.vendor:   NEW Marlow 1750 x 500 Towel Rail Matt Cappuccino | £669.0 | heating/towel-rails
2026-08-05 17:22:24,687 INFO  scraper.vendor:   NEW Helmsley 800 x 500 Towel Rail Matt Black | £284.0 | heating/towel-rails
2026-08-05 17:22:26,918 INFO  scraper.vendor:   NEW Berkeley 603 x 1800 Aluminium Radiator Matt Grey | £441.0 | heating/radiators
2026-08-05 17:22:29,213 INFO  scraper.vendor:   NEW Marlow 1150 x 600 Towel Rail Matt Cappuccino | £534.0 | heating/towel-rails
2026-08-05 17:22:31,749 INFO  scraper.vendor:   NEW Helmsley 1640 x 600 Towel Rail Matt Anthracite | £516.0 | heating/towel-rails
2026-08-05 17:22:33,460 INFO  scraper.vendor:   NEW Charlton 600 x 850 Aluminium Radiator Matt White | £415.0 | heating/radiators
2026-08-05 17:22:35,339 INFO  scraper.vendor:   NEW Berkeley 603 x 1600 Aluminium Radiator Matt Grey | £391.0 | heating/radiators
2026-08-05 17:22:37,569 INFO  scraper.vendor:   NEW Marlow 1150 x 500 Towel Rail Matt Cappuccino | £506.0 | heating/towel-rails
2026-08-05 17:22:39,926 INFO  scraper.vendor:   NEW Helmsley 1640 x 500 Towel Rail Matt Anthracite | £460.0 | heating/towel-rails
2026-08-05 17:22:42,282 INFO  scraper.vendor:   NEW Berkeley 603 x 1400 Aluminium Radiator Matt Grey | £344.0 | heating/radiators
2026-08-05 17:22:44,448 INFO  scraper.vendor:   NEW Marlow 850 x 600 Towel Rail Matt Cappuccino | £434.0 | heating/towel-rails
2026-08-05 17:22:46,483 INFO  scraper.vendor:   NEW Helmsley 1400 x 600 Towel Rail Matt Anthracite | £474.0 | heating/towel-rails
2026-08-05 17:22:48,898 INFO  scraper.vendor:   NEW Helmsley 1400 x 500 Towel Rail Matt Anthracite | £426.0 | heating/towel-rails
2026-08-05 17:22:51,030 INFO  scraper.vendor:   NEW Berkeley 603 x 1200 Aluminium Radiator Matt Grey | £296.0 | heating/radiators
2026-08-05 17:22:53,250 INFO  scraper.vendor:   NEW Marlow 850 x 500 Towel Rail Matt Cappuccino | £409.0 | heating/towel-rails
2026-08-05 17:22:55,525 INFO  scraper.vendor:   NEW Helmsley 1150 x 600 Towel Rail Matt Anthracite | £436.0 | heating/towel-rails
2026-08-05 17:22:57,498 INFO  scraper.vendor:   NEW Berkeley 603 x 1000 Aluminium Radiator Matt Grey | £247.0 | heating/radiators
2026-08-05 17:22:59,517 INFO  scraper.vendor:   NEW Marlow 1750 x 600 Towel Rail Matt Grey | £643.0 | heating/towel-rails
2026-08-05 17:23:02,154 INFO  scraper.vendor:   NEW Hurley 1200 x 600 Towel Rail Matt Anthracite | £398.0 | heating/towel-rails
2026-08-05 17:23:03,880 INFO  scraper.vendor:   NEW Berkeley 603 x 800 Aluminium Radiator Matt Grey | £197.0 | heating/radiators
2026-08-05 17:23:06,192 INFO  scraper.vendor:   NEW Helmsley 1150 x 500 Towel Rail Matt Anthracite | £392.0 | heating/towel-rails
2026-08-05 17:23:08,625 INFO  scraper.vendor:   NEW Marlow 1750 x 500 Towel Rail Matt Grey | £607.0 | heating/towel-rails
2026-08-05 17:23:10,772 INFO  scraper.vendor:   NEW Hurley 1200 x 500 Towel Rail Matt Anthracite | £356.0 | heating/towel-rails
2026-08-05 17:23:13,262 INFO  scraper.vendor:   NEW Berkeley 603 x 600 Aluminium Radiator Matt Grey | £150.0 | heating/radiators
2026-08-05 17:23:15,949 INFO  scraper.vendor:   NEW Helmsley 800 x 600 Towel Rail Matt Anthracite | £314.0 | heating/towel-rails
2026-08-05 17:23:18,105 INFO  scraper.vendor:   NEW Marlow 1150 x 600 Towel Rail Matt Grey | £486.0 | heating/towel-rails
2026-08-05 17:23:20,587 INFO  scraper.vendor:   NEW Hurley 800 x 600 Towel Rail Matt Anthracite | £291.0 | heating/towel-rails
2026-08-05 17:23:22,657 INFO  scraper.vendor:   NEW Berkeley 603 x 2000 Aluminium Radiator Matt White | £490.0 | heating/radiators
2026-08-05 17:23:25,202 INFO  scraper.vendor:   NEW Helmsley 800 x 500 Towel Rail Matt Anthracite | £284.0 | heating/towel-rails
2026-08-05 17:23:27,673 INFO  scraper.vendor:   NEW Hurley 800 x 500 Towel Rail Matt Anthracite | £258.0 | heating/towel-rails
2026-08-05 17:23:29,711 INFO  scraper.vendor:   NEW Helmsley 1640 x 600 Towel Rail Matt Grey | £516.0 | heating/towel-rails
2026-08-05 17:23:32,181 INFO  scraper.vendor:   NEW Hurley 1800 x 600 Towel Rail Matt White | £507.0 | heating/towel-rails
2026-08-05 17:23:34,738 INFO  scraper.vendor:   NEW Hurley 800 x 600 Towel Rail Chrome | £367.0 | heating/towel-rails
2026-08-05 17:23:37,222 INFO  scraper.vendor:   NEW Hurley 1800 x 500 Towel Rail Matt White | £453.0 | heating/towel-rails
2026-08-05 17:23:39,352 INFO  scraper.vendor:   NEW Helmsley 1640 x 500 Towel Rail Matt Grey | £460.0 | heating/towel-rails
2026-08-05 17:23:41,475 INFO  scraper.vendor:   NEW Hurley 800 x 500 Towel Rail Chrome | £327.0 | heating/towel-rails
2026-08-05 17:23:43,619 INFO  scraper.vendor:   NEW Hurley 1200 x 600 Towel Rail Matt White | £398.0 | heating/towel-rails
2026-08-05 17:23:45,631 INFO  scraper.vendor:   NEW Hurley 1800 x 600 Towel Rail Matt Cappuccino | £555.0 | heating/towel-rails
2026-08-05 17:23:47,716 INFO  scraper.vendor:   NEW Hurley 1200 x 500 Towel Rail Matt White | £356.0 | heating/towel-rails
2026-08-05 17:23:50,288 INFO  scraper.vendor:   NEW Hurley 800 x 600 Towel Rail Matt White | £291.0 | heating/towel-rails
2026-08-05 17:23:52,734 INFO  scraper.vendor:   NEW Hurley 1800 x 500 Towel Rail Matt Cappuccino | £496.0 | heating/towel-rails
2026-08-05 17:23:54,635 INFO  scraper.vendor:   NEW Hurley 800 x 500 Towel Rail Matt White | £258.0 | heating/towel-rails
2026-08-05 17:23:57,072 INFO  scraper.vendor:   NEW Hurley 1200 x 600 Towel Rail Matt Cappuccino | £436.0 | heating/towel-rails
2026-08-05 17:23:59,006 INFO  scraper.vendor:   NEW Marlow 1750 x 600 Towel Rail Chrome | £893.0 | heating/towel-rails
2026-08-05 17:24:01,413 INFO  scraper.vendor:   NEW Hurley 1200 x 500 Towel Rail Matt Cappuccino | £389.0 | heating/towel-rails
2026-08-05 17:24:03,681 INFO  scraper.vendor:   NEW Hurley 800 x 600 Towel Rail Matt Cappuccino | £317.0 | heating/towel-rails
2026-08-05 17:24:05,923 INFO  scraper.vendor:   NEW Marlow 1750 x 500 Towel Rail Chrome | £843.0 | heating/towel-rails
2026-08-05 17:24:08,324 INFO  scraper.vendor:   NEW Hurley 800 x 500 Towel Rail Matt Cappuccino | £284.0 | heating/towel-rails
2026-08-05 17:24:10,579 INFO  scraper.vendor:   NEW Marlow 1150 x 600 Towel Rail Chrome | £675.0 | heating/towel-rails
2026-08-05 17:24:12,597 INFO  scraper.vendor:   NEW Marlow 1150 x 500 Towel Rail Chrome | £636.0 | heating/towel-rails
2026-08-05 17:24:14,690 INFO  scraper.vendor:   NEW Marlow 850 x 600 Towel Rail Chrome | £546.0 | heating/towel-rails
2026-08-05 17:24:17,263 INFO  scraper.vendor:   NEW Marlow 850 x 500 Towel Rail Chrome | £516.0 | heating/towel-rails
2026-08-05 17:24:19,592 INFO  scraper.vendor:   NEW Marlow 1750 x 600 Towel Rail Matt Cappuccino | £710.0 | heating/towel-rails
2026-08-05 17:24:22,444 INFO  scraper.vendor:   NEW Preston 1200 x 185 Aluminium Radiator Matt Anthracite | £197.0 | heating/radiators
2026-08-05 17:24:24,865 INFO  scraper.vendor:   NEW Preston 1200 x 185 Aluminium Radiator Matt White | £197.0 | heating/radiators
2026-08-05 17:24:27,227 INFO  scraper.vendor:   NEW Withington 1800 x 565 Aluminium Radiator Matt Black | £595.0 | heating/radiators
2026-08-05 17:24:29,360 INFO  scraper.vendor:   NEW Withington 1800 x 470 Aluminium Radiator Matt Black | £479.0 | heating/radiators
2026-08-05 17:24:32,046 INFO  scraper.vendor:   NEW Withington 1800 x 375 Aluminium Radiator Matt Black | £397.0 | heating/radiators
2026-08-05 17:24:34,641 INFO  scraper.vendor:   NEW Withington 1800 x 280 Aluminium Radiator Matt Black | £307.0 | heating/radiators
2026-08-05 17:24:37,166 INFO  scraper.vendor:   NEW Marlow E-Style 1150 x 500 Towel Rail Matt White | £373.0 | heating/towel-rails
2026-08-05 17:24:39,606 INFO  scraper.vendor:   NEW Helmsley 1400 x 600 Towel Rail Matt Grey | £474.0 | heating/towel-rails
2026-08-05 17:24:41,951 INFO  scraper.vendor:   NEW Helmsley 1400 x 500 Towel Rail Matt Grey | £426.0 | heating/towel-rails
2026-08-05 17:24:44,417 INFO  scraper.vendor:   NEW Helmsley 1150 x 600 Towel Rail Matt Grey | £436.0 | heating/towel-rails
2026-08-05 17:24:46,726 INFO  scraper.vendor:   NEW Helmsley 1150 x 500 Towel Rail Matt Grey | £392.0 | heating/towel-rails
2026-08-05 17:24:49,222 INFO  scraper.vendor:   NEW Helmsley 800 x 600 Towel Rail Matt Grey | £314.0 | heating/towel-rails
2026-08-05 17:24:51,762 INFO  scraper.vendor:   NEW Helmsley 800 x 500 Towel Rail Matt Grey | £284.0 | heating/towel-rails
2026-08-05 17:24:53,891 INFO  scraper.vendor:   NEW Helmsley 1640 x 600 Towel Rail Matt White | £516.0 | heating/towel-rails
2026-08-05 17:24:56,424 INFO  scraper.vendor:   NEW Helmsley 1640 x 500 Towel Rail Matt Black | £460.0 | heating/towel-rails
2026-08-05 17:24:58,628 INFO  scraper.vendor:   NEW Helmsley 1640 x 500 Towel Rail Matt White | £460.0 | heating/towel-rails
2026-08-05 17:25:01,421 INFO  scraper.vendor:   NEW Helmsley 1400 x 600 Towel Rail Matt Black | £474.0 | heating/towel-rails
2026-08-05 17:25:03,703 INFO  scraper.vendor:   NEW Hurley 1800 x 600 Towel Rail Matt Grey | £507.0 | heating/towel-rails
2026-08-05 17:25:06,551 INFO  scraper.vendor:   NEW Hurley 1800 x 500 Towel Rail Matt Grey | £453.0 | heating/towel-rails
2026-08-05 17:25:09,020 INFO  scraper.vendor:   NEW Hurley 1200 x 600 Towel Rail Matt Grey | £398.0 | heating/towel-rails
2026-08-05 17:25:11,404 INFO  scraper.vendor:   NEW Hurley 1200 x 500 Towel Rail Matt Grey | £356.0 | heating/towel-rails
2026-08-05 17:25:13,857 INFO  scraper.vendor:   NEW Westward 800 x 500 Straight Multirail Gloss White | £86.0 | heating/towel-rails
2026-08-05 17:25:16,470 INFO  scraper.vendor:   NEW Hurley 800 x 600 Towel Rail Matt Grey | £291.0 | heating/towel-rails
2026-08-05 17:25:18,741 INFO  scraper.vendor:   NEW Hurley 800 x 500 Towel Rail Matt Grey | £258.0 | heating/towel-rails
2026-08-05 17:25:21,167 INFO  scraper.vendor:   NEW Westward 800 x 400 Straight Multirail Gloss White | £79.0 | heating/towel-rails
2026-08-05 17:25:23,549 INFO  scraper.vendor:   NEW Hurley 1800 x 600 Towel Rail Matt Anthracite | £507.0 | heating/towel-rails
2026-08-05 17:25:25,829 INFO  scraper.vendor:   NEW Westward 600 x 800 Straight Multirail Gloss White | £101.0 | heating/towel-rails
2026-08-05 17:25:28,268 INFO  scraper.vendor:   NEW Hurley 1800 x 500 Towel Rail Matt Anthracite | £453.0 | heating/towel-rails
2026-08-05 17:25:30,797 INFO  scraper.vendor:   NEW Westward 600 x 600 Straight Multirail Gloss White | £86.0 | heating/towel-rails
2026-08-05 17:25:33,104 INFO  scraper.vendor:   NEW Westward 600 x 500 Straight Multirail Gloss White | £80.0 | heating/towel-rails
2026-08-05 17:25:35,413 INFO  scraper.vendor:   NEW Hurley 1800 x 600 Towel Rail Chrome | £699.0 | heating/towel-rails
2026-08-05 17:25:37,525 INFO  scraper.vendor:   NEW Hurley 1800 x 500 Towel Rail Chrome | £626.0 | heating/towel-rails
2026-08-05 17:25:40,001 INFO  scraper.vendor:   NEW Hurley 1200 x 600 Towel Rail Chrome | £507.0 | heating/towel-rails
2026-08-05 17:25:42,433 INFO  scraper.vendor:   NEW Hurley 1200 x 500 Towel Rail Chrome | £453.0 | heating/towel-rails
2026-08-05 17:25:45,014 INFO  scraper.vendor:   NEW Deddington 1200 x 500 Towel Rail Gloss White | £404.0 | heating/towel-rails
2026-08-05 17:25:47,568 INFO  scraper.vendor:   NEW Marlow E-Style 1750 x 600 Towel Rail Chrome | £739.0 | heating/towel-rails
2026-08-05 17:25:49,942 INFO  scraper.vendor:   NEW Deddington 800 x 600 Towel Rail Gloss White | £343.0 | heating/towel-rails
2026-08-05 17:25:52,443 INFO  scraper.vendor:   NEW Marlow E-Style 1750 x 500 Towel Rail Chrome | £659.0 | heating/towel-rails
2026-08-05 17:25:54,918 INFO  scraper.vendor:   NEW Deddington 800 x 500 Towel Rail Gloss White | £311.0 | heating/towel-rails
2026-08-05 17:25:57,116 INFO  scraper.vendor:   NEW Deddington 600 x 1270 Radiator Gloss White | £496.0 | heating/radiators
2026-08-05 17:25:59,288 INFO  scraper.vendor:   NEW Deddington 600 x 950 Radiator Gloss White | £436.0 | heating/radiators
2026-08-05 17:26:01,248 INFO  scraper.vendor:   NEW Deddington 600 x 790 Radiator Gloss White | £386.0 | heating/radiators
2026-08-05 17:26:03,460 INFO  scraper.vendor:   NEW Deddington 600 x 630 Radiator Gloss White | £323.0 | heating/radiators
2026-08-05 17:26:05,657 INFO  scraper.vendor:   NEW Deddington 1800 x 630 Radiator Gloss White | £668.0 | heating/radiators
2026-08-05 17:26:07,769 INFO  scraper.vendor:   NEW Deddington 1800 x 470 Radiator Gloss White | £542.0 | heating/radiators
2026-08-05 17:26:10,286 INFO  scraper.vendor:   NEW Deddington 1800 x 310 Radiator Gloss White | £381.0 | heating/radiators
2026-08-05 17:26:12,689 INFO  scraper.vendor:   NEW Deddington Vertical 630mm Towel Hanger Chrome | £76.0 | accessories
2026-08-05 17:26:14,745 INFO  scraper.vendor:   NEW Deddington Vertical 470mm Towel Hanger Chrome | £70.0 | accessories
2026-08-05 17:26:16,978 INFO  scraper.vendor:   NEW Deddington Vertical 310mm Towel Hanger Chrome | £62.0 | accessories
2026-08-05 17:26:19,362 INFO  scraper.vendor:   NEW Volente 6mm Easy Clean 900x700mm Offset Quadrant Shower Encl | £564.0 | showering/shower-enclosures
2026-08-05 17:26:21,180 INFO  scraper.vendor:   NEW Valliant Type A 8mm 1950mm x 1400mm Walk-In Side Shower Pane | £612.0 | showering/shower-enclosures
2026-08-05 17:26:23,458 INFO  scraper.vendor:   NEW Valliant Type A 8mm 1950mm x 1200mm Walk-In Side Shower Pane | £553.0 | showering/shower-enclosures
2026-08-05 17:26:25,684 INFO  scraper.vendor:   NEW Valliant Type A 8mm 1950mm x 1100mm Walk-In Side Shower Pane | £528.0 | showering/shower-enclosures
2026-08-05 17:26:27,871 INFO  scraper.vendor:   NEW Volente 6mm Easy Clean 1200x760mm Single Door Offset Quadran | £711.0 | showering/shower-enclosures
2026-08-05 17:26:30,212 INFO  scraper.vendor:   NEW Volente 6mm Easy Clean 1000x900mm Single Door Offset Quadran | £649.0 | showering/shower-enclosures
2026-08-05 17:26:32,582 INFO  scraper.vendor:   NEW Volente 6mm Easy Clean 1000x800mm Single Door Offset Quadran | £649.0 | showering/shower-enclosures
2026-08-05 17:26:34,506 INFO  scraper.vendor:   NEW Volente 6mm Easy Clean 1000x760mm Single Door Offset Quadran | £649.0 | showering/shower-enclosures
2026-08-05 17:26:36,548 INFO  scraper.vendor:   NEW Volente 6mm Easy Clean 900x800mm Single Door Offset Quadrant | £545.0 | showering/shower-enclosures
2026-08-05 17:26:38,795 INFO  scraper.vendor:   NEW Volente 6mm Easy Clean 900x760mm Single Door Offset Quadrant | £545.0 | showering/shower-enclosures
2026-08-05 17:26:40,849 INFO  scraper.vendor:   NEW Volente 6mm Easy Clean 1100x760mm Offset Quadrant Shower Enc | £632.0 | showering/shower-enclosures
2026-08-05 17:26:42,624 INFO  scraper.vendor:   NEW Volente 6mm Easy Clean 1200x900mm Offset Quadrant Shower Enc | £656.0 | showering/shower-enclosures
2026-08-05 17:26:44,438 INFO  scraper.vendor:   NEW Volente 6mm Easy Clean 1200x800mm Offset Quadrant Shower Enc | £656.0 | showering/shower-enclosures
2026-08-05 17:26:46,310 INFO  scraper.vendor:   NEW Volente 6mm Easy Clean 1000x850/650mm Spacesaver Offset Quad | £520.0 | showering/shower-enclosures
2026-08-05 17:26:48,318 INFO  scraper.vendor:   NEW Valliant Type A 8mm 1950mm x 300mm Walk-In Shower Panel with | £305.0 | showering/shower-enclosures
2026-08-05 17:26:50,459 INFO  scraper.vendor:   NEW Volente 6mm Easy Clean 1850mm x 300mm Walk-In End Shower Pan | £270.0 | showering/shower-enclosures
2026-08-05 17:26:52,474 INFO  scraper.vendor:   NEW Volente 6mm Easy Clean 1650x912/700mm Spacesaver Offset Quad | £737.0 | showering/shower-enclosures
2026-08-05 17:26:54,782 INFO  scraper.vendor:   NEW Volente 6mm Easy Clean 1200x880/700mm Spacesaver Offset Quad | £577.0 | showering/shower-enclosures
2026-08-05 17:26:56,943 INFO  scraper.vendor:   NEW Volente 1850mm x 2000mm Frosted Slider Shower Door - Chrome | £802.0 | showering/shower-enclosures
2026-08-05 17:26:59,058 INFO  scraper.vendor:   NEW Volente 1850mm x 1800mm Frosted Slider Shower Door - Chrome | £745.0 | showering/shower-enclosures
2026-08-05 17:27:00,995 INFO  scraper.vendor:   NEW Volente 1850mm x 1700mm Frosted Slider Shower Door - Chrome | £710.0 | showering/shower-enclosures
2026-08-05 17:27:03,067 INFO  scraper.vendor:   NEW Volente 1850mm x 1600mm Frosted Slider Shower Door - Chrome | £684.0 | showering/shower-enclosures
2026-08-05 17:27:05,452 INFO  scraper.vendor:   NEW Volente 1850mm x 1500mm Frosted Slider Shower Door - Chrome | £653.0 | showering/shower-enclosures
2026-08-05 17:27:07,743 INFO  scraper.vendor:   NEW Volente 1850mm x 1400mm Frosted Slider Shower Door - Chrome | £626.0 | showering/shower-enclosures
2026-08-05 17:27:09,759 INFO  scraper.vendor:   NEW Volente 1850mm x 1300mm Frosted Slider Shower Door - Chrome | £595.0 | showering/shower-enclosures
2026-08-05 17:27:11,980 INFO  scraper.vendor:   NEW Volente 1850mm x 1200mm Frosted Slider Shower Door - Chrome | £566.0 | showering/shower-enclosures
2026-08-05 17:27:13,996 INFO  scraper.vendor:   NEW Volente 1850mm x 1100mm Frosted Slider Shower Door - Chrome | £531.0 | showering/shower-enclosures
2026-08-05 17:27:16,239 INFO  scraper.vendor:   NEW Volente 1850mm x 1000mm Frosted Slider Shower Door - Chrome | £506.0 | showering/shower-enclosures
2026-08-05 17:27:18,317 INFO  scraper.vendor:   NEW Volente 6mm Easy Clean 1850mm x 500mm Walk-In Frosted Panel  | £306.0 | showering/shower-enclosures
2026-08-05 17:27:20,543 INFO  scraper.vendor:   NEW Volente 6mm Easy Clean 1850mm x 800mm Walk-In Frosted Panel  | £357.0 | showering/shower-enclosures
2026-08-05 17:27:22,858 INFO  scraper.vendor:   NEW Volente 6mm Easy Clean 1850mm x 760mm Walk-In Frosted Panel  | £347.0 | showering/shower-enclosures
2026-08-05 17:27:24,708 INFO  scraper.vendor:   NEW Volente 6mm Easy Clean 1850mm x 700mm Walk-In Frosted Panel  | £338.0 | showering/shower-enclosures
2026-08-05 17:27:26,356 INFO  scraper.vendor:   NEW Volente 6mm Easy Clean 1850mm x 1200mm Walk-In Frosted Panel | £453.0 | showering/shower-enclosures
2026-08-05 17:27:28,744 INFO  scraper.vendor:   NEW Volente 6mm Easy Clean 1850mm x 1000mm Walk-In Frosted Panel | £399.0 | showering/shower-enclosures
2026-08-05 17:27:30,759 INFO  scraper.vendor:   NEW Volente 6mm Easy Clean 1850mm x 900mm Walk-In Frosted Panel  | £374.0 | showering/shower-enclosures
2026-08-05 17:27:33,004 INFO  scraper.vendor:   NEW Volente 6mm Easy Clean 1850mm x 300mm Walk-In End Shower Pan | £278.0 | showering/shower-enclosures
2026-08-05 17:27:35,314 INFO  scraper.vendor:   NEW Volente 6mm 1850mm x 760mm Bi-Fold Shower Door - Chrome | £409.0 | showering/shower-enclosures
2026-08-05 17:27:37,312 INFO  scraper.vendor:   NEW Volente 6mm 1850mm x 700mm Bi-Fold Shower Door - Chrome | £396.0 | showering/shower-enclosures
2026-08-05 17:27:39,695 INFO  scraper.vendor:   NEW Volente 6mm Easy Clean 1850mm x 500mm Walk-In End Shower Pan | £294.0 | showering/shower-enclosures
2026-08-05 17:27:41,684 INFO  scraper.vendor:   NEW Volente 6mm Easy Clean 1850mm x 800mm Walk-In End Shower Pan | £347.0 | showering/shower-enclosures
2026-08-05 17:27:43,926 INFO  scraper.vendor:   NEW Valliant Type C 8mm 1950mm x 1000mm Walk-In End Shower Panel | £461.0 | showering/shower-enclosures
2026-08-05 17:27:45,848 INFO  scraper.vendor:   NEW Volente 6mm Easy Clean 1850mm x 760mm Walk-In End Shower Pan | £347.0 | showering/shower-enclosures
2026-08-05 17:27:47,800 INFO  scraper.vendor:   NEW Valliant Type C 8mm 1950mm x 900mm Walk-In End Shower Panel  | £436.0 | showering/shower-enclosures
2026-08-05 17:27:49,628 INFO  scraper.vendor:   NEW Volente 6mm Easy Clean 1850mm x 700mm Walk-In End Shower Pan | £347.0 | showering/shower-enclosures
2026-08-05 17:27:51,629 INFO  scraper.vendor:   NEW Volente 6mm Easy Clean 1850mm x 1200mm Walk-In End Shower Pa | £436.0 | showering/shower-enclosures
2026-08-05 17:27:53,707 INFO  scraper.vendor:   NEW Volente 6mm Easy Clean 1850mm x 1000mm Walk-In End Shower Pa | £387.0 | showering/shower-enclosures
2026-08-05 17:27:55,490 INFO  scraper.vendor:   NEW Volente 6mm Easy Clean 1850mm x 900mm Walk-In End Shower Pan | £361.0 | showering/shower-enclosures
2026-08-05 17:27:57,687 INFO  scraper.vendor:   NEW Volente 6mm 1850mm x 1000mm Bi-Fold Shower Door - Chrome | £459.0 | showering/shower-enclosures
2026-08-05 17:27:59,714 INFO  scraper.vendor:   NEW Volente 6mm 1850mm x 900mm Bi-Fold Shower Door - Chrome | £436.0 | showering/shower-enclosures
2026-08-05 17:28:01,592 INFO  scraper.vendor:   NEW Volente 6mm 1850mm x 800mm Bi-Fold Shower Door - Chrome | £422.0 | showering/shower-enclosures
2026-08-05 17:28:03,889 INFO  scraper.vendor:   NEW Valliant Type D 8mm 1950mm x 1100mm Walk-In Front Shower Pan | £709.0 | showering/shower-enclosures
2026-08-05 17:28:05,742 INFO  scraper.vendor:   NEW Valliant Type D 8mm 1950mm x 900mm Walk-In Front Shower Pane | £651.0 | showering/shower-enclosures
2026-08-05 17:28:07,920 INFO  scraper.vendor:   NEW Valliant Type D 8mm 1950mm x 1200mm Walk-In Front Shower Pan | £726.0 | showering/shower-enclosures
2026-08-05 17:28:09,680 INFO  scraper.vendor:   NEW Valliant Type D 8mm 1950mm x 800mm Walk-In Front Shower Pane | £622.0 | showering/shower-enclosures
2026-08-05 17:28:12,091 INFO  scraper.vendor:   NEW Volente 6mm Easy Clean 1400x800mm (1850mm height) Offset Qua | £703.0 | showering/shower-enclosures
2026-08-05 17:28:14,454 INFO  scraper.vendor:   NEW Valliant Type A 8mm 1950mm x 500mm Walk-In Side Shower Panel | £338.0 | showering/shower-enclosures
2026-08-05 17:28:16,910 INFO  scraper.vendor:   NEW Volente 6mm Easy Clean 1400x760mm (1850mm height) Offset Qua | £703.0 | showering/shower-enclosures
2026-08-05 17:28:18,998 INFO  scraper.vendor:   NEW Valliant Type D 8mm 1950mm x 600mm Walk-In Front Shower Pane | £559.0 | showering/shower-enclosures
2026-08-05 17:28:21,010 INFO  scraper.vendor:   NEW Volente 6mm Easy Clean 1300x800mm (1850mm height) Offset Qua | £675.0 | showering/shower-enclosures
2026-08-05 17:28:22,694 INFO  scraper.vendor:   NEW Volente 6mm Easy Clean 1300x760mm (1850mm height) Offset Qua | £675.0 | showering/shower-enclosures
2026-08-05 17:28:25,105 INFO  scraper.vendor:   NEW Volente 6mm Easy Clean 1100x700mm Offset Quadrant Shower Enc | £612.0 | showering/shower-enclosures
2026-08-05 17:28:26,956 INFO  scraper.vendor:   NEW Volente 6mm Easy Clean 1000x700mm (1850mm height) Offset Qua | £582.0 | showering/shower-enclosures
2026-08-05 17:28:29,403 INFO  scraper.vendor:   NEW Valliant Type C 8mm 1950mm x 800mm Walk-In End Shower Panel  | £403.0 | showering/shower-enclosures
2026-08-05 17:28:31,394 INFO  scraper.vendor:   NEW Volente 6mm Easy Clean 1200x700mm Offset Quadrant Shower Enc | £643.0 | showering/shower-enclosures
2026-08-05 17:28:33,405 INFO  scraper.vendor:   NEW Volente 6mm Easy Clean 1100x900mm Offset Quadrant Shower Enc | £612.0 | showering/shower-enclosures
2026-08-05 17:28:35,579 INFO  scraper.vendor:   NEW Volente 6mm Easy Clean 1850mm x 2000mm Double Sliding Shower | £837.0 | showering/shower-enclosures
2026-08-05 17:28:37,223 INFO  scraper.vendor:   NEW Valliant Type C 8mm 1950mm x 760mm Walk-In End Shower Panel  | £398.0 | showering/shower-enclosures
2026-08-05 17:28:39,106 INFO  scraper.vendor:   NEW Valliant Type C 8mm 1950mm x 700mm Walk-In End Shower Panel  | £391.0 | showering/shower-enclosures
2026-08-05 17:28:41,119 INFO  scraper.vendor:   NEW Volente 6mm Easy Clean 1100x800mm Offset Quadrant Shower Enc | £612.0 | showering/shower-enclosures
2026-08-05 17:28:43,459 INFO  scraper.vendor:   NEW Volente 6mm Easy Clean 1850mm x 1800mm Double Sliding Shower | £783.0 | showering/shower-enclosures
2026-08-05 17:28:45,427 INFO  scraper.vendor:   NEW Volente 6mm Easy Clean 1200x900mm Single Door Offset Quadran | £711.0 | showering/shower-enclosures
2026-08-05 17:28:47,523 INFO  scraper.vendor:   NEW Volente 6mm Easy Clean 1850mm x 1700mm Double Sliding Shower | £760.0 | showering/shower-enclosures
2026-08-05 17:28:49,676 INFO  scraper.vendor:   NEW Valliant Type C 8mm 1950mm x 250mm Walk-In End Shower Panel  | £368.0 | showering/shower-enclosures
2026-08-05 17:28:52,227 INFO  scraper.vendor:   NEW Volente 6mm Easy Clean 1200x800mm Single Door Offset Quadran | £711.0 | showering/shower-enclosures
2026-08-05 17:28:54,260 INFO  scraper.vendor:   NEW Volente 6mm Easy Clean 1850mm x 1600mm Double Sliding Shower | £734.0 | showering/shower-enclosures
2026-08-05 17:28:56,388 INFO  scraper.vendor:   NEW Valliant Type B 8mm 1950mm x 1200mm Walk-In Shower Panel wit | £574.0 | showering/shower-enclosures
2026-08-05 17:28:58,495 INFO  scraper.vendor:   NEW Valliant Type B 8mm 1950mm x 1100mm Walk-In Shower Panel wit | £543.0 | showering/shower-enclosures
2026-08-05 17:29:00,356 INFO  scraper.vendor:   NEW Volente 6mm Easy Clean 1850mm x 1500mm Double Sliding Shower | £701.0 | showering/shower-enclosures
2026-08-05 17:29:02,219 INFO  scraper.vendor:   NEW Volente 6mm Easy Clean 1850mm x 1400mm Double Sliding Shower | £674.0 | showering/shower-enclosures
2026-08-05 17:29:04,282 INFO  scraper.vendor:   NEW Valliant Type B 8mm 1950mm x 1000mm Walk-In Shower Panel wit | £515.0 | showering/shower-enclosures
2026-08-05 17:29:06,369 INFO  scraper.vendor:   NEW Volente 6mm Easy Clean 1850mm x 1200mm Double Sliding Shower | £616.0 | showering/shower-enclosures
2026-08-05 17:29:08,364 INFO  scraper.vendor:   NEW Valliant Type B 8mm 1950mm x 900mm Walk-In Shower Panel with | £489.0 | showering/shower-enclosures
2026-08-05 17:29:10,170 INFO  scraper.vendor:   NEW Volente 1850mm x 2000mm Slider Shower Door - Chrome | £663.0 | showering/shower-enclosures
2026-08-05 17:29:12,494 INFO  scraper.vendor:   NEW Valliant Type A 8mm 1950mm x 1000mm Walk-In Side Shower Pane | £525.0 | showering/shower-enclosures
2026-08-05 17:29:14,586 INFO  scraper.vendor:   NEW Volente 1850mm x 1800mm Slider Shower Door - Chrome | £635.0 | showering/shower-enclosures
2026-08-05 17:29:16,612 INFO  scraper.vendor:   NEW Valliant Type A 8mm 1950mm x 900mm Walk-In Side Shower Panel | £495.0 | showering/shower-enclosures
2026-08-05 17:29:18,645 INFO  scraper.vendor:   NEW Volente 1850mm x 1400mm Slider Shower Door - Chrome | £537.0 | showering/shower-enclosures
2026-08-05 17:29:20,679 INFO  scraper.vendor:   NEW Valliant Type A 8mm 1950mm x 800mm Walk-In Side Shower Panel | £466.0 | showering/shower-enclosures
2026-08-05 17:29:22,783 INFO  scraper.vendor:   NEW Volente 1850mm x 1200mm Slider Shower Door - Chrome | £491.0 | showering/shower-enclosures
2026-08-05 17:29:25,131 INFO  scraper.vendor:   NEW Valliant Type A 8mm 1950mm x 760mm Walk-In Side Shower Panel | £456.0 | showering/shower-enclosures
2026-08-05 17:29:27,376 INFO  scraper.vendor:   NEW Volente 1850mm x 1100mm Slider Shower Door - Chrome | £459.0 | showering/shower-enclosures
2026-08-05 17:29:29,247 INFO  scraper.vendor:   NEW Valliant Type A 8mm 1950mm x 700mm Walk-In Side Shower Panel | £449.0 | showering/shower-enclosures
2026-08-05 17:29:31,217 INFO  scraper.vendor:   NEW Volente 1850mm x 1000mm Slider Shower Door - Chrome | £441.0 | showering/shower-enclosures
2026-08-05 17:29:33,301 INFO  scraper.vendor:   NEW Volente 1850mm x 1700mm Slider Shower Door - Chrome | £606.0 | showering/shower-enclosures
2026-08-05 17:29:34,957 INFO  scraper.vendor:   NEW Volente 1850mm x 1600mm Slider Shower Door - Chrome | £586.0 | showering/shower-enclosures
2026-08-05 17:29:36,830 INFO  scraper.vendor:   NEW Volente 1850mm x 1500mm Slider Shower Door - Chrome | £557.0 | showering/shower-enclosures
2026-08-05 17:29:38,968 INFO  scraper.vendor:   NEW Volente 1850mm x 1300mm Slider Shower Door - Chrome | £506.0 | showering/shower-enclosures
2026-08-05 17:29:41,395 INFO  scraper.vendor:   NEW Tuscan Square Towel Rail 1800 x 500 Matt Anthracite | £208.0 | heating/towel-rails
2026-08-05 17:29:43,457 INFO  scraper.vendor:   NEW Tuscan Square Towel Rail 1200 x 600 Matt Anthracite | £167.0 | heating/towel-rails
2026-08-05 17:29:45,943 INFO  scraper.vendor:   NEW Tuscan Square Towel Rail 1200 x 500 Matt Anthracite | £155.0 | heating/towel-rails
2026-08-05 17:29:48,398 INFO  scraper.vendor:   NEW Witney 600 x 1040 Aluminium Radiator Matt Anthracite | £1116.0 | heating/radiators
2026-08-05 17:29:50,581 INFO  scraper.vendor:   NEW Tuscan Square Towel Rail 800 x 600 Matt Anthracite | £133.0 | heating/towel-rails
2026-08-05 17:29:52,914 INFO  scraper.vendor:   NEW Tuscan Square Towel Rail 800 x 500 Matt Anthracite | £121.0 | heating/towel-rails
2026-08-05 17:29:55,217 INFO  scraper.vendor:   NEW Witney 600 x 850 Aluminium Radiator Matt Anthracite | £920.0 | heating/radiators
2026-08-05 17:29:57,120 INFO  scraper.vendor:   NEW Malmesbury 1200 x 185 Aluminium Radiator Matt Cappuccino | £187.0 | heating/radiators
2026-08-05 17:29:59,285 INFO  scraper.vendor:   NEW Malmesbury 600 x 1420 Aluminium Radiator Matt Grey | £780.0 | heating/radiators
2026-08-05 17:30:01,425 INFO  scraper.vendor:   NEW Witney 600 x 660 Aluminium Radiator Matt Anthracite | £723.0 | heating/radiators
2026-08-05 17:30:04,043 INFO  scraper.vendor:   NEW Tordino 600 x 850 Aluminium Radiator Matt Grey | £424.0 | heating/radiators
2026-08-05 17:30:06,910 INFO  scraper.vendor:   NEW Malmesbury 1200 x 565 Aluminium Radiator Matt Grey | £500.0 | heating/radiators
2026-08-05 17:30:09,855 INFO  scraper.vendor:   NEW Witney 600 x 470 Aluminium Radiator Matt Anthracite | £522.0 | heating/radiators
2026-08-05 17:30:12,389 INFO  scraper.vendor:   NEW Tordino 600 x 660 Aluminium Radiator Matt Grey | £339.0 | heating/radiators
2026-08-05 17:30:15,810 INFO  scraper.vendor:   NEW Malmesbury 1200 x 470 Aluminium Radiator Matt Grey | £418.0 | heating/radiators
2026-08-05 17:30:18,726 INFO  scraper.vendor:   NEW Malmesbury 600 x 1420 Aluminium Radiator Matt Anthracite | £780.0 | heating/radiators
2026-08-05 17:30:20,993 INFO  scraper.vendor:   NEW Defford 800 x 500mm Towel Rail Matt Grey | £124.0 | heating/towel-rails
2026-08-05 17:30:23,637 INFO  scraper.vendor:   NEW Malmesbury 1200 x 375 Aluminium Radiator Matt Grey | £343.0 | heating/radiators
2026-08-05 17:30:26,360 INFO  scraper.vendor:   NEW Tordino 600 x 470 Aluminium Radiator Matt Grey | £258.0 | heating/radiators
2026-08-05 17:30:28,460 INFO  scraper.vendor:   NEW Malmesbury 1200 x 565 Aluminium Radiator Matt Anthracite | £500.0 | heating/radiators
2026-08-05 17:30:30,704 INFO  scraper.vendor:   NEW Malmesbury 1200 x 280 Aluminium Radiator Matt Grey | £266.0 | heating/radiators
2026-08-05 17:30:33,922 INFO  scraper.vendor:   NEW Defford 1800 x 600mm Towel Rail Gloss White | £303.0 | heating/towel-rails
2026-08-05 17:30:37,320 INFO  scraper.vendor:   NEW Tordino 1800 x 565 Aluminium Radiator Matt White | £590.0 | heating/radiators
2026-08-05 17:30:40,050 INFO  scraper.vendor:   NEW Malmesbury 1200 x 470 Aluminium Radiator Matt Anthracite | £418.0 | heating/radiators
2026-08-05 17:30:42,792 INFO  scraper.vendor:   NEW Malmesbury 1200 x 185 Aluminium Radiator Matt Grey | £187.0 | heating/radiators
2026-08-05 17:30:44,578 INFO  scraper.vendor:   NEW Murano 1800 x 410 Radiator Gloss White | £600.0 | heating/radiators
2026-08-05 17:30:46,590 INFO  scraper.vendor:   NEW Defford 1800 x 500mm Towel Rail Gloss White | £276.0 | heating/towel-rails
2026-08-05 17:30:49,184 INFO  scraper.vendor:   NEW Malmesbury 1200 x 375 Aluminium Radiator Matt Anthracite | £343.0 | heating/radiators
2026-08-05 17:30:51,388 INFO  scraper.vendor:   NEW Witney 600 x 1230 Aluminium Radiator Matt White | £1305.0 | heating/radiators
2026-08-05 17:30:53,679 INFO  scraper.vendor:   NEW Tordino 600 x 1040 Aluminium Radiator Matt Black | £502.0 | heating/radiators
2026-08-05 17:30:56,056 INFO  scraper.vendor:   NEW Tordino 1800 x 470 Aluminium Radiator Matt White | £492.0 | heating/radiators
2026-08-05 17:30:58,227 INFO  scraper.vendor:   NEW Murano 1800 x 310 Radiator Gloss White | £451.0 | heating/radiators
2026-08-05 17:31:00,803 INFO  scraper.vendor:   NEW Malmesbury 1200 x 280 Aluminium Radiator Matt Anthracite | £266.0 | heating/radiators
2026-08-05 17:31:03,468 INFO  scraper.vendor:   NEW Defford 1200 x 600mm Towel Rail Gloss White | £223.0 | heating/towel-rails
2026-08-05 17:31:05,837 INFO  scraper.vendor:   NEW Tordino 600 x 850 Aluminium Radiator Matt Black | £424.0 | heating/radiators
2026-08-05 17:31:08,687 INFO  scraper.vendor:   NEW Tordino 1800 x 375 Aluminium Radiator Matt White | £403.0 | heating/radiators
2026-08-05 17:31:11,405 INFO  scraper.vendor:   NEW Murano 600 x 1400 Radiator Gloss White | £585.0 | heating/radiators
2026-08-05 17:31:13,730 INFO  scraper.vendor:   NEW Malmesbury 1200 x 185 Aluminium Radiator Matt Anthracite | £187.0 | heating/radiators
2026-08-05 17:31:16,311 INFO  scraper.vendor:   NEW Defford 1200 x 500mm Towel Rail Gloss White | £197.0 | heating/towel-rails
2026-08-05 17:31:19,037 INFO  scraper.vendor:   NEW Murano 600 x 1200 Radiator Gloss White | £501.0 | heating/radiators
2026-08-05 17:31:21,715 INFO  scraper.vendor:   NEW Tordino 1800 x 280 Aluminium Radiator Matt White | £314.0 | heating/radiators
2026-08-05 17:31:23,828 INFO  scraper.vendor:   NEW Tordino 600 x 660 Aluminium Radiator Matt Black | £339.0 | heating/radiators
2026-08-05 17:31:26,266 INFO  scraper.vendor:   NEW Witney 600 x 660 Aluminium Radiator Matt White | £723.0 | heating/radiators
2026-08-05 17:31:28,450 INFO  scraper.vendor:   NEW Withington 600 x 1420 Aluminium Radiator Matt Anthracite | £679.0 | heating/radiators
2026-08-05 17:31:30,918 INFO  scraper.vendor:   NEW Murano 600 x 1000 Radiator Gloss White | £418.0 | heating/radiators
2026-08-05 17:31:33,208 INFO  scraper.vendor:   NEW Defford 800 x 600mm Towel Rail Gloss White | £138.0 | heating/towel-rails
2026-08-05 17:31:35,590 INFO  scraper.vendor:   NEW Murano 1800 x 310 Radiator Matt Black | £451.0 | heating/radiators
2026-08-05 17:31:38,157 INFO  scraper.vendor:   NEW Witney 600 x 470 Aluminium Radiator Matt White | £522.0 | heating/radiators
2026-08-05 17:31:40,932 INFO  scraper.vendor:   NEW Tordino 600 x 1230 Aluminium Radiator Matt White | £592.0 | heating/radiators
2026-08-05 17:31:43,449 INFO  scraper.vendor:   NEW Tordino 600 x 470 Aluminium Radiator Matt Black | £258.0 | heating/radiators
2026-08-05 17:31:46,479 INFO  scraper.vendor:   NEW Murano 600 x 800 Radiator Gloss White | £334.0 | heating/radiators
2026-08-05 17:31:49,143 INFO  scraper.vendor:   NEW Withington 1200 x 565 Aluminium Radiator Matt Anthracite | £472.0 | heating/radiators
2026-08-05 17:31:52,023 INFO  scraper.vendor:   NEW Defford 800 x 500mm Towel Rail Gloss White | £124.0 | heating/towel-rails
2026-08-05 17:31:55,244 INFO  scraper.vendor:   NEW Murano 600 x 1400 Radiator Matt Black | £585.0 | heating/radiators
2026-08-05 17:31:58,529 INFO  scraper.vendor:   NEW Tordino 600 x 1040 Aluminium Radiator Matt White | £502.0 | heating/radiators
2026-08-05 17:32:01,199 INFO  scraper.vendor:   NEW Multi-Purpose Towel Hanger RH 500mm Matt Black | £134.0 | accessories
2026-08-05 17:32:04,041 INFO  scraper.vendor:   NEW Malmesbury 600 x 1420 Aluminium Radiator Matt White | £780.0 | heating/radiators
2026-08-05 17:32:06,978 INFO  scraper.vendor:   NEW Tordino 1800 x 565 Aluminium Radiator Matt Anthracite | £590.0 | heating/radiators
2026-08-05 17:32:09,290 INFO  scraper.vendor:   NEW Multi-Purpose Towel Hanger LH 500mm Matt Black | £134.0 | accessories
2026-08-05 17:32:12,013 INFO  scraper.vendor:   NEW Withington 1200 x 470 Aluminium Radiator Matt Anthracite | £395.0 | heating/radiators
2026-08-05 17:32:14,075 INFO  scraper.vendor:   NEW Tordino 600 x 850 Aluminium Radiator Matt White | £424.0 | heating/radiators
2026-08-05 17:32:16,396 INFO  scraper.vendor:   NEW Tuscan Square Towel Rail 1800 x 600 Chrome | £320.0 | heating/towel-rails
2026-08-05 17:32:18,420 INFO  scraper.vendor:   NEW Malmesbury 1200 x 565 Aluminium Radiator Matt White | £500.0 | heating/radiators
2026-08-05 17:32:20,537 INFO  scraper.vendor:   NEW Murano 600 x 1200 Radiator Matt Black | £501.0 | heating/radiators
2026-08-05 17:32:22,925 INFO  scraper.vendor:   NEW Tordino 1800 x 470 Aluminium Radiator Matt Anthracite | £492.0 | heating/radiators
2026-08-05 17:32:25,235 INFO  scraper.vendor:   NEW Malmesbury 1200 x 470 Aluminium Radiator Matt White | £418.0 | heating/radiators
2026-08-05 17:32:27,418 INFO  scraper.vendor:   NEW Withington 1200 x 375 Aluminium Radiator Matt Anthracite | £323.0 | heating/radiators
2026-08-05 17:32:29,653 INFO  scraper.vendor:   NEW Tordino 600 x 660 Aluminium Radiator Matt White | £339.0 | heating/radiators
2026-08-05 17:32:31,821 INFO  scraper.vendor:   NEW Murano 600 x 1000 Radiator Matt Black | £418.0 | heating/radiators
2026-08-05 17:32:34,527 INFO  scraper.vendor:   NEW Tuscan Square Towel Rail 1800 x 500 Chrome | £297.0 | heating/towel-rails
2026-08-05 17:32:36,766 INFO  scraper.vendor:   NEW Tordino 1800 x 375 Aluminium Radiator Matt Anthracite | £403.0 | heating/radiators
2026-08-05 17:32:39,147 INFO  scraper.vendor:   NEW Malmesbury 1200 x 375 Aluminium Radiator Matt White | £343.0 | heating/radiators
2026-08-05 17:32:41,554 INFO  scraper.vendor:   NEW Murano 600 x 800 Radiator Matt Black | £334.0 | heating/radiators
2026-08-05 17:32:43,701 INFO  scraper.vendor:   NEW Withington 1200 x 280 Aluminium Radiator Matt Anthracite | £251.0 | heating/radiators
2026-08-05 17:32:46,204 INFO  scraper.vendor:   NEW Tordino 600 x 470 Aluminium Radiator Matt White | £258.0 | heating/radiators
2026-08-05 17:32:48,459 INFO  scraper.vendor:   NEW Tuscan Square Towel Rail 1200 x 600 Chrome | £227.0 | heating/towel-rails
2026-08-05 17:32:50,594 INFO  scraper.vendor:   NEW Malmesbury 1200 x 280 Aluminium Radiator Matt White | £266.0 | heating/radiators
2026-08-05 17:32:52,775 INFO  scraper.vendor:   NEW Tordino 1800 x 280 Aluminium Radiator Matt Anthracite | £314.0 | heating/radiators
2026-08-05 17:32:55,101 INFO  scraper.vendor:   NEW Murano 1800 x 510 Radiator Matt Anthracite | £749.0 | heating/radiators
2026-08-05 17:32:57,278 INFO  scraper.vendor:   NEW Charlton 600 x 1420 Aluminium Radiator Matt Anthracite | £679.0 | heating/radiators
2026-08-05 17:32:59,619 INFO  scraper.vendor:   NEW Malmesbury 1200 x 185 Aluminium Radiator Matt White | £187.0 | heating/radiators
2026-08-05 17:33:01,553 INFO  scraper.vendor:   NEW Deddington 600 x 790 Radiator Matt Anthracite | £386.0 | heating/radiators
2026-08-05 17:33:03,819 INFO  scraper.vendor:   NEW Tuscan Square Towel Rail 1200 x 500 Chrome | £208.0 | heating/towel-rails
2026-08-05 17:33:06,136 INFO  scraper.vendor:   NEW Withington 600 x 1420 Aluminium Radiator Matt Black | £679.0 | heating/radiators
2026-08-05 17:33:08,406 INFO  scraper.vendor:   NEW Tordino 600 x 1230 Aluminium Radiator Matt Anthracite | £592.0 | heating/radiators
2026-08-05 17:33:10,392 INFO  scraper.vendor:   NEW Murano 1800 x 410 Radiator Matt Anthracite | £600.0 | heating/radiators
2026-08-05 17:33:12,446 INFO  scraper.vendor:   NEW Multi-Purpose Towel Hanger LH 400mm Matt White | £131.0 | accessories
2026-08-05 17:33:14,287 INFO  scraper.vendor:   NEW Withington 600 x 1420 Aluminium Radiator Matt White | £679.0 | heating/radiators
2026-08-05 17:33:16,582 INFO  scraper.vendor:   NEW Charlton 1200 x 565 Aluminium Radiator Matt Anthracite | £472.0 | heating/radiators
2026-08-05 17:33:18,612 INFO  scraper.vendor:   NEW Deddington 600 x 630 Radiator Matt Anthracite | £323.0 | heating/radiators
2026-08-05 17:33:21,196 INFO  scraper.vendor:   NEW Withington 1200 x 565 Aluminium Radiator Matt Black | £472.0 | heating/radiators
2026-08-05 17:33:23,396 INFO  scraper.vendor:   NEW Tordino 600 x 1040 Aluminium Radiator Matt Anthracite | £502.0 | heating/radiators
2026-08-05 17:33:25,683 INFO  scraper.vendor:   NEW Tuscan Square Towel Rail 800 x 600 Chrome | £173.0 | heating/towel-rails
2026-08-05 17:33:27,597 INFO  scraper.vendor:   NEW Multi-Purpose Towel Hanger RH 300mm Matt White | £128.0 | accessories
2026-08-05 17:33:29,979 INFO  scraper.vendor:   NEW Murano 1800 x 310 Radiator Matt Anthracite | £451.0 | heating/radiators
2026-08-05 17:33:32,719 INFO  scraper.vendor:   NEW Deddington 1800 x 630 Radiator Matt Anthracite | £668.0 | heating/radiators
2026-08-05 17:33:35,341 INFO  scraper.vendor:   NEW Withington 1200 x 565 Aluminium Radiator Matt White | £472.0 | heating/radiators
2026-08-05 17:33:37,511 INFO  scraper.vendor:   NEW Charlton 1200 x 470 Aluminium Radiator Matt Anthracite | £395.0 | heating/radiators
2026-08-05 17:33:39,869 INFO  scraper.vendor:   NEW Multi-Purpose Towel Hanger LH 300mm Matt White | £128.0 | accessories
2026-08-05 17:33:42,359 INFO  scraper.vendor:   NEW Tuscan Square Towel Rail 800 x 500 Chrome | £159.0 | heating/towel-rails
2026-08-05 17:33:44,906 INFO  scraper.vendor:   NEW Tordino 600 x 850 Aluminium Radiator Matt Anthracite | £424.0 | heating/radiators
2026-08-05 17:33:47,166 INFO  scraper.vendor:   NEW Withington 1200 x 470 Aluminium Radiator Matt Black | £395.0 | heating/radiators
2026-08-05 17:33:49,401 INFO  scraper.vendor:   NEW Murano 600 x 1400 Radiator Matt Anthracite | £585.0 | heating/radiators
2026-08-05 17:33:51,760 INFO  scraper.vendor:   NEW Withington 1200 x 470 Aluminium Radiator Matt White | £395.0 | heating/radiators
2026-08-05 17:33:54,278 INFO  scraper.vendor:   NEW Deddington Vertical 630mm Towel Hanger Matt Anthracite | £72.0 | accessories
2026-08-05 17:33:56,662 INFO  scraper.vendor:   NEW Deddington 1800 x 470 Radiator Matt Anthracite | £542.0 | heating/radiators
2026-08-05 17:33:58,885 INFO  scraper.vendor:   NEW Charlton 1200 x 375 Aluminium Radiator Matt Anthracite | £323.0 | heating/radiators
2026-08-05 17:34:01,607 INFO  scraper.vendor:   NEW Murano 600 x 1200 Radiator Matt Anthracite | £501.0 | heating/radiators
2026-08-05 17:34:04,766 INFO  scraper.vendor:   NEW Tuscan Square Towel Rail 1800 x 600 Matt Black | £227.0 | heating/towel-rails
2026-08-05 17:34:07,390 INFO  scraper.vendor:   NEW Deddington Vertical 470mm Towel Hanger Matt Anthracite | £65.0 | accessories
2026-08-05 17:34:09,560 INFO  scraper.vendor:   NEW Tordino 600 x 660 Aluminium Radiator Matt Anthracite | £339.0 | heating/radiators
2026-08-05 17:34:11,813 INFO  scraper.vendor:   NEW Withington 1200 x 375 Aluminium Radiator Matt Black | £323.0 | heating/radiators
2026-08-05 17:34:13,729 INFO  scraper.vendor:   NEW Withington 1200 x 375 Aluminium Radiator Matt White | £323.0 | heating/radiators
2026-08-05 17:34:15,775 INFO  scraper.vendor:   NEW Deddington 1800 x 310 Radiator Matt Anthracite | £381.0 | heating/radiators
2026-08-05 17:34:17,808 INFO  scraper.vendor:   NEW Charlton 1200 x 280 Aluminium Radiator Matt Anthracite | £251.0 | heating/radiators
2026-08-05 17:34:20,169 INFO  scraper.vendor:   NEW Murano 600 x 1000 Radiator Matt Anthracite | £418.0 | heating/radiators
2026-08-05 17:34:22,496 INFO  scraper.vendor:   NEW Deddington Vertical 310mm Towel Hanger Matt Anthracite | £60.0 | accessories
2026-08-05 17:34:24,735 INFO  scraper.vendor:   NEW Tuscan Square Towel Rail 1800 x 500 Matt Black | £208.0 | heating/towel-rails
2026-08-05 17:34:26,911 INFO  scraper.vendor:   NEW Tordino 600 x 470 Aluminium Radiator Matt Anthracite | £258.0 | heating/radiators
2026-08-05 17:34:29,104 INFO  scraper.vendor:   NEW Deddington Vertical 630mm Towel Hanger Gloss White | £72.0 | accessories
2026-08-05 17:34:31,354 INFO  scraper.vendor:   NEW Withington 1200 x 280 Aluminium Radiator Matt Black | £251.0 | heating/radiators
2026-08-05 17:34:33,732 INFO  scraper.vendor:   NEW Deddington 1800 x 600 Towel Rail Gloss White | £634.0 | heating/towel-rails
2026-08-05 17:34:36,156 INFO  scraper.vendor:   NEW Murano 600 x 800 Radiator Matt Anthracite | £334.0 | heating/radiators
2026-08-05 17:34:37,983 INFO  scraper.vendor:   NEW Malmesbury 600 x 1420 Aluminium Radiator Matt Cappuccino | £780.0 | heating/radiators
2026-08-05 17:34:40,571 INFO  scraper.vendor:   NEW Withington 1200 x 280 Aluminium Radiator Matt White | £251.0 | heating/radiators
2026-08-05 17:34:42,812 INFO  scraper.vendor:   NEW Tuscan Square Towel Rail 1200 x 600 Matt Black | £167.0 | heating/towel-rails
2026-08-05 17:34:44,882 INFO  scraper.vendor:   NEW Deddington Vertical 470mm Towel Hanger Gloss White | £65.0 | accessories
2026-08-05 17:34:46,882 INFO  scraper.vendor:   NEW Charlton 600 x 1420 Aluminium Radiator Matt White | £679.0 | heating/radiators
2026-08-05 17:34:49,393 INFO  scraper.vendor:   NEW Tordino 1800 x 565 Aluminium Radiator Matt Grey | £590.0 | heating/radiators
2026-08-05 17:34:51,606 INFO  scraper.vendor:   NEW Charlton 600 x 1420 Aluminium Radiator Matt Black | £679.0 | heating/radiators
2026-08-05 17:34:53,673 INFO  scraper.vendor:   NEW Malmesbury 1200 x 565 Aluminium Radiator Matt Cappuccino | £500.0 | heating/radiators
2026-08-05 17:34:55,271 INFO  scraper.vendor:   NEW Murano 1800 x 510 Radiator Matt Grey | £749.0 | heating/radiators
2026-08-05 17:34:57,547 INFO  scraper.vendor:   NEW Deddington 1800 x 500 Towel Rail Gloss White | £576.0 | heating/towel-rails
2026-08-05 17:34:59,684 INFO  scraper.vendor:   NEW Deddington Vertical 310mm Towel Hanger Gloss White | £60.0 | accessories
2026-08-05 17:35:01,786 INFO  scraper.vendor:   NEW Tuscan Square Towel Rail 1200 x 500 Matt Black | £155.0 | heating/towel-rails
2026-08-05 17:35:04,388 INFO  scraper.vendor:   NEW Charlton 1200 x 565 Aluminium Radiator Matt White | £472.0 | heating/radiators
2026-08-05 17:35:06,692 INFO  scraper.vendor:   NEW Tordino 1800 x 470 Aluminium Radiator Matt Grey | £492.0 | heating/radiators
2026-08-05 17:35:08,820 INFO  scraper.vendor:   NEW Malmesbury 1200 x 470 Aluminium Radiator Matt Cappuccino | £418.0 | heating/radiators
2026-08-05 17:35:11,117 INFO  scraper.vendor:   NEW Deddington 1800 x 600 Towel Rail Matt Anthracite | £634.0 | heating/towel-rails
2026-08-05 17:35:14,003 INFO  scraper.vendor:   NEW Deddington 1200 x 600 Towel Rail Gloss White | £445.0 | heating/towel-rails
2026-08-05 17:35:16,328 INFO  scraper.vendor:   NEW Murano 1800 x 410 Radiator Matt Grey | £600.0 | heating/radiators
2026-08-05 17:35:18,690 INFO  scraper.vendor:   NEW Charlton 1200 x 565 Aluminium Radiator Matt Black | £472.0 | heating/radiators
2026-08-05 17:35:21,085 INFO  scraper.vendor:   NEW Tordino 1800 x 375 Aluminium Radiator Matt Grey | £403.0 | heating/radiators
2026-08-05 17:35:23,433 INFO  scraper.vendor:   NEW Malmesbury 1200 x 375 Aluminium Radiator Matt Cappuccino | £343.0 | heating/radiators
2026-08-05 17:35:25,431 INFO  scraper.vendor:   NEW Deddington 1800 x 500 Towel Rail Matt Anthracite | £576.0 | heating/towel-rails
2026-08-05 17:35:27,664 INFO  scraper.vendor:   NEW Charlton 1200 x 470 Aluminium Radiator Matt Black | £395.0 | heating/radiators
2026-08-05 17:35:29,984 INFO  scraper.vendor:   NEW Murano 1800 x 310 Radiator Matt Grey | £451.0 | heating/radiators
2026-08-05 17:35:32,228 INFO  scraper.vendor:   NEW Deddington 1200 x 600 Towel Rail Matt Anthracite | £445.0 | heating/towel-rails
2026-08-05 17:35:34,591 INFO  scraper.vendor:   NEW Tordino 1800 x 280 Aluminium Radiator Matt Grey | £314.0 | heating/radiators
2026-08-05 17:35:36,796 INFO  scraper.vendor:   NEW Malmesbury 1200 x 280 Aluminium Radiator Matt Cappuccino | £266.0 | heating/radiators
2026-08-05 17:35:39,140 INFO  scraper.vendor:   NEW Charlton 1200 x 375 Aluminium Radiator Matt Black | £323.0 | heating/radiators
2026-08-05 17:35:41,260 INFO  scraper.vendor:   NEW Murano 600 x 1400 Radiator Matt Grey | £585.0 | heating/radiators
2026-08-05 17:35:43,748 INFO  scraper.vendor:   NEW Charlton 1200 x 280 Aluminium Radiator Matt Black | £251.0 | heating/radiators
2026-08-05 17:35:45,788 INFO  scraper.vendor:   NEW Deddington 1200 x 500 Towel Rail Matt Anthracite | £404.0 | heating/towel-rails
2026-08-05 17:35:47,986 INFO  scraper.vendor:   NEW Murano 600 x 1200 Radiator Matt Grey | £501.0 | heating/radiators
2026-08-05 17:35:50,483 INFO  scraper.vendor:   NEW Witney 600 x 1230 Aluminium Radiator Matt Anthracite | £1305.0 | heating/radiators
2026-08-05 17:35:52,460 INFO  scraper.vendor:   NEW Deddington 800 x 600 Towel Rail Matt Anthracite | £343.0 | heating/towel-rails
2026-08-05 17:35:54,220 INFO  scraper.vendor:   NEW Murano 600 x 1000 Radiator Matt Grey | £418.0 | heating/radiators
2026-08-05 17:35:56,514 INFO  scraper.vendor:   NEW Deddington 800 x 500 Towel Rail Matt Anthracite | £311.0 | heating/towel-rails
2026-08-05 17:35:59,225 INFO  scraper.vendor:   NEW Murano 600 x 800 Radiator Matt Grey | £334.0 | heating/radiators
2026-08-05 17:36:01,355 INFO  scraper.vendor:   NEW Deddington 600 x 1270 Radiator Matt Anthracite | £496.0 | heating/radiators
2026-08-05 17:36:04,037 INFO  scraper.vendor:   NEW Deddington 600 x 950 Radiator Matt Anthracite | £436.0 | heating/radiators
2026-08-05 17:36:06,524 INFO  scraper.vendor:   NEW Murano 1800 x 510 Radiator Gloss White | £749.0 | heating/radiators
2026-08-05 17:36:08,787 INFO  scraper.vendor:   NEW Tuscan Square Towel Rail 800 x 600 Matt Black | £133.0 | heating/towel-rails
2026-08-05 17:36:11,435 INFO  scraper.vendor:   NEW Tuscan Square Towel Rail 800 x 500 Matt Black | £121.0 | heating/towel-rails
2026-08-05 17:36:14,121 INFO  scraper.vendor:   NEW Tuscan Square Towel Rail 1800 x 600 Matt Anthracite | £227.0 | heating/towel-rails
2026-08-05 17:36:16,323 INFO  scraper.vendor:   NEW Defford 1800 x 500mm Towel Rail Matt Grey | £276.0 | heating/towel-rails
2026-08-05 17:36:18,626 INFO  scraper.vendor:   NEW Santero 800 x 600mm Towel Rail Gloss White | £283.0 | heating/towel-rails
2026-08-05 17:36:20,805 INFO  scraper.vendor:   NEW Tordino 600 x 1230 Aluminium Radiator Matt Grey | £592.0 | heating/radiators
2026-08-05 17:36:22,788 INFO  scraper.vendor:   NEW Defford 1200 x 600mm Towel Rail Matt Grey | £223.0 | heating/towel-rails
2026-08-05 17:36:25,157 INFO  scraper.vendor:   NEW Santero 800 x 500mm Towel Rail Gloss White | £241.0 | heating/towel-rails
2026-08-05 17:36:27,775 INFO  scraper.vendor:   NEW Tordino 600 x 1040 Aluminium Radiator Matt Grey | £502.0 | heating/radiators
2026-08-05 17:36:29,902 INFO  scraper.vendor:   NEW Tuscan Square Towel Rail 1800 x 600 Matt Grey | £227.0 | heating/towel-rails
2026-08-05 17:36:32,368 INFO  scraper.vendor:   NEW Defford 1800 x 600mm Towel Rail Chrome | £525.0 | heating/towel-rails
2026-08-05 17:36:34,786 INFO  scraper.vendor:   NEW Tordino 1800 x 565 Aluminium Radiator Matt Black | £590.0 | heating/radiators
2026-08-05 17:36:37,267 INFO  scraper.vendor:   NEW Defford 1200 x 500mm Towel Rail Matt Grey | £197.0 | heating/towel-rails
2026-08-05 17:36:39,856 INFO  scraper.vendor:   NEW Tuscan Square Towel Rail 1800 x 500 Matt Grey | £208.0 | heating/towel-rails
2026-08-05 17:36:42,038 INFO  scraper.vendor:   NEW Defford 1800 x 500mm Towel Rail Chrome | £461.0 | heating/towel-rails
2026-08-05 17:36:44,884 INFO  scraper.vendor:   NEW Tordino 1800 x 470 Aluminium Radiator Matt Black | £492.0 | heating/radiators
2026-08-05 17:36:47,244 INFO  scraper.vendor:   NEW Defford 800 x 600mm Towel Rail Matt Grey | £138.0 | heating/towel-rails
2026-08-05 17:36:49,866 INFO  scraper.vendor:   NEW Tuscan Square Towel Rail 1200 x 600 Matt Grey | £167.0 | heating/towel-rails
2026-08-05 17:36:51,888 INFO  scraper.vendor:   NEW Defford 1200 x 600mm Towel Rail Chrome | £359.0 | heating/towel-rails
2026-08-05 17:36:54,098 INFO  scraper.vendor:   NEW Tordino 1800 x 375 Aluminium Radiator Matt Black | £403.0 | heating/radiators
2026-08-05 17:36:56,160 INFO  scraper.vendor:   NEW Tuscan Square Towel Rail 1200 x 500 Matt Grey | £155.0 | heating/towel-rails
2026-08-05 17:36:58,663 INFO  scraper.vendor:   NEW Defford 1200 x 500mm Towel Rail Chrome | £322.0 | heating/towel-rails
2026-08-05 17:37:01,226 INFO  scraper.vendor:   NEW Tuscan Square Towel Rail 800 x 600 Matt Grey | £133.0 | heating/towel-rails
2026-08-05 17:37:03,291 INFO  scraper.vendor:   NEW Tordino 1800 x 280 Aluminium Radiator Matt Black | £314.0 | heating/radiators
2026-08-05 17:37:05,469 INFO  scraper.vendor:   NEW Charlton 1200 x 470 Aluminium Radiator Matt White | £395.0 | heating/radiators
2026-08-05 17:37:07,902 INFO  scraper.vendor:   NEW Tuscan Square Towel Rail 800 x 500 Matt Grey | £121.0 | heating/towel-rails
2026-08-05 17:37:09,837 INFO  scraper.vendor:   NEW Defford 800 x 600mm Towel Rail Chrome | £205.0 | heating/towel-rails
2026-08-05 17:37:11,855 INFO  scraper.vendor:   NEW Tordino 600 x 1230 Aluminium Radiator Matt Black | £592.0 | heating/radiators
2026-08-05 17:37:14,210 INFO  scraper.vendor:   NEW Tuscan Square Towel Rail 1800 x 600 Gloss White | £227.0 | heating/towel-rails
2026-08-05 17:37:17,002 INFO  scraper.vendor:   NEW Defford 800 x 500mm Towel Rail Chrome | £182.0 | heating/towel-rails
2026-08-05 17:37:19,216 INFO  scraper.vendor:   NEW Charlton 1200 x 375 Aluminium Radiator Matt White | £323.0 | heating/radiators
2026-08-05 17:37:21,546 INFO  scraper.vendor:   NEW Tuscan Square Towel Rail 1800 x 500 Gloss White | £208.0 | heating/towel-rails
2026-08-05 17:37:24,060 INFO  scraper.vendor:   NEW Defford 1800 x 600mm Towel Rail Matt Black | £303.0 | heating/towel-rails
2026-08-05 17:37:26,440 INFO  scraper.vendor:   NEW Charlton 1200 x 280 Aluminium Radiator Matt White | £251.0 | heating/radiators
2026-08-05 17:37:28,866 INFO  scraper.vendor:   NEW Witney 600 x 1040 Aluminium Radiator Matt White | £1116.0 | heating/radiators
2026-08-05 17:37:31,020 INFO  scraper.vendor:   NEW Tuscan Square Towel Rail 1200 x 600 Gloss White | £167.0 | heating/towel-rails
2026-08-05 17:37:33,174 INFO  scraper.vendor:   NEW Defford 1800 x 500mm Towel Rail Matt Black | £276.0 | heating/towel-rails
2026-08-05 17:37:35,294 INFO  scraper.vendor:   NEW Murano 1800 x 510 Radiator Matt Black | £749.0 | heating/radiators
2026-08-05 17:37:37,511 INFO  scraper.vendor:   NEW Tuscan Square Towel Rail 1200 x 500 Gloss White | £155.0 | heating/towel-rails
2026-08-05 17:37:39,611 INFO  scraper.vendor:   NEW Witney 600 x 850 Aluminium Radiator Matt White | £920.0 | heating/radiators
2026-08-05 17:37:41,680 INFO  scraper.vendor:   NEW Defford 1200 x 600mm Towel Rail Matt Black | £223.0 | heating/towel-rails
2026-08-05 17:37:43,882 INFO  scraper.vendor:   NEW Tuscan Square Towel Rail 800 x 600 Gloss White | £133.0 | heating/towel-rails
2026-08-05 17:37:45,895 INFO  scraper.vendor:   NEW Murano 1800 x 410 Radiator Matt Black | £600.0 | heating/radiators
2026-08-05 17:37:47,845 INFO  scraper.vendor:   NEW Multi-Purpose Towel Hanger LH 500mm Matt Grey | £134.0 | accessories
2026-08-05 17:37:50,282 INFO  scraper.vendor:   NEW Tuscan Square Towel Rail 800 x 500 Gloss White | £121.0 | heating/towel-rails
2026-08-05 17:37:52,944 INFO  scraper.vendor:   NEW Defford 1200 x 500mm Towel Rail Matt Black | £197.0 | heating/towel-rails
2026-08-05 17:37:54,879 INFO  scraper.vendor:   NEW Multi-Purpose Towel Hanger RH 400mm Matt Grey | £131.0 | accessories
2026-08-05 17:37:57,125 INFO  scraper.vendor:   NEW Defford 800 x 600mm Towel Rail Matt Black | £138.0 | heating/towel-rails
2026-08-05 17:37:59,253 INFO  scraper.vendor:   NEW Multi-Purpose Towel Hanger LH 400mm Matt Grey | £131.0 | accessories
2026-08-05 17:38:01,344 INFO  scraper.vendor:   NEW Defford 800 x 500mm Towel Rail Matt Black | £124.0 | heating/towel-rails
2026-08-05 17:38:03,715 INFO  scraper.vendor:   NEW Multi-Purpose Towel Hanger RH 300mm Matt Grey | £128.0 | accessories
2026-08-05 17:38:05,955 INFO  scraper.vendor:   NEW Multi-Purpose Towel Hanger RH 400mm Matt Black | £131.0 | accessories
2026-08-05 17:38:07,990 INFO  scraper.vendor:   NEW Defford 1800 x 600mm Towel Rail Matt Anthracite | £303.0 | heating/towel-rails
2026-08-05 17:38:10,266 INFO  scraper.vendor:   NEW Multi-Purpose Towel Hanger LH 300mm Matt Grey | £128.0 | accessories
2026-08-05 17:38:12,792 INFO  scraper.vendor:   NEW Multi-Purpose Towel Hanger LH 400mm Matt Black | £131.0 | accessories
2026-08-05 17:38:15,047 INFO  scraper.vendor:   NEW Defford 1800 x 500mm Towel Rail Matt Anthracite | £276.0 | heating/towel-rails
2026-08-05 17:38:17,451 INFO  scraper.vendor:   NEW Multi-Purpose Towel Hanger RH 500mm Matt White | £134.0 | accessories
2026-08-05 17:38:19,330 INFO  scraper.vendor:   NEW Multi-Purpose Towel Hanger RH 300mm Matt Black | £128.0 | accessories
2026-08-05 17:38:21,610 INFO  scraper.vendor:   NEW Defford 1200 x 600mm Towel Rail Matt Anthracite | £223.0 | heating/towel-rails
2026-08-05 17:38:23,677 INFO  scraper.vendor:   NEW Multi-Purpose Towel Hanger LH 500mm Matt White | £134.0 | accessories
2026-08-05 17:38:26,063 INFO  scraper.vendor:   NEW Multi-Purpose Towel Hanger LH 300mm Matt Black | £128.0 | accessories
2026-08-05 17:38:28,350 INFO  scraper.vendor:   NEW Multi-Purpose Towel Hanger RH 500mm Matt Anthracite | £134.0 | accessories
2026-08-05 17:38:30,369 INFO  scraper.vendor:   NEW Multi-Purpose Towel Hanger RH 400mm Matt White | £131.0 | accessories
2026-08-05 17:38:32,276 INFO  scraper.vendor:   NEW Multi-Purpose Towel Hanger LH 500mm Matt Anthracite | £134.0 | accessories
2026-08-05 17:38:34,490 INFO  scraper.vendor:   NEW Multi-Purpose Towel Hanger RH 400mm Matt Anthracite | £131.0 | accessories
2026-08-05 17:38:36,640 INFO  scraper.vendor:   NEW Multi-Purpose Towel Hanger LH 400mm Matt Anthracite | £131.0 | accessories
2026-08-05 17:38:38,651 INFO  scraper.vendor:   NEW Multi-Purpose Towel Hanger RH 300mm Matt Anthracite | £128.0 | accessories
2026-08-05 17:38:41,058 INFO  scraper.vendor:   NEW Multi-Purpose Towel Hanger LH 300mm Matt Anthracite | £128.0 | accessories
2026-08-05 17:38:42,948 INFO  scraper.vendor:   NEW Multi-Purpose Towel Hanger RH 500mm Matt Cappuccino | £134.0 | accessories
2026-08-05 17:38:44,817 INFO  scraper.vendor:   NEW Multi-Purpose Towel Hanger LH 500mm Matt Cappuccino | £134.0 | accessories
2026-08-05 17:38:47,267 INFO  scraper.vendor:   NEW Multi-Purpose Towel Hanger RH 400mm Matt Cappuccino | £131.0 | accessories
2026-08-05 17:38:49,629 INFO  scraper.vendor:   NEW Multi-Purpose Towel Hanger LH 400mm Matt Cappuccino | £131.0 | accessories
2026-08-05 17:38:51,586 INFO  scraper.vendor:   NEW Multi-Purpose Towel Hanger RH 300mm Matt Cappuccino | £128.0 | accessories
2026-08-05 17:38:53,396 INFO  scraper.vendor:   NEW Multi-Purpose Towel Hanger LH 300mm Matt Cappuccino | £128.0 | accessories
2026-08-05 17:38:55,601 INFO  scraper.vendor:   NEW Multi-Purpose Towel Hanger RH 500mm Matt Grey | £134.0 | accessories
2026-08-05 17:38:57,754 INFO  scraper.vendor:   NEW Defford 1200 x 500mm Towel Rail Matt Anthracite | £197.0 | heating/towel-rails
2026-08-05 17:38:59,752 INFO  scraper.vendor:   NEW Defford 800 x 600mm Towel Rail Matt Anthracite | £138.0 | heating/towel-rails
2026-08-05 17:39:01,945 INFO  scraper.vendor:   NEW Defford 800 x 500mm Towel Rail Matt Anthracite | £124.0 | heating/towel-rails
2026-08-05 17:39:04,467 INFO  scraper.vendor:   NEW Defford 1800 x 600mm Towel Rail Matt Grey | £303.0 | heating/towel-rails
2026-08-05 17:39:06,677 INFO  scraper.vendor:   NEW Ryton 1600 x 600mm. Towel Rail Matt Anthracite | £445.0 | heating/towel-rails
2026-08-05 17:39:09,424 INFO  scraper.vendor:   NEW Ryton 1600 x 500mm. Towel Rail Matt Anthracite | £408.0 | heating/towel-rails
2026-08-05 17:39:11,891 INFO  scraper.vendor:   NEW Ryton 1200 x 600mm. Towel Rail Matt Anthracite | £349.0 | heating/towel-rails
2026-08-05 17:39:14,274 INFO  scraper.vendor:   NEW Ryton 1200 x 500mm. Towel Rail Matt Anthracite | £320.0 | heating/towel-rails
2026-08-05 17:39:16,528 INFO  scraper.vendor:   NEW Ryton 800 x 600mm. Towel Rail Matt Anthracite | £280.0 | heating/towel-rails
2026-08-05 17:39:18,597 INFO  scraper.vendor:   NEW Ryton 800 x 500mm. Towel Rail Matt Anthracite | £256.0 | heating/towel-rails
2026-08-05 17:39:21,365 INFO  scraper.vendor:   NEW Ryton 1600 x 600mm. Towel Rail Matt White | £445.0 | heating/towel-rails
2026-08-05 17:39:23,949 INFO  scraper.vendor:   NEW Ryton 1600 x 500mm. Towel Rail Matt White | £408.0 | heating/towel-rails
2026-08-05 17:39:26,072 INFO  scraper.vendor:   NEW Ryton 1200 x 600mm. Towel Rail Matt White | £349.0 | heating/towel-rails
2026-08-05 17:39:29,009 INFO  scraper.vendor:   NEW Ryton 1200 x 500mm. Towel Rail Matt White | £320.0 | heating/towel-rails
2026-08-05 17:39:31,176 INFO  scraper.vendor:   NEW Ryton 800 x 600mm. Towel Rail Matt White | £280.0 | heating/towel-rails
2026-08-05 17:39:33,752 INFO  scraper.vendor:   NEW Ryton 800 x 500mm. Towel Rail Matt White | £256.0 | heating/towel-rails
2026-08-05 17:39:36,709 INFO  scraper.vendor:   NEW Kenilworth 1200 x 500mm. Towel Rail Matt White | £309.0 | heating/towel-rails
2026-08-05 17:39:39,597 INFO  scraper.vendor:   NEW Kenilworth 800 x 600mm. Towel Rail Matt White | £266.0 | heating/towel-rails
2026-08-05 17:39:42,087 INFO  scraper.vendor:   NEW Kenilworth 800 x 500mm. Towel Rail Matt White | £244.0 | heating/towel-rails
2026-08-05 17:39:43,954 INFO  scraper.vendor:   NEW Ryton 1600 x 600mm. Towel rail Chrome | £616.0 | heating/towel-rails
2026-08-05 17:39:46,215 INFO  scraper.vendor:   NEW Ryton 1600 x 500mm. Towel Rail Chrome | £550.0 | heating/towel-rails
2026-08-05 17:39:48,095 INFO  scraper.vendor:   NEW Valliant 8mm 2000mm x 1200mm Round Pole Walk-In Shower Panel | £408.0 | showering/shower-enclosures
2026-08-05 17:39:50,439 INFO  scraper.vendor:   NEW Ryton 1200 x 600mm. Towel Rail Chrome | £507.0 | heating/towel-rails
2026-08-05 17:39:52,801 INFO  scraper.vendor:   NEW Ryton 1200 x 500mm. Towel Rail Chrome | £453.0 | heating/towel-rails
2026-08-05 17:39:55,095 INFO  scraper.vendor:   NEW Valliant 8mm 2000mm x 1000mm Round Pole Walk-In Shower Panel | £362.0 | showering/shower-enclosures
2026-08-05 17:39:57,504 INFO  scraper.vendor:   NEW Ryton 800 x 600mm. Towel Rail Chrome | £403.0 | heating/towel-rails
2026-08-05 17:39:59,637 INFO  scraper.vendor:   NEW Valliant 8mm 2000mm x 900mm Round Pole Walk-In Shower Panel  | £339.0 | showering/shower-enclosures
2026-08-05 17:40:01,685 INFO  scraper.vendor:   NEW Ryton 800 x 500mm. Towel Rail Chrome | £360.0 | heating/towel-rails
2026-08-05 17:40:03,759 INFO  scraper.vendor:   NEW Valliant 2000mm x 800mm Round Pole Walk-In Shower Panel with | £314.0 | showering/shower-enclosures
2026-08-05 17:40:06,739 INFO  scraper.vendor:   NEW Biava Multirail HV Straight 1118 x 750mm Gloss White | £86.0 | heating/towel-rails
2026-08-05 17:40:09,519 INFO  scraper.vendor:   NEW Biava Multirail HV Straight 1118 x 600mm Gloss White | £64.0 | heating/towel-rails
2026-08-05 17:40:12,961 INFO  scraper.vendor:   NEW Biava Multirail HV Straight 1118 x 450mm Gloss White | £70.0 | heating/towel-rails
2026-08-05 17:40:15,549 INFO  scraper.vendor:   NEW Biava Multirail HV Straight 688 x 750mm Gloss White | £64.0 | heating/towel-rails
2026-08-05 17:40:18,432 INFO  scraper.vendor:   NEW Biava Multirail HV Straight 688 x 600mm Gloss White | £58.0 | heating/towel-rails
2026-08-05 17:40:21,736 INFO  scraper.vendor:   NEW Biava Multirail HV Straight 688 x 450mm Gloss White | £53.0 | heating/towel-rails
2026-08-05 17:40:24,157 INFO  scraper.vendor:   NEW Biava Multirail HV Straight 360 x 400mm Gloss White | £39.0 | heating/towel-rails
2026-08-05 17:40:27,034 INFO  scraper.vendor:   NEW Biava Multirail HV Straight 1720 x 750mm Chrome | £180.0 | heating/towel-rails
2026-08-05 17:40:30,107 INFO  scraper.vendor:   NEW Biava Multirail HV Straight 1720 x 600mm Chrome | £157.0 | heating/towel-rails
2026-08-05 17:40:32,717 INFO  scraper.vendor:   NEW Biava Multirail HV Straight 1118 x 750mm Chrome | £125.0 | heating/towel-rails
2026-08-05 17:40:35,441 INFO  scraper.vendor:   NEW Biava Multirail HV Straight 1118 x 600mm Chrome | £114.0 | heating/towel-rails
2026-08-05 17:40:37,682 INFO  scraper.vendor:   NEW Biava Multirail HV Straight 1118 x 450mm Chrome | £100.0 | heating/towel-rails
2026-08-05 17:40:39,750 INFO  scraper.vendor:   NEW Biava Multirail HV Straight 688 x 750mm Chrome | £87.0 | heating/towel-rails
2026-08-05 17:40:41,933 INFO  scraper.vendor:   NEW Biava Multirail HV Straight 688 x 600mm Chrome | £78.0 | heating/towel-rails
2026-08-05 17:40:44,251 INFO  scraper.vendor:   NEW Biava Multirail HV Straight 688 x 450mm Chrome | £68.0 | heating/towel-rails
2026-08-05 17:40:46,485 INFO  scraper.vendor:   NEW Biava Multirail HV Straight 360 x 400mm Chrome | £46.0 | heating/towel-rails
2026-08-05 17:40:49,051 INFO  scraper.vendor:   NEW Haddenham Designer Towel Rail 1200x600mm Chrome | £277.0 | heating/towel-rails
2026-08-05 17:40:51,625 INFO  scraper.vendor:   NEW Biava Multirail HV Straight 688 x 750mm Matt Anthracite | £64.0 | heating/towel-rails
2026-08-05 17:40:53,897 INFO  scraper.vendor:   NEW Biava Multirail HV Straight 688 x 600mm Matt Anthracite | £58.0 | heating/towel-rails
2026-08-05 17:40:56,312 INFO  scraper.vendor:   NEW Biava Multirail HV Straight 688 x 450mm Matt Anthracite | £53.0 | heating/towel-rails
2026-08-05 17:40:58,359 INFO  scraper.vendor:   NEW Biava Multirail HV Straight 360 x 400mm Matt Anthracite | £39.0 | heating/towel-rails
2026-08-05 17:41:00,864 INFO  scraper.vendor:   NEW Biava Multirail HV Straight 1720 x 750mm Gloss White | £120.0 | heating/towel-rails
2026-08-05 17:41:03,492 INFO  scraper.vendor:   NEW Biava Multirail HV Straight 1720 x 600mm Gloss White | £107.0 | heating/towel-rails
2026-08-05 17:41:05,905 INFO  scraper.vendor:   NEW Biava Multirail HV Straight 1720 x 450mm Gloss White | £94.0 | heating/towel-rails
2026-08-05 17:41:08,164 INFO  scraper.vendor:   NEW Loxley 800 x 600mm. Towel Rail Matt White | £443.0 | heating/towel-rails
2026-08-05 17:41:11,331 INFO  scraper.vendor:   NEW Loxley 800 x 500mm. Towel Rail Matt White | £406.0 | heating/towel-rails
2026-08-05 17:41:13,984 INFO  scraper.vendor:   NEW Kenilworth 1600 x 600mm. Towel Rail Chrome | £590.0 | heating/towel-rails
2026-08-05 17:41:16,537 INFO  scraper.vendor:   NEW Kenilworth 1600 x 500mm. Towel Rail Chrome | £527.0 | heating/towel-rails
2026-08-05 17:41:18,654 INFO  scraper.vendor:   NEW Kenilworth 1200 x 600mm. Towel Rail Chrome | £489.0 | heating/towel-rails
2026-08-05 17:41:20,937 INFO  scraper.vendor:   NEW Kenilworth 800 x 600mm. Towel Rail Chrome | £384.0 | heating/towel-rails
2026-08-05 17:41:23,394 INFO  scraper.vendor:   NEW Kenilworth 800 x 500mm. Towel Rail Chrome | £343.0 | heating/towel-rails
2026-08-05 17:41:25,901 INFO  scraper.vendor:   NEW Kenilworth 1600 x 600mm. Towel Rail Matt Anthracite | £433.0 | heating/towel-rails
2026-08-05 17:41:28,218 INFO  scraper.vendor:   NEW Kenilworth 1600 x 500mm. Towel Rail Matt Anthracite | £397.0 | heating/towel-rails
2026-08-05 17:41:30,651 INFO  scraper.vendor:   NEW Kenilworth 1200 x 600mm. Towel Rail Matt Anthracite | £337.0 | heating/towel-rails
2026-08-05 17:41:33,337 INFO  scraper.vendor:   NEW Kenilworth 1200 x 500mm. Towel Rail Matt Anthracite | £309.0 | heating/towel-rails
2026-08-05 17:41:35,990 INFO  scraper.vendor:   NEW Kenilworth 800 x 600mm. Towel Rail Matt Anthracite | £266.0 | heating/towel-rails
2026-08-05 17:41:38,366 INFO  scraper.vendor:   NEW Kenilworth 800 x 500mm. Towel Rail Matt Anthracite | £244.0 | heating/towel-rails
2026-08-05 17:41:40,813 INFO  scraper.vendor:   NEW Loxley 800 x 600mm. Towel Rail Chrome | £515.0 | heating/towel-rails
2026-08-05 17:41:43,130 INFO  scraper.vendor:   NEW Kenilworth 1600 x 600mm. Towel Rail Matt White | £433.0 | heating/towel-rails
2026-08-05 17:41:45,000 INFO  scraper.vendor:   NEW Loxley 800 x 500mm. Towel Rail Chrome | £460.0 | heating/towel-rails
2026-08-05 17:41:47,334 INFO  scraper.vendor:   NEW Kenilworth 1600 x 500mm. Towel Rail Matt White | £397.0 | heating/towel-rails
2026-08-05 17:41:49,485 INFO  scraper.vendor:   NEW Loxley 1200 x 600mm. Towel Rail Matt Anthracite | £488.0 | heating/towel-rails
2026-08-05 17:41:52,090 INFO  scraper.vendor:   NEW Kenilworth 1200 x 600mm. Towel Rail Matt White | £337.0 | heating/towel-rails
2026-08-05 17:41:54,005 INFO  scraper.vendor:   NEW Loxley 1200 x 500mm. Towel Rail Matt Anthracite | £447.0 | heating/towel-rails
2026-08-05 17:41:55,974 INFO  scraper.vendor:   NEW Loxley 800 x 600mm. Towel Rail Matt Anthracite | £443.0 | heating/towel-rails
2026-08-05 17:41:58,129 INFO  scraper.vendor:   NEW Loxley 800 x 500mm. Towel Rail Matt Anthracite | £406.0 | heating/towel-rails
2026-08-05 17:42:00,098 INFO  scraper.vendor:   NEW Loxley 1200 x 600mm. Towel Rail Matt White | £488.0 | heating/towel-rails
2026-08-05 17:42:02,481 INFO  scraper.vendor:   NEW Loxley 1200 x 500mm. Towel Rail Matt White | £447.0 | heating/towel-rails
2026-08-05 17:42:04,578 INFO  scraper.vendor:   NEW Vantage 6mm Easy Clean 1000x760mm Offset Quadrant Shower Enc | £698.0 | showering/shower-enclosures
2026-08-05 17:42:06,809 INFO  scraper.vendor:   NEW Vantage 6mm Easy Clean 900x760mm Offset Quadrant Shower Encl | £659.0 | showering/shower-enclosures
2026-08-05 17:42:08,724 INFO  scraper.vendor:   NEW Vantage 6mm Easy Clean 1000x900mm Offset Quadrant Shower Enc | £638.0 | showering/shower-enclosures
2026-08-05 17:42:10,630 INFO  scraper.vendor:   NEW Vantage 6mm Easy Clean 1000x800mm Offset Quadrant Shower Enc | £616.0 | showering/shower-enclosures
2026-08-05 17:42:12,845 INFO  scraper.vendor:   NEW Vantage 6mm Easy Clean 1200x900mm Offset Quadrant Shower Enc | £656.0 | showering/shower-enclosures
2026-08-05 17:42:15,318 INFO  scraper.vendor:   NEW Vantage 6mm Easy Clean 1200x800mm Offset Quadrant Shower Enc | £641.0 | showering/shower-enclosures
2026-08-05 17:42:17,663 INFO  scraper.vendor:   NEW Vantage 6mm Easy Clean 900x800mm Offset Quadrant Shower Encl | £571.0 | showering/shower-enclosures
2026-08-05 17:42:20,016 INFO  scraper.vendor:   NEW Valliant 8mm 1950mm x 500mm Round Pole Walk-In Front Shower  | £362.0 | showering/shower-enclosures
2026-08-05 17:42:22,234 INFO  scraper.vendor:   NEW Valliant 8mm 1950mm x 1400mm Square Pole Walk-In Front Showe | £467.0 | showering/shower-enclosures
2026-08-05 17:42:23,987 INFO  scraper.vendor:   NEW Valliant 8mm 1950mm x 1200mm Square Pole Walk-In Front Showe | £454.0 | showering/shower-enclosures
2026-08-05 17:42:25,999 INFO  scraper.vendor:   NEW Valliant 8mm 1950mm x 1000mm Square Pole Walk-In Front Showe | £422.0 | showering/shower-enclosures
2026-08-05 17:42:28,178 INFO  scraper.vendor:   NEW Valliant 8mm 1950mm x 900mm Square Pole Walk-In Front Shower | £407.0 | showering/shower-enclosures
2026-08-05 17:42:30,440 INFO  scraper.vendor:   NEW Valliant 8mm 1950mm x 800mm Square Pole Walk-In Front Shower | £395.0 | showering/shower-enclosures
2026-08-05 17:42:32,427 INFO  scraper.vendor:   NEW Valliant 8mm 1950mm x 760mm Square Pole Walk-In Front Shower | £389.0 | showering/shower-enclosures
2026-08-05 17:42:34,512 INFO  scraper.vendor:   NEW Valliant 8mm 1950mm x 700mm Square Pole Walk-In Front Shower | £381.0 | showering/shower-enclosures
2026-08-05 17:42:36,620 INFO  scraper.vendor:   NEW Valliant 8mm 1950mm x 500mm Square Pole Walk-In Front Shower | £357.0 | showering/shower-enclosures
2026-08-05 17:42:39,150 INFO  scraper.vendor:   NEW Haddenham Designer Towel Rail 1200x500mm Chrome | £258.0 | heating/towel-rails
2026-08-05 17:42:41,121 INFO  scraper.vendor:   NEW Haddenham Designer Towel Rail 1200x600mm Matt Anthracite | £236.0 | heating/towel-rails
2026-08-05 17:42:43,263 INFO  scraper.vendor:   NEW Haddenham Designer Towel Rail 1200x500mm Matt Anthracite | £227.0 | heating/towel-rails
2026-08-05 17:42:45,327 INFO  scraper.vendor:   NEW Haddenham Designer Towel Rail 1200x600mm Matt White | £236.0 | heating/towel-rails
2026-08-05 17:42:47,508 INFO  scraper.vendor:   NEW Haddenham Designer Towel Rail 1200x500mm Matt White | £227.0 | heating/towel-rails
2026-08-05 17:42:50,112 INFO  scraper.vendor:   NEW Launton Designer Towel Rail 1200x600mm Chrome | £375.0 | heating/towel-rails
2026-08-05 17:42:52,617 INFO  scraper.vendor:   NEW Launton Designer Towel Rail 1200x500mm Matt Anthracite | £317.0 | heating/towel-rails
2026-08-05 17:42:55,206 INFO  scraper.vendor:   NEW Launton Designer Towel Rail 1200x500mm Chrome | £361.0 | heating/towel-rails
2026-08-05 17:42:57,613 INFO  scraper.vendor:   NEW Launton Designer Towel Rail 1200x600mm Matt White | £330.0 | heating/towel-rails
2026-08-05 17:43:00,480 INFO  scraper.vendor:   NEW Launton Designer Towel Rail 1200x600mm Matt Anthracite | £330.0 | heating/towel-rails
2026-08-05 17:43:02,745 INFO  scraper.vendor:   NEW Launton Designer Towel Rail 1200x500mm Matt White | £317.0 | heating/towel-rails
2026-08-05 17:43:04,958 INFO  scraper.vendor:   NEW Eshton 1200 x 600mm. Towel Rail Chrome | £532.0 | heating/towel-rails
2026-08-05 17:43:07,553 INFO  scraper.vendor:   NEW Eshton 1200 x 500mm. Towel Rail Chrome | £484.0 | heating/towel-rails
2026-08-05 17:43:09,625 INFO  scraper.vendor:   NEW Eshton 800 x 600mm. Towel Rail Chrome | £476.0 | heating/towel-rails
2026-08-05 17:43:12,410 INFO  scraper.vendor:   NEW Eshton 800 x 500mm. Towel Rail Chrome | £425.0 | heating/towel-rails
2026-08-05 17:43:14,872 INFO  scraper.vendor:   NEW Eshton 1200 x 600mm. Towel Rail Matt Anthracite | £448.0 | heating/towel-rails
2026-08-05 17:43:16,857 INFO  scraper.vendor:   NEW Eshton 1200 x 500mm. Towel Rail Matt Anthracite | £411.0 | heating/towel-rails
2026-08-05 17:43:19,059 INFO  scraper.vendor:   NEW Eshton 800 x 600mm. Towel Rail Matt Anthracite | £402.0 | heating/towel-rails
2026-08-05 17:43:21,622 INFO  scraper.vendor:   NEW Eshton 800 x 500mm. Towel Rail Matt Anthracite | £368.0 | heating/towel-rails
2026-08-05 17:43:23,870 INFO  scraper.vendor:   NEW Eshton 1200 x 600mm. Towel Rail Matt White | £448.0 | heating/towel-rails
2026-08-05 17:43:26,315 INFO  scraper.vendor:   NEW Eshton 1200 x 500mm. Towel Rail Matt White | £411.0 | heating/towel-rails
2026-08-05 17:43:28,923 INFO  scraper.vendor:   NEW Eshton 800 x 600mm. Towel Rail Matt White | £402.0 | heating/towel-rails
2026-08-05 17:43:31,164 INFO  scraper.vendor:   NEW Eshton 800 x 500mm. Towel Rail Matt White | £368.0 | heating/towel-rails
2026-08-05 17:43:33,537 INFO  scraper.vendor:   NEW Loxley 1200 x 600mm. Towel Rail Chrome | £580.0 | heating/towel-rails
2026-08-05 17:43:36,155 INFO  scraper.vendor:   NEW Loxley 1200 x 500mm. Towel Rail Chrome | £518.0 | heating/towel-rails
2026-08-05 17:43:38,468 INFO  scraper.vendor:   NEW Biava Multirail HV Straight 1720 x 750mm Matt Black | £120.0 | heating/towel-rails
2026-08-05 17:43:40,907 INFO  scraper.vendor:   NEW Biava Multirail HV Straight 1720 x 600mm Matt Black | £107.0 | heating/towel-rails
2026-08-05 17:43:43,119 INFO  scraper.vendor:   NEW Biava Multirail HV Straight 1720 x 450mm Matt Black | £94.0 | heating/towel-rails
2026-08-05 17:43:45,095 INFO  scraper.vendor:   NEW Vulcan 1850mm x 1700mm Slider Shower Door - Chrome | £432.0 | showering/shower-enclosures
2026-08-05 17:43:47,775 INFO  scraper.vendor:   NEW Biava Multirail HV Straight 1118 x 750mm Matt Black | £86.0 | heating/towel-rails
2026-08-05 17:43:49,867 INFO  scraper.vendor:   NEW Vulcan 1850mm x 1600mm Slider Shower Door - Chrome | £408.0 | showering/shower-enclosures
2026-08-05 17:43:52,047 INFO  scraper.vendor:   NEW Vulcan 1850mm x 1500mm Slider Shower Door - Chrome | £402.0 | showering/shower-enclosures
2026-08-05 17:43:54,460 INFO  scraper.vendor:   NEW Biava Multirail HV Straight 1118 x 600mm Matt Black | £78.0 | heating/towel-rails
2026-08-05 17:43:56,204 INFO  scraper.vendor:   NEW Vulcan 1850mm x 1400mm Slider Shower Door - Chrome | £392.0 | showering/shower-enclosures
2026-08-05 17:43:58,557 INFO  scraper.vendor:   NEW Biava Multirail HV Straight 1118 x 450mm Matt Black | £70.0 | heating/towel-rails
2026-08-05 17:44:00,802 INFO  scraper.vendor:   NEW Vulcan 1850mm x 1300mm Slider Shower Door - Chrome | £365.0 | showering/shower-enclosures
2026-08-05 17:44:02,740 INFO  scraper.vendor:   NEW Vulcan 1850mm x 1200mm Slider Shower Door - Chrome | £353.0 | showering/shower-enclosures
2026-08-05 17:44:05,405 INFO  scraper.vendor:   NEW Biava Multirail HV Straight 688 x 750mm Matt Black | £64.0 | heating/towel-rails
2026-08-05 17:44:07,787 INFO  scraper.vendor:   NEW Biava Multirail HV Straight 688 x 600mm Matt Black | £58.0 | heating/towel-rails
2026-08-05 17:44:09,852 INFO  scraper.vendor:   NEW Vulcan 1850mm x 1100mm Slider Shower Door - Chrome | £346.0 | showering/shower-enclosures
2026-08-05 17:44:11,795 INFO  scraper.vendor:   NEW Vulcan 1850mm x 1000mm Slider Shower Door - Chrome | £327.0 | showering/shower-enclosures
2026-08-05 17:44:14,021 INFO  scraper.vendor:   NEW Biava Multirail HV Straight 360 x 400mm Matt Black | £39.0 | heating/towel-rails
2026-08-05 17:44:16,443 INFO  scraper.vendor:   NEW Biava Multirail HV Straight 1720 x 750mm Matt Anthracite | £120.0 | heating/towel-rails
2026-08-05 17:44:18,502 INFO  scraper.vendor:   NEW Biava Multirail HV Straight 1720 x 600mm Matt Anthracite | £107.0 | heating/towel-rails
2026-08-05 17:44:20,708 INFO  scraper.vendor:   NEW Biava Multirail HV Straight 1720 x 450mm Matt Anthracite | £94.0 | heating/towel-rails
2026-08-05 17:44:23,352 INFO  scraper.vendor:   NEW Biava Multirail HV Straight 1118 x 750mm Matt Anthracite | £86.0 | heating/towel-rails
2026-08-05 17:44:25,732 INFO  scraper.vendor:   NEW Biava Multirail HV Straight 1118 x 600mm Matt Anthracite | £78.0 | heating/towel-rails
2026-08-05 17:44:28,068 INFO  scraper.vendor:   NEW Biava Multirail HV Straight 1118 x 450mm Matt Anthracite | £70.0 | heating/towel-rails
2026-08-05 17:44:30,123 INFO  scraper.vendor:   NEW Corinium Round 1200 x 500 Towel Rail Chrome | £255.0 | heating/towel-rails
2026-08-05 17:44:32,780 INFO  scraper.vendor:   NEW Tuscan Round 800 x 600 Towel Rail Matt Anthracite | £131.0 | heating/towel-rails
2026-08-05 17:44:35,136 INFO  scraper.vendor:   NEW Corinium Round 800 x 600 Towel Rail Chrome | £207.0 | heating/towel-rails
2026-08-05 17:44:37,314 INFO  scraper.vendor:   NEW Corinium Round 800 x 500 Towel Rail Chrome | £180.0 | heating/towel-rails
2026-08-05 17:44:39,899 INFO  scraper.vendor:   NEW Tuscan Round 800 x 500 Towel Rail Matt Anthracite | £112.0 | heating/towel-rails
2026-08-05 17:44:42,143 INFO  scraper.vendor:   NEW Corinium Round 1800 x 600 Towel Rail Matt Black | £246.0 | heating/towel-rails
2026-08-05 17:44:44,257 INFO  scraper.vendor:   NEW Tuscan Round 1800 x 600 Towel Rail Matt Grey | £230.0 | heating/towel-rails
2026-08-05 17:44:46,159 INFO  scraper.vendor:   NEW Corinium Round 1800 x 500 Towel Rail Matt Black | £212.0 | heating/towel-rails
2026-08-05 17:44:48,249 INFO  scraper.vendor:   NEW Tuscan Round 1800 x 500 Towel Rail Matt Grey | £200.0 | heating/towel-rails
2026-08-05 17:44:50,439 INFO  scraper.vendor:   NEW Corinium Round 1200 x 600 Towel Rail Matt Black | £178.0 | heating/towel-rails
2026-08-05 17:44:53,103 INFO  scraper.vendor:   NEW Tuscan Round 1200 x 600 Towel Rail Matt Grey | £167.0 | heating/towel-rails
2026-08-05 17:44:55,319 INFO  scraper.vendor:   NEW Corinium Round 1200 x 500 Towel Rail Matt Black | £154.0 | heating/towel-rails
2026-08-05 17:44:57,982 INFO  scraper.vendor:   NEW Tuscan Round 1200 x 500 Towel Rail Matt Grey | £144.0 | heating/towel-rails
2026-08-05 17:44:59,972 INFO  scraper.vendor:   NEW Corinium Round 800 x 600 Towel Rail Matt Black | £137.0 | heating/towel-rails
2026-08-05 17:45:02,728 INFO  scraper.vendor:   NEW Tuscan Round 800 x 600 Towel Rail Matt Grey | £131.0 | heating/towel-rails
2026-08-05 17:45:05,180 INFO  scraper.vendor:   NEW Tuscan Round 800 x 500 Towel Rail Matt Grey | £112.0 | heating/towel-rails
2026-08-05 17:45:07,625 INFO  scraper.vendor:   NEW Tuscan Round 1800 x 600 Towel Rail Gloss White | £230.0 | heating/towel-rails
2026-08-05 17:45:10,344 INFO  scraper.vendor:   NEW Tuscan Round 1800 x 500 Towel Rail Gloss White | £200.0 | heating/towel-rails
2026-08-05 17:45:13,104 INFO  scraper.vendor:   NEW Withington 1800 x 470 Aluminium Radiator Matt Cobalt Blue | £479.0 | heating/radiators
2026-08-05 17:45:15,862 INFO  scraper.vendor:   NEW Tuscan Round 1200 x 600 Towel Rail Gloss White | £167.0 | heating/towel-rails
2026-08-05 17:45:18,292 INFO  scraper.vendor:   NEW Tuscan Round 1200 x 500 Towel Rail Gloss White | £144.0 | heating/towel-rails
2026-08-05 17:45:21,062 INFO  scraper.vendor:   NEW Withington 1800 x 375 Aluminium Radiator Matt Cobalt Blue | £397.0 | heating/radiators
2026-08-05 17:45:23,576 INFO  scraper.vendor:   NEW Tuscan Round 800 x 600 Towel Rail Gloss White | £131.0 | heating/towel-rails
2026-08-05 17:45:25,815 INFO  scraper.vendor:   NEW Withington 1800 x 280 Aluminium Radiator Matt Cobalt Blue | £307.0 | heating/radiators
2026-08-05 17:45:28,280 INFO  scraper.vendor:   NEW Tuscan Round 800 x 500 Towel Rail Gloss White | £112.0 | heating/towel-rails
2026-08-05 17:45:30,404 INFO  scraper.vendor:   NEW Corinium Round 1800 x 600 Towel Rail Chrome | £395.0 | heating/towel-rails
2026-08-05 17:45:32,693 INFO  scraper.vendor:   NEW Tuscan Round 1800 x 600 Towel Rail Chrome | £370.0 | heating/towel-rails
2026-08-05 17:45:35,230 INFO  scraper.vendor:   NEW Corinium Round 1800 x 500 Towel Rail Chrome | £340.0 | heating/towel-rails
2026-08-05 17:45:37,177 INFO  scraper.vendor:   NEW Tuscan Round 1800 x 500 Towel Rail Chrome | £320.0 | heating/towel-rails
2026-08-05 17:45:39,668 INFO  scraper.vendor:   NEW Corinium Round 1200 x 600 Towel Rail Chrome | £296.0 | heating/towel-rails
2026-08-05 17:45:41,946 INFO  scraper.vendor:   NEW Tuscan Round 1200 x 600 Towel Rail Chrome | £278.0 | heating/towel-rails
2026-08-05 17:45:44,510 INFO  scraper.vendor:   NEW Tuscan Round 1200 x 500 Towel Rail Chrome | £239.0 | heating/towel-rails
2026-08-05 17:45:47,295 INFO  scraper.vendor:   NEW Tuscan Round 800 x 600 Towel Rail Chrome | £191.0 | heating/towel-rails
2026-08-05 17:45:49,646 INFO  scraper.vendor:   NEW Tuscan Round 800 x 500 Towel Rail Chrome | £165.0 | heating/towel-rails
2026-08-05 17:45:51,943 INFO  scraper.vendor:   NEW Tuscan Round 1800 x 600 Towel Rail Matt Black | £230.0 | heating/towel-rails
2026-08-05 17:45:54,163 INFO  scraper.vendor:   NEW Tuscan Round 1800 x 500 Towel Rail Matt Black | £200.0 | heating/towel-rails
2026-08-05 17:45:56,543 INFO  scraper.vendor:   NEW Tuscan Round 1200 x 600 Towel Rail Matt Black | £167.0 | heating/towel-rails
2026-08-05 17:45:59,377 INFO  scraper.vendor:   NEW Tuscan Round 1200 x 500 Towel Rail Matt Black | £144.0 | heating/towel-rails
2026-08-05 17:46:01,721 INFO  scraper.vendor:   NEW Tuscan Round 800 x 600 Towel Rail Matt Black | £131.0 | heating/towel-rails
2026-08-05 17:46:04,229 INFO  scraper.vendor:   NEW Tuscan Round 800 x 500 Towel Rail Matt Black | £112.0 | heating/towel-rails
2026-08-05 17:46:06,895 INFO  scraper.vendor:   NEW Tuscan Round 1800 x 600 Towel Rail Matt Anthracite | £230.0 | heating/towel-rails
2026-08-05 17:46:09,393 INFO  scraper.vendor:   NEW Tuscan Round 1800 x 500 Towel Rail Matt Anthracite | £200.0 | heating/towel-rails
2026-08-05 17:46:11,838 INFO  scraper.vendor:   NEW Tuscan Round 1200 x 600 Towel Rail Matt Anthracite | £167.0 | heating/towel-rails
2026-08-05 17:46:14,316 INFO  scraper.vendor:   NEW Tuscan Round 1200 x 500 Towel Rail Matt Anthracite | £144.0 | heating/towel-rails
2026-08-05 17:46:16,856 INFO  scraper.vendor:   NEW Corinium Round 800 x 600 Towel Rail Gloss White | £137.0 | heating/towel-rails
2026-08-05 17:46:18,974 INFO  scraper.vendor:   NEW Deddington 1800 x 550 Radiator Matt Black | £607.0 | heating/radiators
2026-08-05 17:46:20,999 INFO  scraper.vendor:   NEW Tordino Towel Hanger 470mm Matt Grey | £74.0 | accessories
2026-08-05 17:46:23,226 INFO  scraper.vendor:   NEW Corinium Round 800 x 500 Towel Rail Gloss White | £119.0 | heating/towel-rails
2026-08-05 17:46:25,522 INFO  scraper.vendor:   NEW Deddington 1800 x 470 Radiator Matt Black | £542.0 | heating/radiators
2026-08-05 17:46:28,529 INFO  scraper.vendor:   NEW Tordino Towel Hanger 375mm Matt Grey | £66.0 | accessories
2026-08-05 17:46:31,070 INFO  scraper.vendor:   NEW Tunstall 600 x 1061 Radiator Matt Black | £271.0 | heating/radiators
2026-08-05 17:46:33,330 INFO  scraper.vendor:   NEW Deddington Vertical 550mm Towel Hanger Chrome | £73.0 | accessories
2026-08-05 17:46:35,853 INFO  scraper.vendor:   NEW Deddington Vertical 390mm Towel Hanger Chrome | £67.0 | accessories
2026-08-05 17:46:38,454 INFO  scraper.vendor:   NEW Tordino Towel Hanger 280mm Matt Grey | £62.0 | accessories
2026-08-05 17:46:40,560 INFO  scraper.vendor:   NEW Deddington 1800 x 390 Radiator Matt Black | £465.0 | heating/radiators
2026-08-05 17:46:42,642 INFO  scraper.vendor:   NEW Deddington Vertical 630mm Towel Hanger Matt Black | £72.0 | accessories
2026-08-05 17:46:44,947 INFO  scraper.vendor:   NEW Tunstall 600 x 1061 Radiator Matt Anthracite | £271.0 | heating/radiators
2026-08-05 17:46:47,381 INFO  scraper.vendor:   NEW Deddington Vertical 550mm Towel Hanger Matt Black | £68.0 | accessories
2026-08-05 17:46:49,688 INFO  scraper.vendor:   NEW Withington 600 x 1230 Aluminium Radiator Matt Cobalt Blue | £580.0 | heating/radiators
2026-08-05 17:46:51,960 INFO  scraper.vendor:   NEW Deddington 1800 x 310 Radiator Matt Black | £381.0 | heating/radiators
2026-08-05 17:46:53,932 INFO  scraper.vendor:   NEW Deddington Vertical 470mm Towel Hanger Matt Black | £65.0 | accessories
2026-08-05 17:46:55,992 INFO  scraper.vendor:   NEW Tunstall 600 x 1061 Radiator Matt White | £271.0 | heating/radiators
2026-08-05 17:46:58,274 INFO  scraper.vendor:   NEW Deddington 1800 x 550 Radiator Matt Anthracite | £607.0 | heating/radiators
2026-08-05 17:47:00,430 INFO  scraper.vendor:   NEW Deddington Vertical 390mm Towel Hanger Matt Black | £62.0 | accessories
2026-08-05 17:47:02,810 INFO  scraper.vendor:   NEW Withington 600 x 1040 Aluminium Radiator Matt Cobalt Blue | £493.0 | heating/radiators
2026-08-05 17:47:04,952 INFO  scraper.vendor:   NEW Deddington Vertical 310mm Towel Hanger Matt Black | £60.0 | accessories
2026-08-05 17:47:06,929 INFO  scraper.vendor:   NEW Tunstall 600 x 648 Radiator Matt Black | £167.0 | heating/radiators
2026-08-05 17:47:09,174 INFO  scraper.vendor:   NEW Deddington 1800 x 390 Radiator Matt Anthracite | £465.0 | heating/radiators
2026-08-05 17:47:11,432 INFO  scraper.vendor:   NEW Corinium Round 800 x 500 Towel Rail Matt Black | £119.0 | heating/towel-rails
2026-08-05 17:47:14,090 INFO  scraper.vendor:   NEW Rowsham 800 x 500mm Towel Rail Matt White | £228.0 | heating/towel-rails
2026-08-05 17:47:16,337 INFO  scraper.vendor:   NEW Deddington Vertical 550mm Towel Hanger Matt Anthracite | £68.0 | accessories
2026-08-05 17:47:18,920 INFO  scraper.vendor:   NEW Withington 600 x 850 Aluminium Radiator Matt Cobalt Blue | £415.0 | heating/radiators
2026-08-05 17:47:20,841 INFO  scraper.vendor:   NEW Corinium Round 1800 x 600 Towel Rail Matt Anthracite | £246.0 | heating/towel-rails
2026-08-05 17:47:22,972 INFO  scraper.vendor:   NEW Deddington Vertical 390mm Towel Hanger Matt Anthracite | £62.0 | accessories
2026-08-05 17:47:25,106 INFO  scraper.vendor:   NEW Deddington 1800 x 550 Radiator Gloss White | £607.0 | heating/radiators
2026-08-05 17:47:27,203 INFO  scraper.vendor:   NEW Tunstall 600 x 648 Radiator Matt Anthracite | £167.0 | heating/radiators
2026-08-05 17:47:30,083 INFO  scraper.vendor:   NEW Reinbach 1800 x 600mm Towel Rail Matt Black | £480.0 | heating/towel-rails
2026-08-05 17:47:32,968 INFO  scraper.vendor:   NEW Deddington Vertical 550mm Towel Hanger Gloss White | £68.0 | accessories
2026-08-05 17:47:34,877 INFO  scraper.vendor:   NEW Withington 600 x 660 Aluminium Radiator Matt Cobalt Blue | £332.0 | heating/radiators
2026-08-05 17:47:37,274 INFO  scraper.vendor:   NEW Corinium Round 1800 x 500 Towel Rail Matt Anthracite | £212.0 | heating/towel-rails
2026-08-05 17:47:39,210 INFO  scraper.vendor:   NEW Deddington 1800 x 390 Radiator Gloss White | £465.0 | heating/radiators
2026-08-05 17:47:41,309 INFO  scraper.vendor:   NEW Vesima Towel Hanger 603mm Chrome | £77.0 | accessories
2026-08-05 17:47:43,635 INFO  scraper.vendor:   NEW Tunstall 600 x 648 Radiator Matt White | £167.0 | heating/radiators
2026-08-05 17:47:45,659 INFO  scraper.vendor:   NEW Withington 600 x 470 Aluminium Radiator Matt Cobalt Blue | £252.0 | heating/radiators
2026-08-05 17:47:47,873 INFO  scraper.vendor:   NEW Deddington Vertical 390mm Towel Hanger Gloss White | £62.0 | accessories
2026-08-05 17:47:50,534 INFO  scraper.vendor:   NEW Reinbach 1800 x 500mm Towel Rail Matt Black | £431.0 | heating/towel-rails
2026-08-05 17:47:52,471 INFO  scraper.vendor:   NEW Vesima Towel Hanger 603mm Matt Black | £86.0 | accessories
2026-08-05 17:47:54,792 INFO  scraper.vendor:   NEW Deddington 600 x 1110 Radiator Chrome | £593.0 | heating/radiators
2026-08-05 17:47:56,820 INFO  scraper.vendor:   NEW Tunstall 600 x 471 Radiator Matt Black | £137.0 | heating/radiators
2026-08-05 17:47:59,404 INFO  scraper.vendor:   NEW Corinium Round 1200 x 600 Towel Rail Matt Anthracite | £178.0 | heating/towel-rails
2026-08-05 17:48:01,946 INFO  scraper.vendor:   NEW Vesima Towel Hanger 603mm Matt Anthracite | £86.0 | accessories
2026-08-05 17:48:04,364 INFO  scraper.vendor:   NEW Deddington 1800 x 500 Towel Rail Matt Cobalt Blue | £576.0 | heating/towel-rails
2026-08-05 17:48:06,720 INFO  scraper.vendor:   NEW Reinbach 1200 x 600mm Towel Rail Matt Black | £377.0 | heating/towel-rails
2026-08-05 17:48:08,525 INFO  scraper.vendor:   NEW Tunstall 600 x 471 Radiator Matt Anthracite | £137.0 | heating/radiators
2026-08-05 17:48:10,670 INFO  scraper.vendor:   NEW Deddington 600 x 550 Radiator Chrome | £362.0 | heating/radiators
2026-08-05 17:48:13,108 INFO  scraper.vendor:   NEW Vesima Towel Hanger 603mm Matt White | £86.0 | accessories
2026-08-05 17:48:15,202 INFO  scraper.vendor:   NEW Reinbach 1800 x 600mm Towel Rail Matt White | £480.0 | heating/towel-rails
2026-08-05 17:48:17,784 INFO  scraper.vendor:   NEW Corinium Round 1200 x 500 Towel Rail Matt Anthracite | £154.0 | heating/towel-rails
2026-08-05 17:48:20,325 INFO  scraper.vendor:   NEW Deddington 600 x 470 Radiator Chrome | £319.0 | heating/radiators
2026-08-05 17:48:22,909 INFO  scraper.vendor:   NEW Rowsham 1800 x 600mm Towel Rail Matt Anthracite | £601.0 | heating/towel-rails
2026-08-05 17:48:25,485 INFO  scraper.vendor:   NEW Reinbach 1200 x 500mm Towel Rail Matt Black | £335.0 | heating/towel-rails
2026-08-05 17:48:27,955 INFO  scraper.vendor:   NEW Deddington 1200 x 500 Towel Rail Matt Cobalt Blue | £404.0 | heating/towel-rails
2026-08-05 17:48:29,988 INFO  scraper.vendor:   NEW Tunstall 600 x 471 Radiator Matt White | £137.0 | heating/radiators
2026-08-05 17:48:32,515 INFO  scraper.vendor:   NEW Platani 1800 x 500mm Towel Rail Matt Grey | £361.0 | heating/towel-rails
2026-08-05 17:48:35,200 INFO  scraper.vendor:   NEW Reinbach 1800 x 500mm Towel Rail Matt White | £431.0 | heating/towel-rails
2026-08-05 17:48:37,913 INFO  scraper.vendor:   NEW Rowsham 1800 x 500mm Towel Rail Matt Anthracite | £519.0 | heating/towel-rails
2026-08-05 17:48:39,983 INFO  scraper.vendor:   NEW Tunstall 1800 x 560 Radiator Chrome | £548.0 | heating/radiators
2026-08-05 17:48:42,367 INFO  scraper.vendor:   NEW Deddington 600 x 390 Radiator Chrome | £272.0 | heating/radiators
2026-08-05 17:48:44,976 INFO  scraper.vendor:   NEW Corinium Round 800 x 600 Towel Rail Matt Anthracite | £137.0 | heating/towel-rails
2026-08-05 17:48:47,367 INFO  scraper.vendor:   NEW Platani 1150 x 600mm Towel Rail Matt Grey | £321.0 | heating/towel-rails
2026-08-05 17:48:49,685 INFO  scraper.vendor:   NEW Reinbach 800 x 600mm Towel Rail Matt Black | £273.0 | heating/towel-rails
2026-08-05 17:48:51,973 INFO  scraper.vendor:   NEW Reinbach 1200 x 600mm Towel Rail Matt White | £377.0 | heating/towel-rails
2026-08-05 17:48:54,285 INFO  scraper.vendor:   NEW Rowsham 1200 x 600mm Towel Rail Matt Anthracite | £434.0 | heating/towel-rails
2026-08-05 17:48:56,808 INFO  scraper.vendor:   NEW Deddington 800 x 500 Towel Rail Matt Cobalt Blue | £311.0 | heating/towel-rails
2026-08-05 17:48:59,025 INFO  scraper.vendor:   NEW Tunstall 1800 x 560 Radiator Matt Black | £323.0 | heating/radiators
2026-08-05 17:49:01,307 INFO  scraper.vendor:   NEW Platani 1150 x 500mm Towel Rail Matt Grey | £285.0 | heating/towel-rails
2026-08-05 17:49:03,778 INFO  scraper.vendor:   NEW Rowsham 1200 x 500mm Towel Rail Matt Anthracite | £375.0 | heating/towel-rails
2026-08-05 17:49:06,226 INFO  scraper.vendor:   NEW Deddington 600 x 1270 Radiator Matt Cobalt Blue | £496.0 | heating/radiators
2026-08-05 17:49:08,613 INFO  scraper.vendor:   NEW Santero 1200 x 600mm Towel Rail Matt Anthracite | £364.0 | heating/towel-rails
2026-08-05 17:49:10,969 INFO  scraper.vendor:   NEW Reinbach 800 x 500mm Towel Rail Matt Black | £246.0 | heating/towel-rails
2026-08-05 17:49:13,285 INFO  scraper.vendor:   NEW Reinbach 1200 x 500mm Towel Rail Matt White | £335.0 | heating/towel-rails
2026-08-05 17:49:15,400 INFO  scraper.vendor:   NEW Corinium Round 800 x 500 Towel Rail Matt Anthracite | £119.0 | heating/towel-rails
2026-08-05 17:49:18,185 INFO  scraper.vendor:   NEW Deddington 1800 x 500 Towel Rail Matt Black | £576.0 | heating/towel-rails
2026-08-05 17:49:20,290 INFO  scraper.vendor:   NEW Rowsham 800 x 600mm Towel Rail Matt Anthracite | £263.0 | heating/towel-rails
2026-08-05 17:49:22,545 INFO  scraper.vendor:   NEW Tunstall 1800 x 560 Radiator Matt Anthracite | £323.0 | heating/radiators
2026-08-05 17:49:24,569 INFO  scraper.vendor:   NEW Platani 800 x 600mm Towel Rail Matt Grey | £231.0 | heating/towel-rails
2026-08-05 17:49:26,527 INFO  scraper.vendor:   NEW Deddington 600 x 950 Radiator Matt Cobalt Blue | £436.0 | heating/radiators
2026-08-05 17:49:29,164 INFO  scraper.vendor:   NEW Santero 1200 x 500mm Towel Rail Matt Anthracite | £311.0 | heating/towel-rails
2026-08-05 17:49:31,819 INFO  scraper.vendor:   NEW Reinbach 1800 x 600mm Towel Rail Matt Anthracite | £480.0 | heating/towel-rails
2026-08-05 17:49:34,613 INFO  scraper.vendor:   NEW Reinbach 800 x 600mm Towel Rail Matt White | £273.0 | heating/towel-rails
2026-08-05 17:49:36,803 INFO  scraper.vendor:   NEW Rowsham 800 x 500mm Towel Rail Matt Anthracite | £228.0 | heating/towel-rails
2026-08-05 17:49:39,030 INFO  scraper.vendor:   NEW Tunstall 1800 x 560 Radiator Matt White | £323.0 | heating/radiators
2026-08-05 17:49:41,546 INFO  scraper.vendor:   NEW Corinium Round 1800 x 600 Towel Rail Matt Grey | £246.0 | heating/towel-rails
2026-08-05 17:49:43,723 INFO  scraper.vendor:   NEW Platani 800 x 500mm Towel Rail Matt Grey | £207.0 | heating/towel-rails
2026-08-05 17:49:46,133 INFO  scraper.vendor:   NEW Reinbach 1800 x 500mm Towel Rail Matt Anthracite | £431.0 | heating/towel-rails
2026-08-05 17:49:48,296 INFO  scraper.vendor:   NEW Deddington 1200 x 500 Towel Rail Matt Black | £404.0 | heating/towel-rails
2026-08-05 17:49:50,498 INFO  scraper.vendor:   NEW Santero 800 x 600mm Towel Rail Matt Anthracite | £283.0 | heating/towel-rails
2026-08-05 17:49:53,028 INFO  scraper.vendor:   NEW Rowsham 1800 x 600mm Towel Rail Matt White | £601.0 | heating/towel-rails
2026-08-05 17:49:54,815 INFO  scraper.vendor:   NEW Deddington 600 x 790 Radiator Matt Cobalt Blue | £386.0 | heating/radiators
2026-08-05 17:49:56,744 INFO  scraper.vendor:   NEW Tunstall 1800 x 490 Radiator Chrome | £497.0 | heating/radiators
2026-08-05 17:49:59,094 INFO  scraper.vendor:   NEW Deddington 800 x 500 Towel Rail Matt Black | £311.0 | heating/towel-rails
2026-08-05 17:50:01,309 INFO  scraper.vendor:   NEW Reinbach 800 x 500mm Towel Rail Matt White | £246.0 | heating/towel-rails
2026-08-05 17:50:04,194 INFO  scraper.vendor:   NEW Platani 1800 x 600mm Towel Rail Matt White | £404.0 | heating/towel-rails
2026-08-05 17:50:06,743 INFO  scraper.vendor:   NEW Reinbach 1200 x 600mm Towel Rail Matt Anthracite | £377.0 | heating/towel-rails
2026-08-05 17:50:09,452 INFO  scraper.vendor:   NEW Rowsham 1800 x 500mm Towel Rail Matt White | £519.0 | heating/towel-rails
2026-08-05 17:50:12,013 INFO  scraper.vendor:   NEW Corinium Round 1800 x 500 Towel Rail Matt Grey | £212.0 | heating/towel-rails
2026-08-05 17:50:14,216 INFO  scraper.vendor:   NEW Santero 800 x 500mm Towel Rail Matt Anthracite | £241.0 | heating/towel-rails
2026-08-05 17:50:16,760 INFO  scraper.vendor:   NEW Platani 1800 x 600mm Towel Rail Chrome | £566.0 | heating/towel-rails
2026-08-05 17:50:19,186 INFO  scraper.vendor:   NEW Tunstall 1800 x 490 Radiator Matt Black | £278.0 | heating/radiators
2026-08-05 17:50:21,414 INFO  scraper.vendor:   NEW Deddington 600 x 630 Radiator Matt Cobalt Blue | £323.0 | heating/radiators
2026-08-05 17:50:23,679 INFO  scraper.vendor:   NEW Platani 1800 x 500mm Towel Rail Matt White | £361.0 | heating/towel-rails
2026-08-05 17:50:26,042 INFO  scraper.vendor:   NEW Rowsham 1200 x 600mm Towel Rail Matt White | £434.0 | heating/towel-rails
2026-08-05 17:50:28,522 INFO  scraper.vendor:   NEW Deddington 1800 x 550 Radiator Chrome | £758.0 | heating/radiators
2026-08-05 17:50:30,933 INFO  scraper.vendor:   NEW Reinbach 1200 x 500mm Towel Rail Matt Anthracite | £335.0 | heating/towel-rails
2026-08-05 17:50:33,480 INFO  scraper.vendor:   NEW Santero 1800 x 600mm Towel Rail Gloss White | £503.0 | heating/towel-rails
2026-08-05 17:50:35,607 INFO  scraper.vendor:   NEW Platani 1150 x 600mm Towel Rail Matt White | £321.0 | heating/towel-rails
2026-08-05 17:50:37,709 INFO  scraper.vendor:   NEW Platani 1800 x 500mm Towel Rail Chrome | £507.0 | heating/towel-rails
2026-08-05 17:50:40,063 INFO  scraper.vendor:   NEW Corinium Round 1200 x 600 Towel Rail Matt Grey | £178.0 | heating/towel-rails
2026-08-05 17:50:42,372 INFO  scraper.vendor:   NEW Tunstall 1800 x 490 Radiator Matt Anthracite | £278.0 | heating/radiators
2026-08-05 17:50:44,764 INFO  scraper.vendor:   NEW Rowsham 1200 x 500mm Towel Rail Matt White | £375.0 | heating/towel-rails
2026-08-05 17:50:46,997 INFO  scraper.vendor:   NEW Deddington 600 x 1270 Radiator Matt Black | £496.0 | heating/radiators
2026-08-05 17:50:49,236 INFO  scraper.vendor:   NEW Platani 1150 x 500mm Towel Rail Matt White | £285.0 | heating/towel-rails
2026-08-05 17:50:51,845 INFO  scraper.vendor:   NEW Reinbach 800 x 600mm Towel Rail Matt Anthracite | £273.0 | heating/towel-rails
2026-08-05 17:50:54,433 INFO  scraper.vendor:   NEW Rowsham 800 x 600mm Towel Rail Matt White | £263.0 | heating/towel-rails
2026-08-05 17:50:56,584 INFO  scraper.vendor:   NEW Deddington 1800 x 390 Radiator Chrome | £576.0 | heating/radiators
2026-08-05 17:50:58,973 INFO  scraper.vendor:   NEW Platani 1150 x 600mm Towel Rail Chrome | £409.0 | heating/towel-rails
2026-08-05 17:51:01,433 INFO  scraper.vendor:   NEW Santero 1800 x 500mm Towel Rail Gloss White | £431.0 | heating/towel-rails
2026-08-05 17:51:03,962 INFO  scraper.vendor:   NEW Deddington 600 x 950 Radiator Matt Black | £436.0 | heating/radiators
2026-08-05 17:51:06,658 INFO  scraper.vendor:   NEW Corinium Round 1200 x 500 Towel Rail Matt Grey | £154.0 | heating/towel-rails
2026-08-05 17:51:08,711 INFO  scraper.vendor:   NEW Platani 800 x 600mm Towel Rail Matt White | £231.0 | heating/towel-rails
2026-08-05 17:51:10,824 INFO  scraper.vendor:   NEW Reinbach 800 x 500mm Towel Rail Matt Anthracite | £246.0 | heating/towel-rails
2026-08-05 17:51:13,371 INFO  scraper.vendor:   NEW Platani 1150 x 500mm Towel Rail Chrome | £364.0 | heating/towel-rails
2026-08-05 17:51:15,861 INFO  scraper.vendor:   NEW Santero 1200 x 600mm Towel Rail Gloss White | £364.0 | heating/towel-rails
2026-08-05 17:51:18,237 INFO  scraper.vendor:   NEW Deddington 1800 x 630 Radiator Matt Cobalt Blue | £668.0 | heating/radiators
2026-08-05 17:51:20,819 INFO  scraper.vendor:   NEW Deddington 600 x 790 Radiator Matt Black | £386.0 | heating/radiators
2026-08-05 17:51:23,228 INFO  scraper.vendor:   NEW Platani 800 x 500mm Towel Rail Matt White | £207.0 | heating/towel-rails
2026-08-05 17:51:25,859 INFO  scraper.vendor:   NEW Platani 800 x 600mm Towel Rail Chrome | £297.0 | heating/towel-rails
2026-08-05 17:51:28,291 INFO  scraper.vendor:   NEW Corinium Round 800 x 600 Towel Rail Matt Grey | £137.0 | heating/towel-rails
2026-08-05 17:51:30,211 INFO  scraper.vendor:   NEW Reinbach 1800 x 600mm Towel Rail Matt Grey | £480.0 | heating/towel-rails
2026-08-05 17:51:32,094 INFO  scraper.vendor:   NEW Santero 1800 x 600mm Towel Rail Chrome | £622.0 | heating/towel-rails
2026-08-05 17:51:34,641 INFO  scraper.vendor:   NEW Santero 1200 x 500mm Towel Rail Gloss White | £311.0 | heating/towel-rails
2026-08-05 17:51:36,715 INFO  scraper.vendor:   NEW Deddington 600 x 630 Radiator Matt Black | £323.0 | heating/radiators
2026-08-05 17:51:38,745 INFO  scraper.vendor:   NEW Deddington 1800 x 470 Radiator Matt Cobalt Blue | £542.0 | heating/radiators
2026-08-05 17:51:41,180 INFO  scraper.vendor:   NEW Platani 800 x 500mm Towel Rail Chrome | £264.0 | heating/towel-rails
2026-08-05 17:51:43,411 INFO  scraper.vendor:   NEW Corinium Round 800 x 500 Towel Rail Matt Grey | £119.0 | heating/towel-rails
2026-08-05 17:51:45,906 INFO  scraper.vendor:   NEW Reinbach 1800 x 500mm Towel Rail Matt Grey | £431.0 | heating/towel-rails
2026-08-05 17:51:48,512 INFO  scraper.vendor:   NEW Santero 1800 x 500mm Towel Rail Chrome | £531.0 | heating/towel-rails
2026-08-05 17:51:50,614 INFO  scraper.vendor:   NEW Deddington 600 x 1110 Radiator Matt Anthracite | £474.0 | heating/radiators
2026-08-05 17:51:52,781 INFO  scraper.vendor:   NEW Deddington 1800 x 310 Radiator Matt Cobalt Blue | £381.0 | heating/radiators
2026-08-05 17:51:55,142 INFO  scraper.vendor:   NEW Platani 1800 x 600mm Towel Rail Matt Black | £404.0 | heating/towel-rails
2026-08-05 17:51:57,304 INFO  scraper.vendor:   NEW Santero 1200 x 600mm Towel Rail Chrome | £459.0 | heating/towel-rails
2026-08-05 17:51:59,756 INFO  scraper.vendor:   NEW Corinium Round 1800 x 600 Towel Rail Gloss White | £246.0 | heating/towel-rails
2026-08-05 17:52:02,309 INFO  scraper.vendor:   NEW Reinbach 1200 x 600mm Towel Rail Matt Grey | £377.0 | heating/towel-rails
2026-08-05 17:52:04,785 INFO  scraper.vendor:   NEW Deddington 600 x 550 Radiator Matt Anthracite | £289.0 | heating/radiators
2026-08-05 17:52:06,592 INFO  scraper.vendor:   NEW Santero 1200 x 500mm Towel Rail Chrome | £392.0 | heating/towel-rails
2026-08-05 17:52:09,325 INFO  scraper.vendor:   NEW Platani 1800 x 500mm Towel Rail Matt Black | £361.0 | heating/towel-rails
2026-08-05 17:52:11,394 INFO  scraper.vendor:   NEW Reinbach 1200 x 500mm Towel Rail Matt Grey | £335.0 | heating/towel-rails
2026-08-05 17:52:13,930 INFO  scraper.vendor:   NEW Deddington 1800 x 630 Radiator Matt Black | £668.0 | heating/radiators
2026-08-05 17:52:16,263 INFO  scraper.vendor:   NEW Corinium Round 1800 x 500 Towel Rail Gloss White | £212.0 | heating/towel-rails
2026-08-05 17:52:18,764 INFO  scraper.vendor:   NEW Santero 800 x 600mm Towel Rail Chrome | £378.0 | heating/towel-rails
2026-08-05 17:52:20,739 INFO  scraper.vendor:   NEW Platani 1150 x 600mm Towel Rail Matt Black | £321.0 | heating/towel-rails
2026-08-05 17:52:22,762 INFO  scraper.vendor:   NEW Deddington 600 x 470 Radiator Matt Anthracite | £255.0 | heating/radiators
2026-08-05 17:52:25,018 INFO  scraper.vendor:   NEW Reinbach 800 x 600mm Towel Rail Matt Grey | £273.0 | heating/towel-rails
2026-08-05 17:52:27,548 INFO  scraper.vendor:   NEW Santero 800 x 500mm Towel Rail Chrome | £324.0 | heating/towel-rails
2026-08-05 17:52:29,783 INFO  scraper.vendor:   NEW Corinium Round 1200 x 600 Towel Rail Gloss White | £178.0 | heating/towel-rails
2026-08-05 17:52:32,057 INFO  scraper.vendor:   NEW Platani 1150 x 500mm Towel Rail Matt Black | £285.0 | heating/towel-rails
2026-08-05 17:52:34,645 INFO  scraper.vendor:   NEW Reinbach 800 x 500mm Towel Rail Matt Grey | £246.0 | heating/towel-rails
2026-08-05 17:52:36,665 INFO  scraper.vendor:   NEW Deddington 600 x 390 Radiator Matt Anthracite | £217.0 | heating/radiators
2026-08-05 17:52:39,133 INFO  scraper.vendor:   NEW Santero 1800 x 600mm Towel Rail Matt Black | £503.0 | heating/towel-rails
2026-08-05 17:52:41,293 INFO  scraper.vendor:   NEW Platani 800 x 600mm Towel Rail Matt Black | £231.0 | heating/towel-rails
2026-08-05 17:52:43,576 INFO  scraper.vendor:   NEW Corinium Round 1200 x 500 Towel Rail Gloss White | £154.0 | heating/towel-rails
2026-08-05 17:52:45,823 INFO  scraper.vendor:   NEW Reinbach 1800 x 600mm Towel Rail Matt Cappuccino | £480.0 | heating/towel-rails
2026-08-05 17:52:48,235 INFO  scraper.vendor:   NEW Deddington 600 x 1110 Radiator Gloss White | £474.0 | heating/radiators
2026-08-05 17:52:50,737 INFO  scraper.vendor:   NEW Santero 1800 x 500mm Towel Rail Matt Black | £431.0 | heating/towel-rails
2026-08-05 17:52:52,971 INFO  scraper.vendor:   NEW Platani 800 x 500mm Towel Rail Matt Black | £207.0 | heating/towel-rails
2026-08-05 17:52:55,374 INFO  scraper.vendor:   NEW Santero 1200 x 600mm Towel Rail Matt Black | £364.0 | heating/towel-rails
2026-08-05 17:52:57,798 INFO  scraper.vendor:   NEW Reinbach 1800 x 500mm Towel Rail Matt Cappuccino | £431.0 | heating/towel-rails
2026-08-05 17:53:00,250 INFO  scraper.vendor:   NEW Santero 1200 x 500mm Towel Rail Matt Black | £311.0 | heating/towel-rails
2026-08-05 17:53:02,807 INFO  scraper.vendor:   NEW Platani 1800 x 600mm Towel Rail Matt Anthracite | £404.0 | heating/towel-rails
2026-08-05 17:53:05,009 INFO  scraper.vendor:   NEW Reinbach 1200 x 600mm Towel Rail Matt Cappuccino | £377.0 | heating/towel-rails
2026-08-05 17:53:07,492 INFO  scraper.vendor:   NEW Santero 800 x 600mm Towel Rail Matt Black | £283.0 | heating/towel-rails
2026-08-05 17:53:09,548 INFO  scraper.vendor:   NEW Reinbach 1200 x 500mm Towel Rail Matt Cappuccino | £335.0 | heating/towel-rails
2026-08-05 17:53:12,075 INFO  scraper.vendor:   NEW Platani 1800 x 500mm Towel Rail Matt Anthracite | £361.0 | heating/towel-rails
2026-08-05 17:53:14,299 INFO  scraper.vendor:   NEW Santero 800 x 500mm Towel Rail Matt Black | £241.0 | heating/towel-rails
2026-08-05 17:53:16,777 INFO  scraper.vendor:   NEW Santero 1800 x 600mm Towel Rail Matt Anthracite | £503.0 | heating/towel-rails
2026-08-05 17:53:19,120 INFO  scraper.vendor:   NEW Reinbach 800 x 600mm Towel Rail Matt Cappuccino | £273.0 | heating/towel-rails
2026-08-05 17:53:21,145 INFO  scraper.vendor:   NEW Platani 1150 x 600mm Towel Rail Matt Anthracite | £321.0 | heating/towel-rails
2026-08-05 17:53:23,547 INFO  scraper.vendor:   NEW Santero 1800 x 500mm Towel Rail Matt Anthracite | £431.0 | heating/towel-rails
2026-08-05 17:53:25,481 INFO  scraper.vendor:   NEW Reinbach 800 x 500mm Towel Rail Matt Cappuccino | £246.0 | heating/towel-rails
2026-08-05 17:53:27,933 INFO  scraper.vendor:   NEW Platani 1150 x 500mm Towel Rail Matt Anthracite | £285.0 | heating/towel-rails
2026-08-05 17:53:30,537 INFO  scraper.vendor:   NEW Platani 800 x 600mm Towel Rail Matt Anthracite | £231.0 | heating/towel-rails
2026-08-05 17:53:33,176 INFO  scraper.vendor:   NEW Platani 800 x 500mm Towel Rail Matt Anthracite | £207.0 | heating/towel-rails
2026-08-05 17:53:35,813 INFO  scraper.vendor:   NEW Platani 1800 x 600mm Towel Rail Matt Grey | £404.0 | heating/towel-rails
2026-08-05 17:53:37,852 INFO  scraper.vendor:   NEW Tunstall 1800 x 490 Radiator Matt White | £278.0 | heating/radiators
2026-08-05 17:53:40,245 INFO  scraper.vendor:   NEW Tunstall 1800 x 350 Radiator Chrome | £418.0 | heating/radiators
2026-08-05 17:53:42,166 INFO  scraper.vendor:   NEW Tunstall 1800 x 350 Radiator Matt Black | £199.0 | heating/radiators
2026-08-05 17:53:44,535 INFO  scraper.vendor:   NEW Tunstall 1800 x 350 Radiator Matt Anthracite | £199.0 | heating/radiators
2026-08-05 17:53:46,553 INFO  scraper.vendor:   NEW Tunstall 1800 x 350 Radiator Matt White | £199.0 | heating/radiators
2026-08-05 17:53:48,503 INFO  scraper.vendor:   NEW Tordino Towel Hanger 565mm Matt Grey | £78.0 | accessories
2026-08-05 17:53:50,732 INFO  scraper.vendor:   NEW Tuscan Square Multirail 800 x 500 Gloss White | £135.0 | heating/towel-rails
2026-08-05 17:53:53,082 INFO  scraper.vendor:   NEW Deddington 600 x 550 Radiator Gloss White | £289.0 | heating/radiators
2026-08-05 17:53:55,278 INFO  scraper.vendor:   NEW Deddington 600 x 470 Radiator Gloss White | £255.0 | heating/radiators
2026-08-05 17:53:57,199 INFO  scraper.vendor:   NEW Deddington 600 x 390 Radiator Gloss White | £217.0 | heating/radiators
2026-08-05 17:53:58,876 INFO  scraper.vendor:   NEW Valliant 8mm 1950mm x 800mm Round Pole Walk-In Front Shower  | £398.0 | showering/shower-enclosures
2026-08-05 17:54:01,239 INFO  scraper.vendor:   NEW Corniche Easy Clean 1000x760mm Offset Quadrant Shower Enclos | £932.0 | showering/shower-enclosures
2026-08-05 17:54:02,865 INFO  scraper.vendor:   NEW Valliant 8mm 1950mm x 760mm Round Pole Walk-In Front Shower  | £392.0 | showering/shower-enclosures
2026-08-05 17:54:04,558 INFO  scraper.vendor:   NEW Corniche Easy Clean 900x800mm Offset Quadrant Shower Enclosu | £932.0 | showering/shower-enclosures
2026-08-05 17:54:06,634 INFO  scraper.vendor:   NEW Valliant 8mm 1950mm x 700mm Round Pole Walk-In Front Shower  | £386.0 | showering/shower-enclosures
2026-08-05 17:54:08,740 INFO  scraper.vendor:   NEW Vantage 6mm Easy Clean 1850mm x 760mm Bi-Fold Shower Door -  | £552.0 | showering/shower-enclosures
2026-08-05 17:54:10,909 INFO  scraper.vendor:   NEW Vantage 6mm Easy Clean 1200x760mm Offset Quadrant Shower Enc | £717.0 | showering/shower-enclosures
2026-08-05 17:54:12,980 INFO  scraper.vendor:   NEW Vantage 6mm Easy Clean 1850mm x 700mm Bi-Fold Shower Door -  | £550.0 | showering/shower-enclosures
2026-08-05 17:54:15,043 INFO  scraper.vendor:   NEW Vantage 6mm Easy Clean 1100x900mm Offset Quadrant Shower Enc | £710.0 | showering/shower-enclosures
2026-08-05 17:54:17,288 INFO  scraper.vendor:   NEW Vantage 6mm Easy Clean 1100x800mm Offset Quadrant Shower Enc | £703.0 | showering/shower-enclosures
2026-08-05 17:54:19,458 INFO  scraper.vendor:   NEW Vantage 6mm Easy Clean 1100x760mm Offset Quadrant Shower Enc | £687.0 | showering/shower-enclosures
2026-08-05 17:54:22,059 INFO  scraper.vendor:   NEW Vantage 6mm Easy Clean 1850mm x 1000mm Pivot Shower Door - C | £494.0 | showering/shower-enclosures
2026-08-05 17:54:24,129 INFO  scraper.vendor:   NEW Vantage 8mm Easy Clean 1950mm x 1100mm Walk-In Front Shower  | £748.0 | showering/shower-enclosures
2026-08-05 17:54:26,071 INFO  scraper.vendor:   NEW Valliant 8mm 1850mm x 1400mm Square Pole Walk-In Offset Show | £773.0 | showering/shower-enclosures
2026-08-05 17:54:28,495 INFO  scraper.vendor:   NEW Vantage 8mm Easy Clean 1950mm x 900mm Walk-In Front Shower P | £707.0 | showering/shower-enclosures
2026-08-05 17:54:30,606 INFO  scraper.vendor:   NEW Vantage 6mm Easy Clean 1850mm x 900mm Pivot Shower Door - Ch | £407.0 | showering/shower-enclosures
2026-08-05 17:54:32,999 INFO  scraper.vendor:   NEW Valliant 8mm 1850mm x 1300mm Square Pole Walk-In Offset Show | £731.0 | showering/shower-enclosures
2026-08-05 17:54:35,238 INFO  scraper.vendor:   NEW Vantage 8mm Easy Clean 1950mm x 800mm Walk-In Front Shower P | £680.0 | showering/shower-enclosures
2026-08-05 17:54:37,433 INFO  scraper.vendor:   NEW Vantage 6mm Easy Clean 1850mm x 800mm Pivot Shower Door - Ch | £388.0 | showering/shower-enclosures
2026-08-05 17:54:39,321 INFO  scraper.vendor:   NEW Valliant 8mm 1850mm x 1200mm Square Pole Walk-In Offset Show | £701.0 | showering/shower-enclosures
2026-08-05 17:54:41,446 INFO  scraper.vendor:   NEW Valliant 8mm 1850mm x 1100mm Square Pole Walk-In Offset Show | £654.0 | showering/shower-enclosures
2026-08-05 17:54:43,138 INFO  scraper.vendor:   NEW Vantage 8mm Easy Clean 1950mm x 600mm Walk-In Front Shower P | £643.0 | showering/shower-enclosures
2026-08-05 17:54:45,150 INFO  scraper.vendor:   NEW Vantage 6mm Easy Clean 1850mm x 760mm Pivot Shower Door - Ch | £386.0 | showering/shower-enclosures
2026-08-05 17:54:46,753 INFO  scraper.vendor:   NEW Valliant 8mm 1850mm x 1000mm Square Pole Walk-In Offset Show | £616.0 | showering/shower-enclosures
2026-08-05 17:54:48,798 INFO  scraper.vendor:   NEW Valliant 8mm 1850mm x 1400mm Round Pole Walk-In Offset Showe | £774.0 | showering/shower-enclosures
2026-08-05 17:54:50,909 INFO  scraper.vendor:   NEW Vantage 6mm Easy Clean 1850mm x 700mm Pivot Shower Door - Ch | £373.0 | showering/shower-enclosures
2026-08-05 17:54:52,517 INFO  scraper.vendor:   NEW Valliant 8mm 1850mm x 1300mm Round Pole Walk-In Offset Showe | £735.0 | showering/shower-enclosures
2026-08-05 17:54:54,630 INFO  scraper.vendor:   NEW Corniche Easy Clean 1950mm x 1200mm Slider Shower Door - Chr | £885.0 | showering/shower-enclosures
2026-08-05 17:54:56,749 INFO  scraper.vendor:   NEW Valliant 8mm 1850mm x 1200mm Round Pole Walk-In Offset Showe | £698.0 | showering/shower-enclosures
2026-08-05 17:54:58,968 INFO  scraper.vendor:   NEW Corniche Easy Clean 1950mm x 1700mm Slider Shower Door - Chr | £915.0 | showering/shower-enclosures
2026-08-05 17:55:01,071 INFO  scraper.vendor:   NEW Valliant 8mm 1850mm x 1100mm Round Pole Walk-In Offset Showe | £658.0 | showering/shower-enclosures
2026-08-05 17:55:03,227 INFO  scraper.vendor:   NEW Corniche Easy Clean 1950mm x 1600mm Slider Shower Door - Chr | £880.0 | showering/shower-enclosures
2026-08-05 17:55:05,568 INFO  scraper.vendor:   NEW Valliant 8mm 1850mm x 1000mm Round Pole Walk-In Offset Showe | £618.0 | showering/shower-enclosures
2026-08-05 17:55:07,316 INFO  scraper.vendor:   NEW Corniche Easy Clean 1950mm x 1400mm Slider Shower Door - Chr | £819.0 | showering/shower-enclosures
2026-08-05 17:55:09,235 INFO  scraper.vendor:   NEW Corniche Easy Clean 1950mm x 1200mm Slider Shower Door - Chr | £739.0 | showering/shower-enclosures
2026-08-05 17:55:10,940 INFO  scraper.vendor:   NEW Corniche Easy Clean 900x760mm Offset Quadrant Shower Enclosu | £917.0 | showering/shower-enclosures
2026-08-05 17:55:13,339 INFO  scraper.vendor:   NEW Corniche Easy Clean 1950mm x 1100mm Slider Shower Door - Chr | £720.0 | showering/shower-enclosures
2026-08-05 17:55:15,294 INFO  scraper.vendor:   NEW Corniche Easy Clean 1950mm x 1000mm Slider Shower Door - Chr | £707.0 | showering/shower-enclosures
2026-08-05 17:55:17,418 INFO  scraper.vendor:   NEW Vantage Easy Clean 1850mm x 1700mm Slider Shower Door - Chro | £582.0 | showering/shower-enclosures
2026-08-05 17:55:19,538 INFO  scraper.vendor:   NEW Corniche 8mm Easy Clean 1950mm x 760mm Walk-In End Shower Pa | £397.0 | showering/shower-enclosures
2026-08-05 17:55:21,829 INFO  scraper.vendor:   NEW Vantage 6mm Easy Clean 1400x760mm Offset Quadrant Shower Enc | £710.0 | showering/shower-enclosures
2026-08-05 17:55:24,338 INFO  scraper.vendor:   NEW Vantage Easy Clean 1850mm x 1600mm Slider Shower Door - Chro | £570.0 | showering/shower-enclosures
2026-08-05 17:55:26,378 INFO  scraper.vendor:   NEW Vulcan 5mm 1850mm x 900mm Bi-Fold Shower Door - Chrome | £314.0 | showering/shower-enclosures
2026-08-05 17:55:28,551 INFO  scraper.vendor:   NEW Vantage 6mm Easy Clean 1400x800mm Offset Quadrant Shower Enc | £747.0 | showering/shower-enclosures
2026-08-05 17:55:30,498 INFO  scraper.vendor:   NEW Vantage Easy Clean 1850mm x 1400mm Slider Shower Door - Chro | £541.0 | showering/shower-enclosures
2026-08-05 17:55:32,375 INFO  scraper.vendor:   NEW Corniche 8mm Easy Clean 1950mm x 700mm Walk-In End Shower Pa | £380.0 | showering/shower-enclosures
2026-08-05 17:55:34,624 INFO  scraper.vendor:   NEW Vulcan 5mm 1850mm x 800mm Bi-Fold Shower Door - Chrome | £300.0 | showering/shower-enclosures
2026-08-05 17:55:36,699 INFO  scraper.vendor:   NEW Vantage Easy Clean 1850mm x 1200mm Slider Shower Door - Chro | £516.0 | showering/shower-enclosures
2026-08-05 17:55:38,523 INFO  scraper.vendor:   NEW Vulcan 5mm 1850mm x 760mm Bi-Fold Shower Door - Chrome | £294.0 | showering/shower-enclosures
2026-08-05 17:55:40,389 INFO  scraper.vendor:   NEW Vantage Easy Clean 1850mm x 1100mm Slider Shower Door - Chro | £501.0 | showering/shower-enclosures
2026-08-05 17:55:42,456 INFO  scraper.vendor:   NEW Corniche 8mm Easy Clean 1950mm x 800mm Walk-In End Shower Pa | £428.0 | showering/shower-enclosures
2026-08-05 17:55:44,395 INFO  scraper.vendor:   NEW Vulcan 5mm 1850mm x 700mm Bi-Fold Shower Door - Chrome | £286.0 | showering/shower-enclosures
2026-08-05 17:55:46,483 INFO  scraper.vendor:   NEW Vantage Easy Clean 1850mm x 1000mm Slider Shower Door - Chro | £494.0 | showering/shower-enclosures
2026-08-05 17:55:48,715 INFO  scraper.vendor:   NEW Valliant 8mm 1950mm x 1400mm Round Pole Walk-In Front Shower | £471.0 | showering/shower-enclosures
2026-08-05 17:55:51,094 INFO  scraper.vendor:   NEW Corniche 8mm Easy Clean 1950mm x 1150mm Walk-In Front Shower | £515.0 | showering/shower-enclosures
2026-08-05 17:55:52,758 INFO  scraper.vendor:   NEW Corniche Easy Clean 1200x900mm Offset Quadrant Shower Enclos | £1031.0 | showering/shower-enclosures
2026-08-05 17:55:54,823 INFO  scraper.vendor:   NEW Valliant 8mm 1950mm x 1200mm Round Pole Walk-In Front Shower | £456.0 | showering/shower-enclosures
2026-08-05 17:55:56,774 INFO  scraper.vendor:   NEW Corniche Easy Clean 1200x800mm Offset Quadrant Shower Enclos | £1004.0 | showering/shower-enclosures
2026-08-05 17:55:59,112 INFO  scraper.vendor:   NEW Corniche 8mm Easy Clean 1950mm x 950mm Walk-In Front Shower  | £472.0 | showering/shower-enclosures
2026-08-05 17:56:01,227 INFO  scraper.vendor:   NEW Valliant 8mm 1950mm x 1000mm Round Pole Walk-In Front Shower | £432.0 | showering/shower-enclosures
2026-08-05 17:56:03,479 INFO  scraper.vendor:   NEW Corniche Easy Clean 1000x900mm Offset Quadrant Shower Enclos | £982.0 | showering/shower-enclosures
2026-08-05 17:56:05,485 INFO  scraper.vendor:   NEW Valliant 8mm 1950mm x 900mm Round Pole Walk-In Front Shower  | £411.0 | showering/shower-enclosures
2026-08-05 17:56:07,335 INFO  scraper.vendor:   NEW Corniche 8mm Easy Clean 1950mm x 850mm Walk-In End Shower Pa | £456.0 | showering/shower-enclosures
2026-08-05 17:56:09,460 INFO  scraper.vendor:   NEW Corniche Easy Clean 1000x800mm Offset Quadrant Shower Enclos | £957.0 | showering/shower-enclosures
2026-08-05 17:56:11,616 INFO  scraper.vendor:   NEW Corniche 8mm Easy Clean 1950mm x 850mm Walk-In Front Shower  | £444.0 | showering/shower-enclosures
2026-08-05 17:56:13,284 INFO  scraper.vendor:   NEW Vantage 6mm Easy Clean 1850mm x 1000mm Bi-Fold Shower Door - | £733.0 | showering/shower-enclosures
2026-08-05 17:56:15,262 INFO  scraper.vendor:   NEW Vantage 6mm Easy Clean 1850mm x 900mm Bi-Fold Shower Door -  | £564.0 | showering/shower-enclosures
2026-08-05 17:56:17,217 INFO  scraper.vendor:   NEW Vantage 6mm Easy Clean 1850mm x 800mm Bi-Fold Shower Door -  | £558.0 | showering/shower-enclosures
2026-08-05 17:56:19,150 INFO  scraper.vendor:   NEW Vantage 6mm Easy Clean 1300x760mm Offset Quadrant Shower Enc | £658.0 | showering/shower-enclosures
2026-08-05 17:56:21,186 INFO  scraper.vendor:   NEW Vantage 6mm Easy Clean 1300x800mm Offset Quadrant Shower Enc | £696.0 | showering/shower-enclosures
2026-08-05 17:56:23,602 INFO  scraper.vendor:   NEW Tuscan Square Multirail 1200 x 600 Matt Black | £245.0 | heating/towel-rails
2026-08-05 17:56:25,856 INFO  scraper.vendor:   NEW Tuscan Square Multirail 1200 x 500 Matt Black | £224.0 | heating/towel-rails
2026-08-05 17:56:27,801 INFO  scraper.vendor:   NEW Tuscan Square Multirail 800 x 600 Matt Black | £153.0 | heating/towel-rails
2026-08-05 17:56:31,575 INFO  scraper.vendor:   NEW Tuscan Square Multirail 800 x 500 Matt Black | £135.0 | heating/towel-rails
2026-08-05 17:56:34,186 INFO  scraper.vendor:   NEW Tuscan Square Multirail 1800 x 600 Matt Anthracite | £347.0 | heating/towel-rails
2026-08-05 17:56:36,509 INFO  scraper.vendor:   NEW Rion Multirail 800 x 500 Matt Black | £135.0 | heating/towel-rails
2026-08-05 17:56:38,970 INFO  scraper.vendor:   NEW Tuscan Square Multirail 1800 x 500 Matt Anthracite | £315.0 | heating/towel-rails
2026-08-05 17:56:41,179 INFO  scraper.vendor:   NEW Rion Multirail 1800 x 600 Matt Anthracite | £347.0 | heating/towel-rails
2026-08-05 17:56:43,381 INFO  scraper.vendor:   NEW Tuscan Square Multirail 1200 x 600 Matt Anthracite | £245.0 | heating/towel-rails
2026-08-05 17:56:45,739 INFO  scraper.vendor:   NEW Rion Multirail 1800 x 500 Matt Anthracite | £315.0 | heating/towel-rails
2026-08-05 17:56:48,049 INFO  scraper.vendor:   NEW Addington 1000 x 514 Radiator Type10 Gloss White | £368.0 | heating/radiators
2026-08-05 17:56:50,512 INFO  scraper.vendor:   NEW Hurley 1500 x 600 Towel Rail Matt White | £461.0 | heating/towel-rails
2026-08-05 17:56:52,490 INFO  scraper.vendor:   NEW Addington 800 x 588 Radiator Type10 Gloss White | £364.0 | heating/radiators
2026-08-05 17:56:54,829 INFO  scraper.vendor:   NEW Addington 800 x 514 Radiator Type10 Gloss White | £331.0 | heating/radiators
2026-08-05 17:56:57,308 INFO  scraper.vendor:   NEW Hurley 1500 x 500 Towel Rail Matt White | £413.0 | heating/towel-rails
2026-08-05 17:56:59,841 INFO  scraper.vendor:   NEW Addington 600 x 588 Radiator Type10 Gloss White | £322.0 | heating/radiators
2026-08-05 17:57:02,538 INFO  scraper.vendor:   NEW Hurley 1000 x 600 Towel Rail Chrome | £443.0 | heating/towel-rails
2026-08-05 17:57:05,023 INFO  scraper.vendor:   NEW Addington 600 x 514 Radiator Type10 Gloss White | £297.0 | heating/radiators
2026-08-05 17:57:07,465 INFO  scraper.vendor:   NEW Hurley 1000 x 500 Towel Rail Chrome | £395.0 | heating/towel-rails
2026-08-05 17:57:09,947 INFO  scraper.vendor:   NEW Addington 500 x 588 Radiator Type10 Gloss White | £303.0 | heating/radiators
2026-08-05 17:57:12,507 INFO  scraper.vendor:   NEW Hurley 1000 x 600 Towel Rail Matt Black | £353.0 | heating/towel-rails
2026-08-05 17:57:14,589 INFO  scraper.vendor:   NEW Lambourne 1200 x 420 Radiator Matt Anthracite | £321.0 | heating/radiators
2026-08-05 17:57:17,130 INFO  scraper.vendor:   NEW Addington 500 x 514 Radiator Type10 Gloss White | £276.0 | heating/radiators
2026-08-05 17:57:19,324 INFO  scraper.vendor:   NEW Hurley 1000 x 500 Towel Rail Matt Black | £315.0 | heating/towel-rails
2026-08-05 17:57:21,639 INFO  scraper.vendor:   NEW Rion Multirail 1200 x 600 Matt Anthracite | £245.0 | heating/towel-rails
2026-08-05 17:57:23,825 INFO  scraper.vendor:   NEW Addington 1000 x 514 Radiator Type10 Matt Anthracite | £368.0 | heating/radiators
2026-08-05 17:57:25,962 INFO  scraper.vendor:   NEW Hurley 1000 x 600 Towel Rail Matt Anthracite | £353.0 | heating/towel-rails
2026-08-05 17:57:28,609 INFO  scraper.vendor:   NEW Lambourne 1200 x 540 Radiator Matt White | £401.0 | heating/radiators
2026-08-05 17:57:30,898 INFO  scraper.vendor:   NEW Addington 800 x 588 Radiator Type10 Matt Anthracite | £364.0 | heating/radiators
2026-08-05 17:57:33,346 INFO  scraper.vendor:   NEW Rion Multirail 1200 x 500 Matt Anthracite | £224.0 | heating/towel-rails
2026-08-05 17:57:35,349 INFO  scraper.vendor:   NEW Hurley 1000 x 500 Towel Rail Matt Anthracite | £315.0 | heating/towel-rails
2026-08-05 17:57:37,301 INFO  scraper.vendor:   NEW Addington 800 x 514 Radiator Type10 Matt Anthracite | £331.0 | heating/radiators
2026-08-05 17:57:39,494 INFO  scraper.vendor:   NEW Lambourne 1200 x 420 Radiator Matt White | £321.0 | heating/radiators
2026-08-05 17:57:41,691 INFO  scraper.vendor:   NEW Rion Multirail 800 x 600 Matt Anthracite | £153.0 | heating/towel-rails
2026-08-05 17:57:43,868 INFO  scraper.vendor:   NEW Addington 600 x 588 Radiator Type10 Matt Anthracite | £322.0 | heating/radiators
2026-08-05 17:57:46,113 INFO  scraper.vendor:   NEW Lambourne 1800 x 540 Radiator Chrome | £665.0 | heating/radiators
2026-08-05 17:57:48,488 INFO  scraper.vendor:   NEW Hurley 1000 x 600 Towel Rail Matt Cappuccino | £353.0 | heating/towel-rails
2026-08-05 17:57:50,933 INFO  scraper.vendor:   NEW Rion Multirail 800 x 500 Matt Anthracite | £135.0 | heating/towel-rails
2026-08-05 17:57:52,832 INFO  scraper.vendor:   NEW Addington 600 x 514 Radiator Type10 Matt Anthracite | £297.0 | heating/radiators
2026-08-05 17:57:55,068 INFO  scraper.vendor:   NEW Rion Multirail 1800 x 600 Gloss White | £347.0 | heating/towel-rails
2026-08-05 17:57:57,614 INFO  scraper.vendor:   NEW Lambourne 1800 x 420 Radiator Chrome | £532.0 | heating/radiators
2026-08-05 17:57:59,991 INFO  scraper.vendor:   NEW Hurley 1000 x 500 Towel Rail Matt Cappuccino | £315.0 | heating/towel-rails
2026-08-05 17:58:02,093 INFO  scraper.vendor:   NEW Addington 500 x 588 Radiator Type10 Matt Anthracite | £303.0 | heating/radiators
2026-08-05 17:58:04,560 INFO  scraper.vendor:   NEW Rion Multirail 1800 x 500 Gloss White | £315.0 | heating/towel-rails
2026-08-05 17:58:07,073 INFO  scraper.vendor:   NEW Lambourne 1800 x 540 Radiator Matt Black | £499.0 | heating/radiators
2026-08-05 17:58:09,303 INFO  scraper.vendor:   NEW Hurley 1000 x 600 Towel Rail Matt Grey | £353.0 | heating/towel-rails
2026-08-05 17:58:11,502 INFO  scraper.vendor:   NEW Rion Multirail 1200 x 600 Gloss White | £245.0 | heating/towel-rails
2026-08-05 17:58:13,863 INFO  scraper.vendor:   NEW Addington 1800 x 588 Radiator Type10 Gloss White | £569.0 | heating/radiators
2026-08-05 17:58:16,207 INFO  scraper.vendor:   NEW Lambourne 1800 x 420 Radiator Matt Black | £399.0 | heating/radiators
2026-08-05 17:58:18,799 INFO  scraper.vendor:   NEW Hurley 1000 x 500 Towel Rail Matt Grey | £315.0 | heating/towel-rails
2026-08-05 17:58:20,907 INFO  scraper.vendor:   NEW Addington 1800 x 514 Radiator Type10 Gloss White | £509.0 | heating/radiators
2026-08-05 17:58:23,570 INFO  scraper.vendor:   NEW Hurley 1500 x 600 Towel Rail Chrome | £612.0 | heating/towel-rails
2026-08-05 17:58:25,557 INFO  scraper.vendor:   NEW Rion Multirail 1200 x 500 Gloss White | £224.0 | heating/towel-rails
2026-08-05 17:58:27,993 INFO  scraper.vendor:   NEW Hurley 1000 x 600 Towel Rail Matt White | £353.0 | heating/towel-rails
2026-08-05 17:58:30,478 INFO  scraper.vendor:   NEW Addington 1800 x 440 Radiator Type10 Gloss White | £453.0 | heating/radiators
2026-08-05 17:58:33,042 INFO  scraper.vendor:   NEW Lambourne 1800 x 540 Radiator Matt Anthracite | £499.0 | heating/radiators
2026-08-05 17:58:35,555 INFO  scraper.vendor:   NEW Hurley 1500 x 500 Towel Rail Chrome | £548.0 | heating/towel-rails
2026-08-05 17:58:37,688 INFO  scraper.vendor:   NEW Addington 1800 x 366 Radiator Type10 Gloss White | £397.0 | heating/radiators
2026-08-05 17:58:40,017 INFO  scraper.vendor:   NEW Rion Multirail 800 x 600 Gloss White | £153.0 | heating/towel-rails
2026-08-05 17:58:42,277 INFO  scraper.vendor:   NEW Tuscan Square Multirail 1200 x 500 Matt Anthracite | £224.0 | heating/towel-rails
2026-08-05 17:58:44,444 INFO  scraper.vendor:   NEW Hurley 1000 x 500 Towel Rail Matt White | £315.0 | heating/towel-rails
2026-08-05 17:58:46,628 INFO  scraper.vendor:   NEW Lambourne 1800 x 420 Radiator Matt Anthracite | £399.0 | heating/radiators
2026-08-05 17:58:48,961 INFO  scraper.vendor:   NEW Addington 1800 x 440 Radiator Type20 Matt Anthracite | £800.0 | heating/radiators
2026-08-05 17:58:51,066 INFO  scraper.vendor:   NEW Addington 1800 x 292 Radiator Type10 Gloss White | £335.0 | heating/radiators
2026-08-05 17:58:53,470 INFO  scraper.vendor:   NEW Rion Multirail 800 x 500 Gloss White | £135.0 | heating/towel-rails
2026-08-05 17:58:55,453 INFO  scraper.vendor:   NEW Tuscan Square Multirail 800 x 600 Matt Anthracite | £153.0 | heating/towel-rails
2026-08-05 17:58:57,617 INFO  scraper.vendor:   NEW Hurley 1500 x 600 Towel Rail Matt Black | £461.0 | heating/towel-rails
2026-08-05 17:58:59,684 INFO  scraper.vendor:   NEW Hurley 1800 x 600 Towel Rail Matt Black | £507.0 | heating/towel-rails
2026-08-05 17:59:02,029 INFO  scraper.vendor:   NEW Addington 1400 x 588 Radiator Type10 Gloss White | £486.0 | heating/radiators
2026-08-05 17:59:03,980 INFO  scraper.vendor:   NEW Addington 1800 x 366 Radiator Type20 Matt Anthracite | £676.0 | heating/radiators
2026-08-05 17:59:06,697 INFO  scraper.vendor:   NEW Lambourne 1800 x 540 Radiator Matt White | £499.0 | heating/radiators
2026-08-05 17:59:08,986 INFO  scraper.vendor:   NEW Tuscan Square Multirail 1800 x 600 Chrome | £509.0 | heating/towel-rails
2026-08-05 17:59:11,257 INFO  scraper.vendor:   NEW Hurley 1500 x 500 Towel Rail Matt Black | £413.0 | heating/towel-rails
2026-08-05 17:59:14,000 INFO  scraper.vendor:   NEW Tuscan Square Multirail 800 x 500 Matt Anthracite | £135.0 | heating/towel-rails
2026-08-05 17:59:16,528 INFO  scraper.vendor:   NEW Addington 1400 x 514 Radiator Type10 Gloss White | £441.0 | heating/radiators
2026-08-05 17:59:19,050 INFO  scraper.vendor:   NEW Hurley 1800 x 500 Towel Rail Matt Black | £453.0 | heating/towel-rails
2026-08-05 17:59:21,122 INFO  scraper.vendor:   NEW Lambourne 1800 x 420 Radiator Matt White | £399.0 | heating/radiators
2026-08-05 17:59:23,281 INFO  scraper.vendor:   NEW Addington 1200 x 588 Radiator Type10 Gloss White | £446.0 | heating/radiators
2026-08-05 17:59:25,479 INFO  scraper.vendor:   NEW Tuscan Square Multirail 1800 x 600 Gloss White | £347.0 | heating/towel-rails
2026-08-05 17:59:27,531 INFO  scraper.vendor:   NEW Hurley 1500 x 600 Towel Rail Matt Anthracite | £461.0 | heating/towel-rails
2026-08-05 17:59:29,996 INFO  scraper.vendor:   NEW Addington 1800 x 514 Radiator Type20 Gloss White | £924.0 | heating/radiators
2026-08-05 17:59:32,249 INFO  scraper.vendor:   NEW Tuscan Square Multirail 1800 x 500 Chrome | £462.0 | heating/towel-rails
2026-08-05 17:59:34,182 INFO  scraper.vendor:   NEW Hurley 1200 x 600 Towel Rail Matt Black | £398.0 | heating/towel-rails
2026-08-05 17:59:36,484 INFO  scraper.vendor:   NEW Hurley 1500 x 500 Towel Rail Matt Anthracite | £413.0 | heating/towel-rails
2026-08-05 17:59:38,704 INFO  scraper.vendor:   NEW Tuscan Square Multirail 1800 x 500 Gloss White | £315.0 | heating/towel-rails
2026-08-05 17:59:40,982 INFO  scraper.vendor:   NEW Rion Multirail 1800 x 600 Chrome | £509.0 | heating/towel-rails
2026-08-05 17:59:43,001 INFO  scraper.vendor:   NEW Addington 1200 x 514 Radiator Type10 Gloss White | £402.0 | heating/radiators
2026-08-05 17:59:45,634 INFO  scraper.vendor:   NEW Hurley 1200 x 500 Towel Rail Matt Black | £356.0 | heating/towel-rails
2026-08-05 17:59:47,991 INFO  scraper.vendor:   NEW Tuscan Square Multirail 1200 x 600 Chrome | £359.0 | heating/towel-rails
2026-08-05 17:59:50,291 INFO  scraper.vendor:   NEW Addington 1000 x 588 Radiator Type10 Gloss White | £402.0 | heating/radiators
2026-08-05 17:59:53,017 INFO  scraper.vendor:   NEW Hurley 1500 x 600 Towel Rail Matt Cappuccino | £461.0 | heating/towel-rails
2026-08-05 17:59:55,621 INFO  scraper.vendor:   NEW Tuscan Square Multirail 1200 x 600 Gloss White | £245.0 | heating/towel-rails
2026-08-05 17:59:57,426 INFO  scraper.vendor:   NEW Addington 1800 x 366 Radiator Type20 Gloss White | £676.0 | heating/radiators
2026-08-05 17:59:59,726 INFO  scraper.vendor:   NEW Rion Multirail 1800 x 500 Chrome | £462.0 | heating/towel-rails
2026-08-05 18:00:02,008 INFO  scraper.vendor:   NEW Tuscan Square Multirail 1200 x 500 Chrome | £329.0 | heating/towel-rails
2026-08-05 18:00:04,366 INFO  scraper.vendor:   NEW Hurley 800 x 600 Towel Rail Matt Black | £291.0 | heating/towel-rails
2026-08-05 18:00:06,991 INFO  scraper.vendor:   NEW Rion Multirail 1200 x 600 Chrome | £359.0 | heating/towel-rails
2026-08-05 18:00:09,674 INFO  scraper.vendor:   NEW Hurley 1500 x 500 Towel Rail Matt Cappuccino | £413.0 | heating/towel-rails
2026-08-05 18:00:12,047 INFO  scraper.vendor:   NEW Addington 1800 x 588 Radiator Type10 Matt Anthracite | £569.0 | heating/radiators
2026-08-05 18:00:15,747 INFO  scraper.vendor:   NEW Tuscan Square Multirail 1200 x 500 Gloss White | £224.0 | heating/towel-rails
2026-08-05 18:00:18,918 INFO  scraper.vendor:   NEW Tuscan Square Multirail 800 x 600 Chrome | £223.0 | heating/towel-rails
2026-08-05 18:00:21,882 INFO  scraper.vendor:   NEW Hurley 800 x 500 Towel Rail Matt Black | £258.0 | heating/towel-rails
2026-08-05 18:00:24,506 INFO  scraper.vendor:   NEW Rion Multirail 1200 x 500 Chrome | £329.0 | heating/towel-rails
2026-08-05 18:00:26,902 INFO  scraper.vendor:   NEW Addington 1800 x 514 Radiator Type10 Matt Anthracite | £509.0 | heating/radiators
2026-08-05 18:00:29,066 INFO  scraper.vendor:   NEW Tuscan Square Multirail 800 x 500 Chrome | £197.0 | heating/towel-rails
2026-08-05 18:00:30,984 INFO  scraper.vendor:   NEW Hurley 1500 x 600 Towel Rail Matt Grey | £461.0 | heating/towel-rails
2026-08-05 18:00:33,128 INFO  scraper.vendor:   NEW Tuscan Square Multirail 800 x 600 Gloss White | £153.0 | heating/towel-rails
2026-08-05 18:00:36,021 INFO  scraper.vendor:   NEW Lambourne 1200 x 540 Radiator Chrome | £532.0 | heating/radiators
2026-08-05 18:00:38,174 INFO  scraper.vendor:   NEW Rion Multirail 800 x 600 Chrome | £223.0 | heating/towel-rails
2026-08-05 18:00:40,812 INFO  scraper.vendor:   NEW Hurley 1500 x 500 Towel Rail Matt Grey | £413.0 | heating/towel-rails
2026-08-05 18:00:43,171 INFO  scraper.vendor:   NEW Tuscan Square Multirail 1800 x 600 Matt Black | £347.0 | heating/towel-rails
2026-08-05 18:00:45,777 INFO  scraper.vendor:   NEW Lambourne 1200 x 420 Radiator Chrome | £427.0 | heating/radiators
2026-08-05 18:00:48,318 INFO  scraper.vendor:   NEW Rion Multirail 800 x 500 Chrome | £197.0 | heating/towel-rails
2026-08-05 18:00:50,615 INFO  scraper.vendor:   NEW Tuscan Square Multirail 1800 x 500 Matt Black | £315.0 | heating/towel-rails
2026-08-05 18:00:53,618 INFO  scraper.vendor:   NEW Lambourne 1200 x 540 Radiator Matt Black | £401.0 | heating/radiators
2026-08-05 18:00:56,401 INFO  scraper.vendor:   NEW Rion Multirail 1800 x 600 Matt Black | £347.0 | heating/towel-rails
2026-08-05 18:00:58,781 INFO  scraper.vendor:   NEW Lambourne 1200 x 420 Radiator Matt Black | £321.0 | heating/radiators
2026-08-05 18:01:01,117 INFO  scraper.vendor:   NEW Rion Multirail 1800 x 500 Matt Black | £315.0 | heating/towel-rails
2026-08-05 18:01:03,683 INFO  scraper.vendor:   NEW Lambourne 1200 x 540 Radiator Matt Anthracite | £401.0 | heating/radiators
2026-08-05 18:01:06,179 INFO  scraper.vendor:   NEW Rion Multirail 1200 x 600 Matt Black | £245.0 | heating/towel-rails
2026-08-05 18:01:08,808 INFO  scraper.vendor:   NEW Rion Multirail 1200 x 500 Matt Black | £224.0 | heating/towel-rails
2026-08-05 18:01:11,732 INFO  scraper.vendor:   NEW Rion Multirail 800 x 600 Matt Black | £153.0 | heating/towel-rails
2026-08-05 18:01:14,354 INFO  scraper.vendor:   NEW Addington 1800 x 440 Radiator Type10 Matt Anthracite | £453.0 | heating/radiators
2026-08-05 18:01:16,530 INFO  scraper.vendor:   NEW Addington 1800 x 366 Radiator Type10 Matt Anthracite | £397.0 | heating/radiators
2026-08-05 18:01:18,775 INFO  scraper.vendor:   NEW Addington 1800 x 292 Radiator Type10 Matt Anthracite | £335.0 | heating/radiators
2026-08-05 18:01:20,780 INFO  scraper.vendor:   NEW Addington 1400 x 588 Radiator Type10 Matt Anthracite | £486.0 | heating/radiators
2026-08-05 18:01:23,225 INFO  scraper.vendor:   NEW Addington 1400 x 514 Radiator Type10 Matt Anthracite | £441.0 | heating/radiators
2026-08-05 18:01:25,556 INFO  scraper.vendor:   NEW Addington 1200 x 588 Radiator Type10 Matt Anthracite | £446.0 | heating/radiators
2026-08-05 18:01:27,867 INFO  scraper.vendor:   NEW Addington 1200 x 514 Radiator Type10 Matt Anthracite | £402.0 | heating/radiators
2026-08-05 18:01:30,194 INFO  scraper.vendor:   NEW Addington 1000 x 588 Radiator Type10 Matt Anthracite | £402.0 | heating/radiators
2026-08-05 18:01:32,542 INFO  scraper.vendor:   NEW Addington 588 x 1000 Radiator Type21 Matt Anthracite | £786.0 | heating/radiators
2026-08-05 18:01:34,845 INFO  scraper.vendor:   NEW Addington 588 x 800 Radiator Type21 Matt Anthracite | £691.0 | heating/radiators
2026-08-05 18:01:37,048 INFO  scraper.vendor:   NEW Addington 588 x 600 Radiator Type21 Matt Anthracite | £570.0 | heating/radiators
2026-08-05 18:01:39,367 INFO  scraper.vendor:   NEW Addington 1800 x 588 Radiator Type20 Matt Anthracite | £1048.0 | heating/radiators
2026-08-05 18:01:41,756 INFO  scraper.vendor:   NEW Addington 1800 x 514 Radiator Type20 Matt Anthracite | £924.0 | heating/radiators
2026-08-05 18:01:44,185 INFO  scraper.vendor:   NEW Addington 1110 x 500 Towel Rail Type10 Gloss White | £431.0 | heating/towel-rails
2026-08-05 18:01:46,539 INFO  scraper.vendor:   NEW Addington 790 x 500 Towel Rail Type10 Gloss White | £321.0 | heating/towel-rails
2026-08-05 18:01:48,869 INFO  scraper.vendor:   NEW Addington 1750 x 400 Towel Rail Type10 Gloss White | £588.0 | heating/towel-rails
2026-08-05 18:01:51,001 INFO  scraper.vendor:   NEW Addington 1110 x 400 Towel Rail Type10 Gloss White | £412.0 | heating/towel-rails
2026-08-05 18:01:53,402 INFO  scraper.vendor:   NEW Addington 790 x 400 Towel Rail Type10 Gloss White | £278.0 | heating/towel-rails
2026-08-05 18:01:55,642 INFO  scraper.vendor:   NEW Addington 588 x 1200 Radiator Type22 Matt Anthracite | £994.0 | heating/radiators
2026-08-05 18:01:57,614 INFO  scraper.vendor:   NEW Addington 588 x 1000 Radiator Type22 Matt Anthracite | £867.0 | heating/radiators
2026-08-05 18:01:59,884 INFO  scraper.vendor:   NEW Addington 588 x 800 Radiator Type22 Matt Anthracite | £737.0 | heating/radiators
2026-08-05 18:02:02,299 INFO  scraper.vendor:   NEW Addington 588 x 600 Radiator Type22 Matt Anthracite | £607.0 | heating/radiators
2026-08-05 18:02:04,207 INFO  scraper.vendor:   NEW Addington 588 x 1200 Radiator Type22 Gloss White | £994.0 | heating/radiators
2026-08-05 18:02:06,867 INFO  scraper.vendor:   NEW Addington 588 x 800 Radiator Type22 Gloss White | £737.0 | heating/radiators
2026-08-05 18:02:09,152 INFO  scraper.vendor:   NEW Addington 588 x 600 Radiator Type22 Gloss White | £607.0 | heating/radiators
2026-08-05 18:02:11,631 INFO  scraper.vendor:   NEW Addington 588 x 1200 Radiator Type21 Matt Anthracite | £932.0 | heating/radiators
2026-08-05 18:02:13,822 INFO  scraper.vendor:   NEW Addington 600 x 292 Radiator Type10 Matt Anthracite | £216.0 | heating/radiators
2026-08-05 18:02:16,771 INFO  scraper.vendor:   NEW Addington 1110 x 500 Towel Rail Type10 Matt Anthracite | £431.0 | heating/towel-rails
2026-08-05 18:02:19,192 INFO  scraper.vendor:   NEW Addington 600 x 1254 Radiator Type20 Gloss White | £0.0 | heating/radiators
2026-08-05 18:02:22,396 INFO  scraper.vendor:   NEW Addington 790 x 500 Towel Rail Type10 Matt Anthracite | £321.0 | heating/towel-rails
2026-08-05 18:02:25,305 INFO  scraper.vendor:   NEW Addington 600 x 1180 Radiator Type20 Gloss White | £858.0 | heating/radiators
2026-08-05 18:02:27,936 INFO  scraper.vendor:   NEW Addington Flat Style Towel Hanger 514mm Chrome | £103.0 | accessories
2026-08-05 18:02:31,145 INFO  scraper.vendor:   NEW Addington 1750 x 400 Towel Rail Type10 Matt Anthracite | £588.0 | heating/towel-rails
2026-08-05 18:02:34,374 INFO  scraper.vendor:   NEW Addington 600 x 1032 Radiator Type20 Gloss White | £766.0 | heating/radiators
2026-08-05 18:02:37,448 INFO  scraper.vendor:   NEW Addington Flat Style Towel Hanger 440mm Chrome | £102.0 | accessories
2026-08-05 18:02:40,226 INFO  scraper.vendor:   NEW Addington 1110 x 400 Towel Rail Type10 Matt Anthracite | £412.0 | heating/towel-rails
2026-08-05 18:02:43,385 INFO  scraper.vendor:   NEW Addington Flat Style Towel Hanger 366mm Chrome | £100.0 | accessories
2026-08-05 18:02:45,659 INFO  scraper.vendor:   NEW Addington 600 x 810 Radiator Type20 Gloss White | £622.0 | heating/radiators
2026-08-05 18:02:48,144 INFO  scraper.vendor:   NEW Addington 790 x 400 Towel Rail Type10 Matt Anthracite | £278.0 | heating/towel-rails
2026-08-05 18:02:50,551 INFO  scraper.vendor:   NEW Addington Flat Style Towel Hanger 292mm Chrome | £98.0 | accessories
2026-08-05 18:02:53,286 INFO  scraper.vendor:   NEW Addington 600 x 662 Radiator Type20 Gloss White | £530.0 | heating/radiators
2026-08-05 18:02:55,506 INFO  scraper.vendor:   NEW Addington 1750 x 600 Towel Rail Type10 Gloss White | £639.0 | heating/towel-rails
2026-08-05 18:02:58,050 INFO  scraper.vendor:   NEW Addington Flat Style Towel Hanger 588mm Matt Anthracite | £69.0 | accessories
2026-08-05 18:02:59,991 INFO  scraper.vendor:   NEW Addington 600 x 588 Radiator Type20 Gloss White | £483.0 | heating/radiators
2026-08-05 18:03:02,216 INFO  scraper.vendor:   NEW Addington 1110 x 600 Towel Rail Type10 Gloss White | £448.0 | heating/towel-rails
2026-08-05 18:03:04,429 INFO  scraper.vendor:   NEW Addington Flat Style Towel Hanger 514mm Matt Anthracite | £69.0 | accessories
2026-08-05 18:03:07,154 INFO  scraper.vendor:   NEW Addington 600 x 514 Radiator Type20 Gloss White | £434.0 | heating/radiators
2026-08-05 18:03:09,125 INFO  scraper.vendor:   NEW Addington Flat Style Towel Hanger 440mm Matt Anthracite | £67.0 | accessories
2026-08-05 18:03:11,586 INFO  scraper.vendor:   NEW Addington 790 x 600 Towel Rail Type10 Gloss White | £363.0 | heating/towel-rails
2026-08-05 18:03:14,043 INFO  scraper.vendor:   NEW Addington 1750 x 500 Towel Rail Type10 Gloss White | £613.0 | heating/towel-rails
2026-08-05 18:03:16,054 INFO  scraper.vendor:   NEW Addington 600 x 366 Radiator Type20 Gloss White | £341.0 | heating/radiators
2026-08-05 18:03:18,288 INFO  scraper.vendor:   NEW Addington 600 x 292 Radiator Type20 Gloss White | £297.0 | heating/radiators
2026-08-05 18:03:20,604 INFO  scraper.vendor:   NEW Addington 600 x 1254 Radiator Type10 Gloss White | £565.0 | heating/radiators
2026-08-05 18:03:23,477 INFO  scraper.vendor:   NEW Addington 600 x 1180 Radiator Type10 Gloss White | £540.0 | heating/radiators
2026-08-05 18:03:25,509 INFO  scraper.vendor:   NEW Addington 600 x 1032 Radiator Type10 Gloss White | £486.0 | heating/radiators
2026-08-05 18:03:27,940 INFO  scraper.vendor:   NEW Addington 600 x 810 Radiator Type10 Gloss White | £402.0 | heating/radiators
2026-08-05 18:03:29,935 INFO  scraper.vendor:   NEW Addington Flat Style Towel Hanger 366mm Matt Anthracite | £66.0 | accessories
2026-08-05 18:03:32,251 INFO  scraper.vendor:   NEW Addington Flat Style Towel Hanger 292mm Matt Anthracite | £65.0 | accessories
2026-08-05 18:03:34,559 INFO  scraper.vendor:   NEW Addington 600 x 662 Radiator Type10 Gloss White | £351.0 | heating/radiators
2026-08-05 18:03:36,751 INFO  scraper.vendor:   NEW Addington Flat Style Towel Hanger 588mm Gloss White | £69.0 | accessories
2026-08-05 18:03:39,390 INFO  scraper.vendor:   NEW Addington 600 x 440 Radiator Type10 Gloss White | £268.0 | heating/radiators
2026-08-05 18:03:41,703 INFO  scraper.vendor:   NEW Addington Flat Style Towel Hanger 514mm Gloss White | £69.0 | accessories
2026-08-05 18:03:44,107 INFO  scraper.vendor:   NEW Addington 600 x 366 Radiator Type10 Gloss White | £243.0 | heating/radiators
2026-08-05 18:03:46,460 INFO  scraper.vendor:   NEW Addington Flat Style Towel Hanger 440mm Gloss White | £67.0 | accessories
2026-08-05 18:03:48,499 INFO  scraper.vendor:   NEW Addington Flat Style Towel Hanger 366mm Gloss White | £66.0 | accessories
2026-08-05 18:03:50,635 INFO  scraper.vendor:   NEW Addington 600 x 292 Radiator Type10 Gloss White | £216.0 | heating/radiators
2026-08-05 18:03:52,997 INFO  scraper.vendor:   NEW Addington Flat Style Towel Hanger 292mm Gloss White | £65.0 | accessories
2026-08-05 18:03:55,515 INFO  scraper.vendor:   NEW Addington 600 x 810 Radiator Type10 Matt Anthracite | £402.0 | heating/radiators
2026-08-05 18:03:57,613 INFO  scraper.vendor:   NEW Addington 1750 x 500 Towel Rail Type21 Matt Anthracite Matt  | £1054.0 | heating/towel-rails
2026-08-05 18:04:00,151 INFO  scraper.vendor:   NEW Addington 1750 x 600 Towel Rail Type10 Matt Anthracite | £639.0 | heating/towel-rails
2026-08-05 18:04:02,384 INFO  scraper.vendor:   NEW Addington 600 x 662 Radiator Type10 Matt Anthracite | £351.0 | heating/radiators
2026-08-05 18:04:04,497 INFO  scraper.vendor:   NEW Addington Double Flat Style Towel Hanger 292mm Gloss White | £79.0 | accessories
2026-08-05 18:04:06,880 INFO  scraper.vendor:   NEW Addington 1110 x 500 Towel Rail Type21 Matt Anthracite | £746.0 | heating/towel-rails
2026-08-05 18:04:08,862 INFO  scraper.vendor:   NEW Addington 1110 x 600 Towel Rail Type10 Matt Anthracite | £448.0 | heating/towel-rails
2026-08-05 18:04:11,014 INFO  scraper.vendor:   NEW Addington 600 x 440 Radiator Type10 Matt Anthracite | £268.0 | heating/radiators
2026-08-05 18:04:13,236 INFO  scraper.vendor:   NEW Universal Flat Style Towel Hanger 850mm Chrome | £115.0 | accessories
2026-08-05 18:04:15,518 INFO  scraper.vendor:   NEW Addington 790 x 600 Towel Rail Type10 Matt Anthracite | £363.0 | heating/towel-rails
2026-08-05 18:04:17,441 INFO  scraper.vendor:   NEW Universal Flat Style Towel Hanger 660mm Chrome | £108.0 | accessories
2026-08-05 18:04:20,289 INFO  scraper.vendor:   NEW Addington 600 x 366 Radiator Type10 Matt Anthracite | £243.0 | heating/radiators
2026-08-05 18:04:22,384 INFO  scraper.vendor:   NEW Universal Flat Style Towel Hanger 470mm Chrome | £102.0 | accessories
2026-08-05 18:04:25,256 INFO  scraper.vendor:   NEW Addington 1750 x 500 Towel Rail Type10 Matt Anthracite | £613.0 | heating/towel-rails
2026-08-05 18:04:27,287 INFO  scraper.vendor:   NEW Universal Flat Style Towel Hanger 375mm Chrome | £100.0 | accessories
2026-08-05 18:04:29,558 INFO  scraper.vendor:   NEW Universal Flat Style Towel Hanger 280mm Chrome | £98.0 | accessories
2026-08-05 18:04:31,810 INFO  scraper.vendor:   NEW Addington Flat Style Towel Hanger 588mm Chrome | £107.0 | accessories
2026-08-05 18:04:33,873 INFO  scraper.vendor:   NEW Addington Double Flat Style Towel Hanger 366mm Chrome | £130.0 | accessories
2026-08-05 18:04:35,907 INFO  scraper.vendor:   NEW Addington Double Flat Style Towel Hanger 292mm Chrome | £124.0 | accessories
2026-08-05 18:04:38,125 INFO  scraper.vendor:   NEW Addington Double Flat Style Towel Hanger 588mm Matt Anthraci | £88.0 | accessories
2026-08-05 18:04:40,186 INFO  scraper.vendor:   NEW Addington Double Flat Style Towel Hanger 514mm Matt Anthraci | £86.0 | accessories
2026-08-05 18:04:42,503 INFO  scraper.vendor:   NEW Addington Double Flat Style Towel Hanger 440mm Matt Anthraci | £84.0 | accessories
2026-08-05 18:04:44,695 INFO  scraper.vendor:   NEW Addington Double Flat Style Towel Hanger 366mm Matt Anthraci | £81.0 | accessories
2026-08-05 18:04:46,884 INFO  scraper.vendor:   NEW Addington Double Flat Style Towel Hanger 292mm Matt Anthraci | £79.0 | accessories
2026-08-05 18:04:49,305 INFO  scraper.vendor:   NEW Addington Double Flat Style Towel Hanger 588mm Gloss White | £88.0 | accessories
2026-08-05 18:04:51,131 INFO  scraper.vendor:   NEW Addington Double Flat Style Towel Hanger 514mm Gloss White | £86.0 | accessories
2026-08-05 18:04:53,034 INFO  scraper.vendor:   NEW Addington Double Flat Style Towel Hanger 440mm Gloss White | £84.0 | accessories
2026-08-05 18:04:55,107 INFO  scraper.vendor:   NEW Addington Double Flat Style Towel Hanger 366mm Gloss White | £81.0 | accessories
2026-08-05 18:04:57,278 INFO  scraper.vendor:   NEW Addington 1750 x 500 Towel Rail Type21 Gloss White Gloss Whi | £1054.0 | heating/towel-rails
2026-08-05 18:04:59,597 INFO  scraper.vendor:   NEW Addington 1750 x 500 Towel Rail Type20 Matt Anthracite | £907.0 | heating/towel-rails
2026-08-05 18:05:02,051 INFO  scraper.vendor:   NEW Addington 1110 x 500 Towel Rail Type20 Matt Anthracite | £634.0 | heating/towel-rails
2026-08-05 18:05:04,367 INFO  scraper.vendor:   NEW Addington 1750 x 500 Towel Rail Type20 Gloss White | £907.0 | heating/towel-rails
2026-08-05 18:05:07,118 INFO  scraper.vendor:   NEW Addington 1110 x 500 Towel Rail Type20 Gloss White | £634.0 | heating/towel-rails
2026-08-05 18:05:09,477 INFO  scraper.vendor:   NEW Universal Double Flat Style Towel Hanger 850mm Chrome | £154.0 | accessories
2026-08-05 18:05:11,750 INFO  scraper.vendor:   NEW Universal Double Flat Style Towel Hanger 660mm Chrome | £142.0 | accessories
2026-08-05 18:05:14,266 INFO  scraper.vendor:   NEW Universal Double Flat Style Towel Hanger 470mm Chrome | £132.0 | accessories
2026-08-05 18:05:16,737 INFO  scraper.vendor:   NEW Universal Double Flat Style Towel Hanger 375mm Chrome | £130.0 | accessories
2026-08-05 18:05:18,868 INFO  scraper.vendor:   NEW Universal Double Flat Style Towel Hanger 280mm Chrome | £124.0 | accessories
2026-08-05 18:05:20,999 INFO  scraper.vendor:   NEW Addington Double Flat Style Towel Hanger 588mm Chrome | £138.0 | accessories
2026-08-05 18:05:23,035 INFO  scraper.vendor:   NEW Addington Double Flat Style Towel Hanger 514mm Chrome | £135.0 | accessories
2026-08-05 18:05:25,101 INFO  scraper.vendor:   NEW Addington Double Flat Style Towel Hanger 440mm Chrome | £132.0 | accessories
2026-08-05 18:05:27,075 INFO  scraper.vendor:   NEW Tunstall Double 1800 x 420 Radiator Matt Black | £377.0 | heating/radiators
2026-08-05 18:05:29,105 INFO  scraper.vendor:   NEW Tunstall Double 1800 x 280 Radiator Matt Black | £251.0 | heating/radiators
2026-08-05 18:05:31,415 INFO  scraper.vendor:   NEW Tunstall Double Mirror 1800 x 500 Radiator Matt Anthracite | £531.0 | heating/radiators
2026-08-05 18:05:33,892 INFO  scraper.vendor:   NEW Tunstall Double Mirror 1800 x 380 Radiator Matt Anthracite | £357.0 | heating/radiators
2026-08-05 18:05:35,832 INFO  scraper.vendor:   NEW Tunstall Double 800 x 600 Towel Rail Matt White | £299.0 | heating/towel-rails
2026-08-05 18:05:37,717 INFO  scraper.vendor:   NEW Tunstall Mirror 1800 x 500 Radiator Matt Anthracite | £437.0 | heating/radiators
2026-08-05 18:05:39,885 INFO  scraper.vendor:   NEW Tunstall Double 1600 x 500 Towel Rail Matt White | £524.0 | heating/towel-rails
2026-08-05 18:05:42,096 INFO  scraper.vendor:   NEW Tunstall Mirror 1800 x 380 Radiator Matt Anthracite | £297.0 | heating/radiators
2026-08-05 18:05:44,700 INFO  scraper.vendor:   NEW Tunstall Double 1200 x 500 Towel Rail Matt White | £401.0 | heating/towel-rails
2026-08-05 18:05:46,943 INFO  scraper.vendor:   NEW Tunstall Double 560 x 1000 Towel Rail Matt Anthracite | £362.0 | heating/towel-rails
2026-08-05 18:05:49,103 INFO  scraper.vendor:   NEW Tunstall Double 800 x 500 Towel Rail Matt White | £281.0 | heating/towel-rails
2026-08-05 18:05:51,536 INFO  scraper.vendor:   NEW Tunstall Double 1800 x 630 Radiator Matt White | £552.0 | heating/radiators
2026-08-05 18:05:53,445 INFO  scraper.vendor:   NEW Tunstall Double 1600 x 600 Towel Rail Matt Anthracite | £562.0 | heating/towel-rails
2026-08-05 18:05:55,636 INFO  scraper.vendor:   NEW Tunstall Double 1800 x 420 Radiator Matt White | £368.0 | heating/radiators
2026-08-05 18:05:58,083 INFO  scraper.vendor:   NEW Tunstall Double 1200 x 600 Towel Rail Matt Anthracite | £431.0 | heating/towel-rails
2026-08-05 18:06:00,118 INFO  scraper.vendor:   NEW Tunstall Double 1800 x 280 Radiator Matt White | £247.0 | heating/radiators
2026-08-05 18:06:02,138 INFO  scraper.vendor:   NEW Tunstall Double 800 x 600 Towel Rail Matt Anthracite | £299.0 | heating/towel-rails
2026-08-05 18:06:04,157 INFO  scraper.vendor:   NEW Tunstall Double 600 x 1179 Radiator Matt White | £531.0 | heating/radiators
2026-08-05 18:06:06,839 INFO  scraper.vendor:   NEW Tunstall Double 1600 x 500 Towel Rail Matt Anthracite | £524.0 | heating/towel-rails
2026-08-05 18:06:09,188 INFO  scraper.vendor:   NEW Tunstall Double 600 x 1002 Radiator Matt White | £453.0 | heating/radiators
2026-08-05 18:06:11,545 INFO  scraper.vendor:   NEW Tunstall Double 1200 x 500 Towel Rail Matt Anthracite | £401.0 | heating/towel-rails
2026-08-05 18:06:13,985 INFO  scraper.vendor:   NEW Tunstall Double 600 x 825 Radiator Matt White | £375.0 | heating/radiators
2026-08-05 18:06:16,034 INFO  scraper.vendor:   NEW Rubano 600 x 1103mm Radiator Gloss White | £506.0 | heating/radiators
2026-08-05 18:06:18,350 INFO  scraper.vendor:   NEW Tunstall Double 600 x 589 Radiator Matt White | £268.0 | heating/radiators
2026-08-05 18:06:21,143 INFO  scraper.vendor:   NEW Tunstall Double 800 x 500 Towel Rail Matt Anthracite | £281.0 | heating/towel-rails
2026-08-05 18:06:23,875 INFO  scraper.vendor:   NEW Rivassa 3 Column Rad. 600x833mm Matt Anthracite | £460.0 | heating/radiators
2026-08-05 18:06:26,121 INFO  scraper.vendor:   NEW Rubano 600 x 803mm Radiator Gloss White | £367.0 | heating/radiators
2026-08-05 18:06:28,647 INFO  scraper.vendor:   NEW Rivassa 3 Column Rad. 600x608mm Matt Anthracite | £334.0 | heating/radiators
2026-08-05 18:06:30,581 INFO  scraper.vendor:   NEW Tunstall Double 1800 x 630 Radiator Matt Anthracite | £563.0 | heating/radiators
2026-08-05 18:06:33,336 INFO  scraper.vendor:   NEW Rubano 600 x 623mm Radiator Gloss White | £284.0 | heating/radiators
2026-08-05 18:06:35,776 INFO  scraper.vendor:   NEW Tunstall Double 1800 x 420 Radiator Matt Anthracite | £377.0 | heating/radiators
2026-08-05 18:06:37,899 INFO  scraper.vendor:   NEW Rivassa 3 Column Rad. 300x1373mm Matt Anthracite | £604.0 | heating/radiators
2026-08-05 18:06:40,013 INFO  scraper.vendor:   NEW Rivassa 3 Column Radiator 1800 x 473mm Chrome Effect | £508.0 | heating/radiators
2026-08-05 18:06:42,213 INFO  scraper.vendor:   NEW Rubano 600 x 383mm Radiator Gloss White | £174.0 | heating/radiators
2026-08-05 18:06:44,284 INFO  scraper.vendor:   NEW Tunstall Double 1800 x 280 Radiator Matt Anthracite | £251.0 | heating/radiators
2026-08-05 18:06:46,168 INFO  scraper.vendor:   NEW Rivassa 3 Column Radiator 600 x 1148mm Chrome Effect | £658.0 | heating/radiators
2026-08-05 18:06:48,635 INFO  scraper.vendor:   NEW Rivassa 3 Column Rad. 300x1148mm Matt Anthracite | £503.0 | heating/radiators
2026-08-05 18:06:50,999 INFO  scraper.vendor:   NEW Rivassa 3 Column Radiator 600 x 563mm Matt Anthracite | £304.0 | heating/radiators
2026-08-05 18:06:53,640 INFO  scraper.vendor:   NEW Rivassa 3 Column Radiator 600 x 1010mm Chrome Effect | £580.0 | heating/radiators
2026-08-05 18:06:55,545 INFO  scraper.vendor:   NEW Tunstall Double 600 x 1179 Radiator Matt Anthracite | £543.0 | heating/radiators
2026-08-05 18:06:57,899 INFO  scraper.vendor:   NEW Rivassa 3 Column Rad. 1800x473mm Matt Anthracite | £482.0 | heating/radiators
2026-08-05 18:07:00,477 INFO  scraper.vendor:   NEW Rivassa 3 Column Radiator 600 x 518mm Matt Anthracite | £283.0 | heating/radiators
2026-08-05 18:07:03,133 INFO  scraper.vendor:   NEW Rivassa 3 Column Radiator 600 x 833mm Chrome Effect | £474.0 | heating/radiators
2026-08-05 18:07:05,609 INFO  scraper.vendor:   NEW Tunstall Double 600 x 1002 Radiator Matt Anthracite | £460.0 | heating/radiators
2026-08-05 18:07:07,666 INFO  scraper.vendor:   NEW Rivassa 3 Column Radiator 600 x 608mm Chrome Effect | £345.0 | heating/radiators
2026-08-05 18:07:10,632 INFO  scraper.vendor:   NEW Rivassa 3 Column Rad. 1800x383mm Matt Anthracite | £389.0 | heating/radiators
2026-08-05 18:07:12,686 INFO  scraper.vendor:   NEW Tunstall Double 600 x 825 Radiator Matt Anthracite | £381.0 | heating/radiators
2026-08-05 18:07:15,286 INFO  scraper.vendor:   NEW Rivassa 3 Column Radiator 600 x 473mm Matt Anthracite | £255.0 | heating/radiators
2026-08-05 18:07:18,332 INFO  scraper.vendor:   NEW Tunstall Double 600 x 589 Radiator Matt Anthracite | £275.0 | heating/radiators
2026-08-05 18:07:20,941 INFO  scraper.vendor:   NEW Rivassa 3 Column Rad. 1800x293mm Matt Anthracite | £311.0 | heating/radiators
2026-08-05 18:07:23,085 INFO  scraper.vendor:   NEW Rivassa 3 Column Radiator 600 x 428mm Matt Anthracite | £230.0 | heating/radiators
2026-08-05 18:07:25,316 INFO  scraper.vendor:   NEW Tunstall Double Mirror 1800 x 500 Radiator Matt White | £531.0 | heating/radiators
2026-08-05 18:07:27,359 INFO  scraper.vendor:   NEW Rivassa 2 Column Radiator 1800 x 473mm Chrome Effect | £480.0 | heating/radiators
2026-08-05 18:07:29,278 INFO  scraper.vendor:   NEW Tunstall Double Mirror 1800 x 380 Radiator Matt White | £357.0 | heating/radiators
2026-08-05 18:07:31,864 INFO  scraper.vendor:   NEW Rivassa 2 Column Rad. 600x1148mm Matt Anthracite | £604.0 | heating/radiators
2026-08-05 18:07:34,465 INFO  scraper.vendor:   NEW Rivassa 2 Column Radiator 600 x 563mm Matt Anthracite | £288.0 | heating/radiators
2026-08-05 18:07:36,529 INFO  scraper.vendor:   NEW Rivassa 2 Column Radiator 600 x 1148mm Chrome Effect | £622.0 | heating/radiators
2026-08-05 18:07:38,955 INFO  scraper.vendor:   NEW Tunstall Mirror 1800 x 500 Radiator Matt White | £437.0 | heating/radiators
2026-08-05 18:07:41,407 INFO  scraper.vendor:   NEW Rivassa 2 Column Radiator 600 x 518mm Matt Anthracite | £259.0 | heating/radiators
2026-08-05 18:07:43,569 INFO  scraper.vendor:   NEW Rivassa 2 Column Rad. 600x833mm Matt Anthracite | £435.0 | heating/radiators
2026-08-05 18:07:46,222 INFO  scraper.vendor:   NEW Tunstall Mirror 1800 x 380 Radiator Matt White | £297.0 | heating/radiators
2026-08-05 18:07:48,747 INFO  scraper.vendor:   NEW Rivassa 2 Column Radiator 600 x 473mm Matt Anthracite | £240.0 | heating/radiators
2026-08-05 18:07:51,436 INFO  scraper.vendor:   NEW Rivassa 2 Column Rad. 600x608mm Matt Anthracite | £317.0 | heating/radiators
2026-08-05 18:07:53,888 INFO  scraper.vendor:   NEW Tunstall Double 560 x 1000 Towel Rail Matt White | £362.0 | heating/towel-rails
2026-08-05 18:07:56,861 INFO  scraper.vendor:   NEW Rivassa 2 Column Radiator 600 x 428mm Matt Anthracite | £217.0 | heating/radiators
2026-08-05 18:07:58,953 INFO  scraper.vendor:   NEW Rivassa 2 Column Rad. 300x1373mm Matt Anthracite | £569.0 | heating/radiators
2026-08-05 18:08:01,556 INFO  scraper.vendor:   NEW Rivassa 4 Column Radiator 600 x 1190mm Matt Anthracite | £874.0 | heating/radiators
2026-08-05 18:08:03,630 INFO  scraper.vendor:   NEW Tunstall Double 1800 x 630 Radiator Matt Black | £563.0 | heating/radiators
2026-08-05 18:08:05,861 INFO  scraper.vendor:   NEW Tunstall Double 1600 x 600 Towel Rail Matt White | £562.0 | heating/towel-rails
2026-08-05 18:08:07,974 INFO  scraper.vendor:   NEW Rivassa 3 Column Radiator 600 x 563mm Gloss White | £299.0 | heating/radiators
2026-08-05 18:08:10,292 INFO  scraper.vendor:   NEW Rivassa 2 Column Rad. 300x1148mm Matt Anthracite | £473.0 | heating/radiators
2026-08-05 18:08:12,864 INFO  scraper.vendor:   NEW Rivassa 4 Column Radiator 600 x 1010mm Matt Anthracite | £743.0 | heating/radiators
2026-08-05 18:08:14,930 INFO  scraper.vendor:   NEW Tunstall Double 1200 x 600 Towel Rail Matt White | £431.0 | heating/towel-rails
2026-08-05 18:08:17,255 INFO  scraper.vendor:   NEW Rivassa 3 Column Radiator 600 x 518mm Gloss White | £275.0 | heating/radiators
2026-08-05 18:08:19,775 INFO  scraper.vendor:   NEW Rivassa 2 Column Rad. 1800x473mm Matt Anthracite | £466.0 | heating/radiators
2026-08-05 18:08:22,096 INFO  scraper.vendor:   NEW Rivassa 4 Column Radiator 600 x 785mm Matt Anthracite | £574.0 | heating/radiators
2026-08-05 18:08:24,489 INFO  scraper.vendor:   NEW Rivassa 2 Column Rad. 1800x383mm Matt Anthracite | £370.0 | heating/radiators
2026-08-05 18:08:27,033 INFO  scraper.vendor:   NEW Rivassa 3 Column Radiator 600 x 473mm Gloss White | £250.0 | heating/radiators
2026-08-05 18:08:28,946 INFO  scraper.vendor:   NEW Rivassa 2 Column Rad. 1800x293mm Matt Anthracite | £284.0 | heating/radiators
2026-08-05 18:08:31,199 INFO  scraper.vendor:   NEW Rivassa 3 Column Radiator 600 x 428mm Gloss White | £227.0 | heating/radiators
2026-08-05 18:08:33,368 INFO  scraper.vendor:   NEW Rivassa 3 Column Radiator 600 x 1148mm Gloss White | £626.0 | heating/radiators
2026-08-05 18:08:35,895 INFO  scraper.vendor:   NEW Rivassa 2 Column Radiator 600 x 563mm Gloss White | £284.0 | heating/radiators
2026-08-05 18:08:38,318 INFO  scraper.vendor:   NEW Rivassa 2 Column Radiator 600 x 518mm Gloss White | £259.0 | heating/radiators
2026-08-05 18:08:40,928 INFO  scraper.vendor:   NEW Rivassa 3 Column Radiator 600 x 833mm Gloss White | £454.0 | heating/radiators
2026-08-05 18:08:43,089 INFO  scraper.vendor:   NEW Rivassa 2 Column Radiator 600 x 473mm Gloss White | £237.0 | heating/radiators
2026-08-05 18:08:44,842 INFO  scraper.vendor:   NEW Rivassa 3 Column Radiator 600 x 608mm Gloss White | £329.0 | heating/radiators
2026-08-05 18:08:47,436 INFO  scraper.vendor:   NEW Rivassa 2 Column Radiator 600 x 428mm Gloss White | £213.0 | heating/radiators
2026-08-05 18:08:49,685 INFO  scraper.vendor:   NEW Rivassa 3 Column Radiator 300 x 1373mm Gloss White | £593.0 | heating/radiators
2026-08-05 18:08:51,567 INFO  scraper.vendor:   NEW Rivassa 3 Column Radiator 300 x 1148mm Gloss White | £496.0 | heating/radiators
2026-08-05 18:08:53,450 INFO  scraper.vendor:   NEW Rivassa 3 Column Radiator 1800 x 473mm Gloss White | £473.0 | heating/radiators
2026-08-05 18:08:55,312 INFO  scraper.vendor:   NEW Rivassa 3 Column Radiator 1800 x 383mm Gloss White | £380.0 | heating/radiators
2026-08-05 18:08:57,682 INFO  scraper.vendor:   NEW Rivassa 3 Column Rad. 600x1148mm Matt Anthracite | £639.0 | heating/radiators
2026-08-05 18:08:59,692 INFO  scraper.vendor:   NEW Rubano 600 x 383mm Radiator Matt Anthracite | £177.0 | heating/radiators
2026-08-05 18:09:01,803 INFO  scraper.vendor:   NEW Rubano 1800 x 503mm Radiator Gloss White | £569.0 | heating/radiators
2026-08-05 18:09:04,367 INFO  scraper.vendor:   NEW Rubano 1800 x 383mm Radiator Gloss White | £428.0 | heating/radiators
2026-08-05 18:09:06,235 INFO  scraper.vendor:   NEW Rivassa 3 Column Radiator 1800 x 383mm Bronze Effect | £392.0 | heating/radiators
2026-08-05 18:09:08,420 INFO  scraper.vendor:   NEW Rivassa 3 Column Radiator 1800 x 473mm Bronze Effect | £491.0 | heating/radiators
2026-08-05 18:09:10,872 INFO  scraper.vendor:   NEW Rivassa 3 Column Radiator 600 x 1148mm Bronze Effect | £640.0 | heating/radiators
2026-08-05 18:09:13,265 INFO  scraper.vendor:   NEW Rivassa 3 Column Radiator 600 x 1010mm Bronze Effect | £563.0 | heating/radiators
2026-08-05 18:09:15,516 INFO  scraper.vendor:   NEW Rivassa 3 Column Radiator 600 x 833mm Bronze Effect | £460.0 | heating/radiators
2026-08-05 18:09:17,614 INFO  scraper.vendor:   NEW Rivassa 3 Column Radiator 600 x 608mm Bronze Effect | £334.0 | heating/radiators
2026-08-05 18:09:20,445 INFO  scraper.vendor:   NEW Rivassa 4 Column Radiator 300 x 1373mm Matt Anthracite | £699.0 | heating/radiators
2026-08-05 18:09:22,915 INFO  scraper.vendor:   NEW Rivassa 4 Column Radiator 300 x 1010mm Matt Anthracite | £513.0 | heating/radiators
2026-08-05 18:09:25,509 INFO  scraper.vendor:   NEW Rivassa 2 Column Radiator 1800 x 383mm Bronze Effect | £375.0 | heating/radiators
2026-08-05 18:09:27,500 INFO  scraper.vendor:   NEW Rivassa 3 Column Radiator 600 x 1460mm Gloss White | £804.0 | heating/radiators
2026-08-05 18:09:30,076 INFO  scraper.vendor:   NEW Rivassa 2 Column Radiator 1800 x 473mm Bronze Effect | £466.0 | heating/radiators
2026-08-05 18:09:32,199 INFO  scraper.vendor:   NEW Rivassa 2 Column Radiator 600 x 608mm Gloss White | £308.0 | heating/radiators
2026-08-05 18:09:34,240 INFO  scraper.vendor:   NEW Rivassa 3 Column Radiator 600 x 1010mm Gloss White | £552.0 | heating/radiators
2026-08-05 18:09:36,608 INFO  scraper.vendor:   NEW Rivassa 2 Column Radiator 600 x 1148mm Bronze Effect | £604.0 | heating/radiators
2026-08-05 18:09:38,649 INFO  scraper.vendor:   NEW Rivassa 2 Column Radiator 300 x 1373mm Gloss White | £558.0 | heating/radiators
2026-08-05 18:09:40,609 INFO  scraper.vendor:   NEW Rivassa 2 Column Radiator 600 x 1460mm Gloss White | £760.0 | heating/radiators
2026-08-05 18:09:42,677 INFO  scraper.vendor:   NEW Rivassa 2 Column Radiator 600 x 1010mm Bronze Effect | £535.0 | heating/radiators
2026-08-05 18:09:44,872 INFO  scraper.vendor:   NEW Rivassa 2 Column Radiator 300 x 1148mm Gloss White | £466.0 | heating/radiators
2026-08-05 18:09:47,064 INFO  scraper.vendor:   NEW Rivassa 2 Column Radiator 600 x 1010mm Gloss White | £522.0 | heating/radiators
2026-08-05 18:09:49,203 INFO  scraper.vendor:   NEW Rivassa 2 Column Radiator 600 x 833mm Bronze Effect | £436.0 | heating/radiators
2026-08-05 18:09:51,623 INFO  scraper.vendor:   NEW Rivassa 2 Column Radiator 1800 x 473mm Gloss White | £456.0 | heating/radiators
2026-08-05 18:09:53,774 INFO  scraper.vendor:   NEW Rivassa 2 Column Radiator 600 x 608mm Bronze Effect | £315.0 | heating/radiators
2026-08-05 18:09:55,588 INFO  scraper.vendor:   NEW Rivassa 2 Column Radiator 1800 x 383mm Gloss White | £364.0 | heating/radiators
2026-08-05 18:09:58,034 INFO  scraper.vendor:   NEW Rivassa 3 Column Radiator 600 x 1460mm Matt Anthracite | £817.0 | heating/radiators
2026-08-05 18:10:00,008 INFO  scraper.vendor:   NEW Rivassa 4 Column Radiator 600 x 1190mm Gloss White | £859.0 | heating/radiators
2026-08-05 18:10:02,238 INFO  scraper.vendor:   NEW Rivassa 2 Column Radiator 1800 x 293mm Gloss White | £277.0 | heating/radiators
2026-08-05 18:10:04,827 INFO  scraper.vendor:   NEW Rivassa 3 Column Radiator 600 x 1010mm Matt Anthracite | £563.0 | heating/radiators
2026-08-05 18:10:07,562 INFO  scraper.vendor:   NEW Rivassa 4 Column Radiator 600 x 1010mm Gloss White | £726.0 | heating/radiators
2026-08-05 18:10:09,890 INFO  scraper.vendor:   NEW Rivassa 2 Column Radiator 600 x 1460mm Matt Anthracite | £774.0 | heating/radiators
2026-08-05 18:10:11,978 INFO  scraper.vendor:   NEW Rivassa 4 Column Radiator 600 x 785mm Gloss White | £563.0 | heating/radiators
2026-08-05 18:10:13,877 INFO  scraper.vendor:   NEW Rivassa 2 Column Radiator 600 x 1010mm Chrome Effect | £549.0 | heating/radiators
2026-08-05 18:10:16,294 INFO  scraper.vendor:   NEW Rivassa 2 Column Radiator 600 x 1010mm Matt Anthracite | £535.0 | heating/radiators
2026-08-05 18:10:18,344 INFO  scraper.vendor:   NEW Rivassa 4 Column Radiator 600 x 605mm Gloss White | £432.0 | heating/radiators
2026-08-05 18:10:20,603 INFO  scraper.vendor:   NEW Rivassa 4 Column Radiator 600 x 425mm Gloss White | £301.0 | heating/radiators
2026-08-05 18:10:22,751 INFO  scraper.vendor:   NEW Rivassa 4 Column Radiator 300 x 1505mm Gloss White | £751.0 | heating/radiators
2026-08-05 18:10:25,015 INFO  scraper.vendor:   NEW Rivassa 4 Column Radiator 300 x 1373mm Gloss White | £685.0 | heating/radiators
2026-08-05 18:10:27,289 INFO  scraper.vendor:   NEW Rivassa 4 Column Radiator 300 x 1010mm Gloss White | £502.0 | heating/radiators
2026-08-05 18:10:29,806 INFO  scraper.vendor:   NEW Rivassa 4 Column Radiator 600 x 605mm Matt Anthracite | £441.0 | heating/radiators
2026-08-05 18:10:31,842 INFO  scraper.vendor:   NEW Rivassa 4 Column Radiator 600 x 425mm Matt Anthracite | £305.0 | heating/radiators
2026-08-05 18:10:34,343 INFO  scraper.vendor:   NEW Rivassa 4 Column Radiator 300 x 1505mm Matt Anthracite | £767.0 | heating/radiators
2026-08-05 18:10:36,526 INFO  scraper.vendor:   NEW Rubano 1800 x 503mm Radiator Matt Anthracite | £580.0 | heating/radiators
2026-08-05 18:10:38,602 INFO  scraper.vendor:   NEW Rubano 1800 x 383mm Radiator Matt Anthracite | £436.0 | heating/radiators
2026-08-05 18:10:40,961 INFO  scraper.vendor:   NEW Rubano 600 x 1103mm Radiator Matt Anthracite | £516.0 | heating/radiators
2026-08-05 18:10:43,127 INFO  scraper.vendor:   NEW Rubano 600 x 803mm Radiator Matt Anthracite | £375.0 | heating/radiators
2026-08-05 18:10:45,472 INFO  scraper.vendor:   NEW Rubano 600 x 623mm Radiator Matt Anthracite | £287.0 | heating/radiators
2026-08-05 18:10:47,663 INFO  scraper.vendor:   NEW Rivassa 3 Column Radiator 1800 x 293mm Gloss White | £305.0 | heating/radiators
2026-08-05 18:10:49,880 INFO  scraper.vendor:   NEW Rivassa 2 Column Radiator 600 x 1148mm Gloss White | £593.0 | heating/radiators
2026-08-05 18:10:52,530 INFO  scraper.vendor:   NEW Rivassa 2 Column Radiator 600 x 833mm Gloss White | £427.0 | heating/radiators
2026-08-05 18:10:54,746 INFO  scraper.vendor:   NEW Peretti 600 x 280 Aluminium Radiator Matt White | £171.0 | heating/radiators
2026-08-05 18:10:56,716 INFO  scraper.vendor:   NEW Rosano 600 x 280 Aluminium Radiator Matt Black | £171.0 | heating/radiators
2026-08-05 18:10:59,099 INFO  scraper.vendor:   NEW Rosano 600 x 280 Aluminium Radiator Matt Anthracite | £171.0 | heating/radiators
2026-08-05 18:11:01,696 INFO  scraper.vendor:   NEW Peretti 1800 x 375 Aluminium Radiator Polished Aluminium | £446.0 | heating/radiators
2026-08-05 18:11:04,011 INFO  scraper.vendor:   NEW Rosano 600 x 280 Aluminium Radiator Matt White | £171.0 | heating/radiators
2026-08-05 18:11:06,210 INFO  scraper.vendor:   NEW Peretti 1800 x 280 Aluminium Radiator Polished Aluminium | £347.0 | heating/radiators
2026-08-05 18:11:08,873 INFO  scraper.vendor:   NEW Peretti 600 x 660 Aluminium Radiator Matt White | £319.0 | heating/radiators
2026-08-05 18:11:10,890 INFO  scraper.vendor:   NEW Peretti 600 x 470 Aluminium Radiator Matt Black | £240.0 | heating/radiators
2026-08-05 18:11:13,404 INFO  scraper.vendor:   NEW Peretti 600 x 470 Aluminium Radiator Matt Anthracite | £240.0 | heating/radiators
2026-08-05 18:11:15,701 INFO  scraper.vendor:   NEW Peretti 600 x 470 Aluminium Radiator Matt White | £240.0 | heating/radiators
2026-08-05 18:11:17,942 INFO  scraper.vendor:   NEW Peretti 1800 x 470 Aluminium Radiator Matt Black | £485.0 | heating/radiators
2026-08-05 18:11:20,132 INFO  scraper.vendor:   NEW Peretti 1800 x 470 Aluminium Radiator Matt Anthracite | £485.0 | heating/radiators
2026-08-05 18:11:22,260 INFO  scraper.vendor:   NEW Peretti 1800 x 470 Aluminium Radiator Matt White | £485.0 | heating/radiators
2026-08-05 18:11:24,539 INFO  scraper.vendor:   NEW Peretti 1800 x 375 Aluminium Radiator Matt Black | £397.0 | heating/radiators
2026-08-05 18:11:26,859 INFO  scraper.vendor:   NEW Peretti 1800 x 375 Aluminium Radiator Matt Anthracite | £397.0 | heating/radiators
2026-08-05 18:11:29,034 INFO  scraper.vendor:   NEW Peretti 1800 x 375 Aluminium Radiator Matt White | £397.0 | heating/radiators
2026-08-05 18:11:30,894 INFO  scraper.vendor:   NEW Peretti 1800 x 280 Aluminium Radiator Matt Black | £309.0 | heating/radiators
2026-08-05 18:11:33,515 INFO  scraper.vendor:   NEW Peretti 1800 x 280 Aluminium Radiator Matt Anthracite | £309.0 | heating/radiators
2026-08-05 18:11:35,648 INFO  scraper.vendor:   NEW Peretti 1800 x 280 Aluminium Radiator Matt White | £309.0 | heating/radiators
2026-08-05 18:11:37,804 INFO  scraper.vendor:   NEW Guardia 600 x 1230 Aluminium Radiator Matt Black | £735.0 | heating/radiators
2026-08-05 18:11:40,398 INFO  scraper.vendor:   NEW Guardia 600 x 1230 Aluminium Radiator Matt Anthracite | £735.0 | heating/radiators
2026-08-05 18:11:42,711 INFO  scraper.vendor:   NEW Tunstall Double 1800 x 560 Radiator Matt White | £485.0 | heating/radiators
2026-08-05 18:11:44,852 INFO  scraper.vendor:   NEW Guardia 600 x 1230 Aluminium Radiator Matt White | £735.0 | heating/radiators
2026-08-05 18:11:46,811 INFO  scraper.vendor:   NEW Guardia 600 x 1040 Aluminium Radiator Matt Black | £629.0 | heating/radiators
2026-08-05 18:11:48,767 INFO  scraper.vendor:   NEW Tunstall Double 1800 x 490 Radiator Matt Black | £425.0 | heating/radiators
2026-08-05 18:11:50,826 INFO  scraper.vendor:   NEW Guardia 1800 x 280 Aluminium Radiator Matt Black | £450.0 | heating/radiators
2026-08-05 18:11:52,948 INFO  scraper.vendor:   NEW Guardia 600 x 1040 Aluminium Radiator Matt Anthracite | £629.0 | heating/radiators
2026-08-05 18:11:54,976 INFO  scraper.vendor:   NEW Tunstall Double 1800 x 490 Radiator Matt Anthracite | £425.0 | heating/radiators
2026-08-05 18:11:57,037 INFO  scraper.vendor:   NEW Guardia 1800 x 280 Aluminium Radiator Matt Anthracite | £450.0 | heating/radiators
2026-08-05 18:11:59,059 INFO  scraper.vendor:   NEW Guardia 600 x 1040 Aluminium Radiator Matt White | £629.0 | heating/radiators
2026-08-05 18:12:01,348 INFO  scraper.vendor:   NEW Tunstall Double 1800 x 490 Radiator Matt White | £416.0 | heating/radiators
2026-08-05 18:12:03,446 INFO  scraper.vendor:   NEW Guardia 1800 x 280 Aluminium Radiator Matt White | £450.0 | heating/radiators
2026-08-05 18:12:05,714 INFO  scraper.vendor:   NEW Guardia 600 x 850 Aluminium Radiator Matt Black | £523.0 | heating/radiators
2026-08-05 18:12:07,836 INFO  scraper.vendor:   NEW Tunstall Double 1800 x 350 Radiator Matt Black | £320.0 | heating/radiators
2026-08-05 18:12:10,124 INFO  scraper.vendor:   NEW Rosano Towel Hanger 470mm. Chrome | £69.0 | accessories
2026-08-05 18:12:12,733 INFO  scraper.vendor:   NEW Guardia 600 x 850 Aluminium Radiator Matt Anthracite | £523.0 | heating/radiators
2026-08-05 18:12:14,581 INFO  scraper.vendor:   NEW Tunstall Double 1800 x 350 Radiator Matt Anthracite | £320.0 | heating/radiators
2026-08-05 18:12:16,900 INFO  scraper.vendor:   NEW Rosano Towel Hanger 375mm Chrome | £62.0 | accessories
2026-08-05 18:12:19,266 INFO  scraper.vendor:   NEW Guardia 600 x 850 Aluminium Radiator Matt White | £523.0 | heating/radiators
2026-08-05 18:12:21,640 INFO  scraper.vendor:   NEW Tunstall Double 1800 x 350 Radiator Matt White | £311.0 | heating/radiators
2026-08-05 18:12:23,826 INFO  scraper.vendor:   NEW Guardia 600 x 660 Aluminium Radiator Matt Black | £417.0 | heating/radiators
2026-08-05 18:12:25,923 INFO  scraper.vendor:   NEW Rosano Towel Hanger 280mm Chrome | £53.0 | accessories
2026-08-05 18:12:28,592 INFO  scraper.vendor:   NEW Tunstall Double Mirror 1800 x 500 Radiator Matt Black | £531.0 | heating/radiators
2026-08-05 18:12:30,703 INFO  scraper.vendor:   NEW Peretti 600 x 660 Aluminium Radiator Matt Black | £319.0 | heating/radiators
2026-08-05 18:12:33,305 INFO  scraper.vendor:   NEW Guardia 600 x 660 Aluminium Radiator Matt Anthracite | £417.0 | heating/radiators
2026-08-05 18:12:35,595 INFO  scraper.vendor:   NEW Rosano 600 x 1230 Aluminium Radiator Matt Black | £553.0 | heating/radiators
2026-08-05 18:12:37,658 INFO  scraper.vendor:   NEW Tunstall Double Mirror 1800 x 380 Radiator Matt Black | £357.0 | heating/radiators
2026-08-05 18:12:40,003 INFO  scraper.vendor:   NEW Peretti 600 x 660 Aluminium Radiator Matt Anthracite | £319.0 | heating/radiators
2026-08-05 18:12:42,506 INFO  scraper.vendor:   NEW Guardia 600 x 660 Aluminium Radiator Matt White | £417.0 | heating/radiators
2026-08-05 18:12:44,718 INFO  scraper.vendor:   NEW Rosano 600 x 1230 Aluminium Radiator Matt Anthracite | £553.0 | heating/radiators
2026-08-05 18:12:46,925 INFO  scraper.vendor:   NEW Tunstall Mirror 1800 x 500 Radiator Matt Black | £437.0 | heating/radiators
2026-08-05 18:12:48,914 INFO  scraper.vendor:   NEW Rosano 600 x 1230 Aluminium Radiator Matt White | £553.0 | heating/radiators
2026-08-05 18:12:51,026 INFO  scraper.vendor:   NEW Rosano 600 x 1040 Aluminium Radiator Matt Black | £475.0 | heating/radiators
2026-08-05 18:12:53,578 INFO  scraper.vendor:   NEW Tunstall Mirror 1800 x 380 Radiator Matt Black | £297.0 | heating/radiators
2026-08-05 18:12:55,982 INFO  scraper.vendor:   NEW Rosano 600 x 1040 Aluminium Radiator Matt Anthracite | £475.0 | heating/radiators
2026-08-05 18:12:58,256 INFO  scraper.vendor:   NEW Tunstall Double 1600 x 600 Towel Rail Matt Black | £562.0 | heating/towel-rails
2026-08-05 18:13:00,661 INFO  scraper.vendor:   NEW Rosano 600 x 1040 Aluminium Radiator Matt White | £475.0 | heating/radiators
2026-08-05 18:13:03,397 INFO  scraper.vendor:   NEW Tunstall Double 1600 x 500 Towel Rail Matt Black | £524.0 | heating/towel-rails
2026-08-05 18:13:05,433 INFO  scraper.vendor:   NEW Rosano 600 x 850 Aluminium Radiator Matt Black | £397.0 | heating/radiators
2026-08-05 18:13:07,810 INFO  scraper.vendor:   NEW Tunstall Double 1200 x 600 Towel Rail Matt Black | £431.0 | heating/towel-rails
2026-08-05 18:13:10,176 INFO  scraper.vendor:   NEW Rosano 600 x 850 Aluminium Radiator Matt Anthracite | £397.0 | heating/radiators
2026-08-05 18:13:12,510 INFO  scraper.vendor:   NEW Tunstall Double 1200 x 500 Towel Rail Matt Black | £401.0 | heating/towel-rails
2026-08-05 18:13:14,821 INFO  scraper.vendor:   NEW Tunstall Double 800 x 600 Towel Rail Matt Black | £299.0 | heating/towel-rails
2026-08-05 18:13:17,223 INFO  scraper.vendor:   NEW Tunstall Double 800 x 500 Towel Rail Matt Black | £281.0 | heating/towel-rails
2026-08-05 18:13:19,500 INFO  scraper.vendor:   NEW Tunstall Double 560 x 1000 Towel Rail Matt Black | £362.0 | heating/towel-rails
2026-08-05 18:13:21,936 INFO  scraper.vendor:   NEW Tunstall Double 600 x 1179 Radiator Matt Black | £543.0 | heating/radiators
2026-08-05 18:13:23,922 INFO  scraper.vendor:   NEW Tunstall Double 600 x 1002 Radiator Matt Black | £460.0 | heating/radiators
2026-08-05 18:13:26,377 INFO  scraper.vendor:   NEW Tunstall Double 600 x 825 Radiator Matt Black | £381.0 | heating/radiators
2026-08-05 18:13:28,660 INFO  scraper.vendor:   NEW Tunstall Double 600 x 589 Radiator Matt Black | £275.0 | heating/radiators
2026-08-05 18:13:31,142 INFO  scraper.vendor:   NEW Tunstall Double 600 x 471 Radiator Matt White | £216.0 | heating/radiators
2026-08-05 18:13:33,711 INFO  scraper.vendor:   NEW Tunstall Double 1800 x 560 Radiator Matt Black | £494.0 | heating/radiators
2026-08-05 18:13:35,811 INFO  scraper.vendor:   NEW Tunstall Double 1800 x 560 Radiator Matt Anthracite | £494.0 | heating/radiators
2026-08-05 18:13:37,959 INFO  scraper.vendor:   NEW Peretti 600 x 280 Aluminium Radiator Polished Aluminium | £192.0 | heating/radiators
2026-08-05 18:13:40,017 INFO  scraper.vendor:   NEW Guardia 600 x1420 Aluminium Radiator Matt Black | £843.0 | heating/radiators
2026-08-05 18:13:42,267 INFO  scraper.vendor:   NEW Guardia 600 x 1420 Aluminium Radiator Matt Anthracite | £843.0 | heating/radiators
2026-08-05 18:13:44,064 INFO  scraper.vendor:   NEW Guardia 600 x 1420 Aluminium Radiator Matt White | £843.0 | heating/radiators
2026-08-05 18:13:46,347 INFO  scraper.vendor:   NEW Vesima Towel Hanger 503mm Chrome | £70.0 | accessories
2026-08-05 18:13:48,692 INFO  scraper.vendor:   NEW Vesima Towel Hanger 403mm Chrome | £65.0 | accessories
2026-08-05 18:13:51,306 INFO  scraper.vendor:   NEW Vesima Towel Hanger 303mm Chrome | £55.0 | accessories
2026-08-05 18:13:53,481 INFO  scraper.vendor:   NEW Vesima 600 x 1203 Aluminium Radiator Matt Black | £493.0 | heating/radiators
2026-08-05 18:13:55,809 INFO  scraper.vendor:   NEW Vesima 600 x 1203 Aluminium Radiator Matt Anthracite | £493.0 | heating/radiators
2026-08-05 18:13:58,247 INFO  scraper.vendor:   NEW Vesima 600 x 1203 Aluminium Radiator Matt White | £493.0 | heating/radiators
2026-08-05 18:14:00,360 INFO  scraper.vendor:   NEW Peretti 600 x 280 Aluminium Radiator Matt Black | £171.0 | heating/radiators
2026-08-05 18:14:02,636 INFO  scraper.vendor:   NEW Vesima 600 x 1003 Aluminium Radiator Matt Black | £421.0 | heating/radiators
2026-08-05 18:14:04,925 INFO  scraper.vendor:   NEW Peretti 600 x 280 Aluminium Radiator Matt Anthracite | £171.0 | heating/radiators
2026-08-05 18:14:07,494 INFO  scraper.vendor:   NEW Vesima 600 x 1003 Aluminium Radiator Matt Anthracite | £421.0 | heating/radiators
2026-08-05 18:14:09,821 INFO  scraper.vendor:   NEW Vesima 600 x 1003 Aluminium Radiator Matt White | £421.0 | heating/radiators
2026-08-05 18:14:12,204 INFO  scraper.vendor:   NEW Vesima 600 x 803 Aluminium Radiator Matt Black | £348.0 | heating/radiators
2026-08-05 18:14:14,457 INFO  scraper.vendor:   NEW Vesima 600 x 503 Aluminium Radiator Matt Anthracite | £238.0 | heating/radiators
2026-08-05 18:14:16,315 INFO  scraper.vendor:   NEW Vesima 600 x 803 Aluminium Radiator Matt Anthracite | £348.0 | heating/radiators
2026-08-05 18:14:18,499 INFO  scraper.vendor:   NEW Vesima 600 x 503 Aluminium Radiator Matt White | £238.0 | heating/radiators
2026-08-05 18:14:20,707 INFO  scraper.vendor:   NEW Vesima 600 x 803 Aluminium Radiator Matt White | £348.0 | heating/radiators
2026-08-05 18:14:23,073 INFO  scraper.vendor:   NEW Berlini 1200 x 185 Aluminium Radiator Matt Black | £185.0 | heating/radiators
2026-08-05 18:14:25,240 INFO  scraper.vendor:   NEW Vesima 1800 x 503 Aluminium Radiator Matt Black | £535.0 | heating/radiators
2026-08-05 18:14:27,298 INFO  scraper.vendor:   NEW Vesima 600 x 603 Aluminium Radiator Matt Black | £275.0 | heating/radiators
2026-08-05 18:14:29,500 INFO  scraper.vendor:   NEW Berlini 1200x185 Aluminium Radiator Matt Anthracite | £185.0 | heating/radiators
2026-08-05 18:14:31,532 INFO  scraper.vendor:   NEW Vesima 600 x 603 Aluminium Radiator Matt Anthracite | £275.0 | heating/radiators
2026-08-05 18:14:33,882 INFO  scraper.vendor:   NEW Vesima 1800 x 503 Aluminium Radiator Matt Anthracite | £535.0 | heating/radiators
2026-08-05 18:14:35,986 INFO  scraper.vendor:   NEW Vesima 600 x 603 Aluminium Radiator Matt White | £275.0 | heating/radiators
2026-08-05 18:14:38,029 INFO  scraper.vendor:   NEW Vesima 1800 x 503 Aluminium Radiator Matt White | £535.0 | heating/radiators
2026-08-05 18:14:40,557 INFO  scraper.vendor:   NEW Vesima 600 x 503 Aluminium Radiator Matt Black | £238.0 | heating/radiators
2026-08-05 18:14:42,715 INFO  scraper.vendor:   NEW Vesima 1800 x 403 Aluminium Radiator Matt Black | £442.0 | heating/radiators
2026-08-05 18:14:45,144 INFO  scraper.vendor:   NEW Vesima 1800 x 403 Aluminium Radiator Matt Anthracite | £442.0 | heating/radiators
2026-08-05 18:14:47,484 INFO  scraper.vendor:   NEW Vesima 1800 x 403 Aluminium Radiator Matt White | £442.0 | heating/radiators
2026-08-05 18:14:49,687 INFO  scraper.vendor:   NEW Guardia 600 x 470 Aluminium Radiator Matt Black | £310.0 | heating/radiators
2026-08-05 18:14:51,632 INFO  scraper.vendor:   NEW Vesima 1800 x 303 Aluminium Radiator Matt Black | £350.0 | heating/radiators
2026-08-05 18:14:54,016 INFO  scraper.vendor:   NEW Guardia 600 x 470 Aluminium Radiator Matt Anthracite | £310.0 | heating/radiators
2026-08-05 18:14:56,217 INFO  scraper.vendor:   NEW Vesima 1800 x 303 Aluminium Radiator Matt Anthracite | £350.0 | heating/radiators
2026-08-05 18:14:58,208 INFO  scraper.vendor:   NEW Guardia 600 x 470 Aluminium Radiator Matt White | £310.0 | heating/radiators
2026-08-05 18:15:00,369 INFO  scraper.vendor:   NEW Rosano 600 x 660 Aluminium Radiator Matt Anthracite | £319.0 | heating/radiators
2026-08-05 18:15:02,994 INFO  scraper.vendor:   NEW Vesima 1800 x 303 Aluminium Radiator Matt White | £350.0 | heating/radiators
2026-08-05 18:15:05,554 INFO  scraper.vendor:   NEW Guardia 1800 x 470 Aluminium Radiator Matt Black | £719.0 | heating/radiators
2026-08-05 18:15:07,956 INFO  scraper.vendor:   NEW Rosano 600 x 660 Aluminium Radiator Matt White | £319.0 | heating/radiators
2026-08-05 18:15:09,963 INFO  scraper.vendor:   NEW Peretti Towel Hanger 470mm. Chrome | £69.0 | accessories
2026-08-05 18:15:12,324 INFO  scraper.vendor:   NEW Rosano 600 x 470 Aluminium Radiator Matt Black | £240.0 | heating/radiators
2026-08-05 18:15:14,498 INFO  scraper.vendor:   NEW Peretti Towel Hanger 375mm. Chrome | £62.0 | accessories
2026-08-05 18:15:16,666 INFO  scraper.vendor:   NEW Guardia 1800 x 470 Aluminium Radiator Matt Anthracite | £719.0 | heating/radiators
2026-08-05 18:15:19,186 INFO  scraper.vendor:   NEW Peretti Towel Hanger 280mm. Chrome | £53.0 | accessories
2026-08-05 18:15:21,381 INFO  scraper.vendor:   NEW Rivassa 4 Column Radiator 600 x 1190mm Matt Black | £874.0 | heating/radiators
2026-08-05 18:15:23,526 INFO  scraper.vendor:   NEW Rosano 600 x 470 Aluminium Radiator Matt Anthracite | £240.0 | heating/radiators
2026-08-05 18:15:26,318 INFO  scraper.vendor:   NEW Guardia 1800 x 470 Aluminium Radiator Matt White | £719.0 | heating/radiators
2026-08-05 18:15:28,657 INFO  scraper.vendor:   NEW Peretti 600 x 1230 Aluminium Radiator Matt Black | £553.0 | heating/radiators
2026-08-05 18:15:30,951 INFO  scraper.vendor:   NEW Rosano 600 x 470 Aluminium Radiator Matt White | £240.0 | heating/radiators
2026-08-05 18:15:33,602 INFO  scraper.vendor:   NEW Guardia 1800 x 375 Aluminium Radiator Matt Black | £585.0 | heating/radiators
2026-08-05 18:15:35,826 INFO  scraper.vendor:   NEW Rivassa 4 Column Radiator 600 x 1010mm Matt Black | £743.0 | heating/radiators
2026-08-05 18:15:38,257 INFO  scraper.vendor:   NEW Peretti 600 x 1230 Aluminium Radiator Matt Anthracite | £553.0 | heating/radiators
2026-08-05 18:15:40,211 INFO  scraper.vendor:   NEW Rosano 1800 x 470 Aluminium Radiator Matt Black | £485.0 | heating/radiators
2026-08-05 18:15:42,168 INFO  scraper.vendor:   NEW Guardia 1800 x 375 Aluminium Radiator Matt Anthracite | £585.0 | heating/radiators
2026-08-05 18:15:44,337 INFO  scraper.vendor:   NEW Rivassa 4 Column Radiator 600 x 785mm Matt Black | £574.0 | heating/radiators
2026-08-05 18:15:46,191 INFO  scraper.vendor:   NEW Rivassa 2 Column Radiator 1800 x 473mm Matt Black | £466.0 | heating/radiators
2026-08-05 18:15:48,526 INFO  scraper.vendor:   NEW Peretti 600 x 1230 Aluminium Radiator Matt White | £553.0 | heating/radiators
2026-08-05 18:15:50,690 INFO  scraper.vendor:   NEW Rosano 1800 x 470 Aluminium Radiator Matt Anthracite | £485.0 | heating/radiators
2026-08-05 18:15:53,008 INFO  scraper.vendor:   NEW Guardia 1800 x 375 Aluminium Radiator Matt White | £585.0 | heating/radiators
2026-08-05 18:15:55,312 INFO  scraper.vendor:   NEW Rivassa 2 Column Radiator 1800 x 383mm Matt Black | £370.0 | heating/radiators
2026-08-05 18:15:57,426 INFO  scraper.vendor:   NEW Rivassa 4 Column Radiator 600 x 605mm Matt Black | £441.0 | heating/radiators
2026-08-05 18:15:59,799 INFO  scraper.vendor:   NEW Peretti 600 x 1040 Aluminium Radiator Matt Black | £475.0 | heating/radiators
2026-08-05 18:16:02,320 INFO  scraper.vendor:   NEW Rosano 1800 x 470 Aluminium Radiator Matt White | £485.0 | heating/radiators
2026-08-05 18:16:04,714 INFO  scraper.vendor:   NEW Rivassa 4 Column Radiator 600 x 425mm Matt Black | £305.0 | heating/radiators
2026-08-05 18:16:06,995 INFO  scraper.vendor:   NEW Rosano 1800 x 375 Aluminium Radiator Matt Black | £397.0 | heating/radiators
2026-08-05 18:16:09,450 INFO  scraper.vendor:   NEW Rivassa 2 Column Radiator 1800 x 293mm Matt Black | £284.0 | heating/radiators
2026-08-05 18:16:11,637 INFO  scraper.vendor:   NEW Peretti 600 x 1040 Aluminium Radiator Matt Anthracite | £475.0 | heating/radiators
2026-08-05 18:16:14,079 INFO  scraper.vendor:   NEW Rosano 1800 x 375 Aluminium Radiator Matt Anthracite | £397.0 | heating/radiators
2026-08-05 18:16:16,582 INFO  scraper.vendor:   NEW Peretti 600 x 1040 Aluminium Radiator Matt White | £475.0 | heating/radiators
2026-08-05 18:16:19,167 INFO  scraper.vendor:   NEW Rivassa 4 Column Radiator 300 x 1505mm Matt Black | £767.0 | heating/radiators
2026-08-05 18:16:21,813 INFO  scraper.vendor:   NEW Rivassa 2 Column Radiator 600 x 1460mm Matt Black | £774.0 | heating/radiators
2026-08-05 18:16:24,228 INFO  scraper.vendor:   NEW Rosano 1800 x 375 Aluminium Radiator Matt White | £397.0 | heating/radiators
2026-08-05 18:16:26,435 INFO  scraper.vendor:   NEW Peretti 600 x 850 Aluminium Radiator Matt Black | £397.0 | heating/radiators
2026-08-05 18:16:29,024 INFO  scraper.vendor:   NEW Rivassa 2 Column Radiator 600 x 1148mm Matt Black | £604.0 | heating/radiators
2026-08-05 18:16:31,335 INFO  scraper.vendor:   NEW Rivassa 4 Column Radiator 300 x 1373mm Matt Black | £699.0 | heating/radiators
2026-08-05 18:16:33,738 INFO  scraper.vendor:   NEW Peretti 600 x 850 Aluminium Radiator Matt Anthracite | £397.0 | heating/radiators
2026-08-05 18:16:35,771 INFO  scraper.vendor:   NEW Rosano 1800 x 280 Aluminium Radiator Matt Black | £309.0 | heating/radiators
2026-08-05 18:16:37,843 INFO  scraper.vendor:   NEW Rivassa 4 Column Radiator 300 x 1010mm Matt Black | £513.0 | heating/radiators
2026-08-05 18:16:40,033 INFO  scraper.vendor:   NEW Rivassa 2 Column Radiator 600 x 1010mm Matt Black | £535.0 | heating/radiators
2026-08-05 18:16:42,272 INFO  scraper.vendor:   NEW Rosano 1800 x 280 Aluminium Radiator Matt Anthracite | £309.0 | heating/radiators
2026-08-05 18:16:44,705 INFO  scraper.vendor:   NEW Peretti 600 x 850 Aluminium Radiator Matt White | £397.0 | heating/radiators
2026-08-05 18:16:46,639 INFO  scraper.vendor:   NEW Rivassa 2 Column Radiator 600 x 833mm Matt Black | £435.0 | heating/radiators
2026-08-05 18:16:48,486 INFO  scraper.vendor:   NEW Rosano 1800 x 280 Aluminium Radiator Matt White | £309.0 | heating/radiators
2026-08-05 18:16:50,676 INFO  scraper.vendor:   NEW Rivassa 3 Column Radiator 1800 x 473mm Matt Black | £482.0 | heating/radiators
2026-08-05 18:16:53,138 INFO  scraper.vendor:   NEW Rivassa 2 Column Radiator 600 x 608mm Matt Black | £317.0 | heating/radiators
2026-08-05 18:16:55,189 INFO  scraper.vendor:   NEW Rivassa 3 Column Radiator 1800 x 383mm Matt Black | £389.0 | heating/radiators
2026-08-05 18:16:57,561 INFO  scraper.vendor:   NEW Rivassa 2 Column Radiator 600 x 563mm Matt Black | £288.0 | heating/radiators
2026-08-05 18:16:59,706 INFO  scraper.vendor:   NEW Rivassa 3 Column Radiator 1800 x 293mm Matt Black | £311.0 | heating/radiators
2026-08-05 18:17:01,639 INFO  scraper.vendor:   NEW Rivassa 2 Column Radiator 600 x 518mm Matt Black | £259.0 | heating/radiators
2026-08-05 18:17:03,917 INFO  scraper.vendor:   NEW Rivassa 3 Column Radiator 600 x 1460mm Matt Black | £817.0 | heating/radiators
2026-08-05 18:17:06,491 INFO  scraper.vendor:   NEW Rivassa 2 Column Radiator 600 x 473mm Matt Black | £240.0 | heating/radiators
2026-08-05 18:17:08,729 INFO  scraper.vendor:   NEW Rivassa 3 Column Radiator 600 x 1148mm Matt Black | £639.0 | heating/radiators
2026-08-05 18:17:11,245 INFO  scraper.vendor:   NEW Rivassa 2 Column Radiator 600 x 428mm Matt Black | £217.0 | heating/radiators
2026-08-05 18:17:13,716 INFO  scraper.vendor:   NEW Rivassa 3 Column Radiator 600 x 1010mm Matt Black | £563.0 | heating/radiators
2026-08-05 18:17:16,235 INFO  scraper.vendor:   NEW Rivassa 2 Column Radiator 300 x 1373mm Matt Black | £569.0 | heating/radiators
2026-08-05 18:17:18,570 INFO  scraper.vendor:   NEW Rivassa 3 Column Radiator 600 x 833mm Matt Black | £460.0 | heating/radiators
2026-08-05 18:17:20,705 INFO  scraper.vendor:   NEW Rivassa 3 Column Radiator 600 x 608mm Matt Black | £334.0 | heating/radiators
2026-08-05 18:17:23,113 INFO  scraper.vendor:   NEW Rivassa 2 Column Radiator 300 x 1148mm Matt Black | £473.0 | heating/radiators
2026-08-05 18:17:25,061 INFO  scraper.vendor:   NEW Rivassa 3 Column Radiator 600 x 563mm Matt Black | £304.0 | heating/radiators
2026-08-05 18:17:27,388 INFO  scraper.vendor:   NEW Rosano 600 x 850 Aluminium Radiator Matt White | £397.0 | heating/radiators
2026-08-05 18:17:29,460 INFO  scraper.vendor:   NEW Tunstall Double 600 x 1061 Radiator Matt Black | £502.0 | heating/radiators
2026-08-05 18:17:31,762 INFO  scraper.vendor:   NEW Rivassa 3 Column Radiator 600 x 518mm Matt Black | £283.0 | heating/radiators
2026-08-05 18:17:33,885 INFO  scraper.vendor:   NEW Rosano 600 x 660 Aluminium Radiator Matt Black | £319.0 | heating/radiators
2026-08-05 18:17:36,223 INFO  scraper.vendor:   NEW Rivassa 3 Column Radiator 600 x 473mm Matt Black | £255.0 | heating/radiators
2026-08-05 18:17:38,556 INFO  scraper.vendor:   NEW Tunstall Double 600 x 1061 Radiator Matt Anthracite | £502.0 | heating/radiators
2026-08-05 18:17:40,733 INFO  scraper.vendor:   NEW Tunstall Double 600 x 1061 Radiator Matt White | £492.0 | heating/radiators
2026-08-05 18:17:43,544 INFO  scraper.vendor:   NEW Rivassa 3 Column Radiator 600 x 428mm Matt Black | £230.0 | heating/radiators
2026-08-05 18:17:45,553 INFO  scraper.vendor:   NEW Tunstall Double 600 x 648 Radiator Matt Black | £315.0 | heating/radiators
2026-08-05 18:17:47,700 INFO  scraper.vendor:   NEW Rivassa 3 Column Radiator 300 x 1373mm Matt Black | £604.0 | heating/radiators
2026-08-05 18:17:49,849 INFO  scraper.vendor:   NEW Tunstall Double 600 x 648 Radiator Matt Anthracite | £315.0 | heating/radiators
2026-08-05 18:17:52,281 INFO  scraper.vendor:   NEW Rivassa 3 Column Radiator 300 x 1148mm Matt Black | £503.0 | heating/radiators
2026-08-05 18:17:54,617 INFO  scraper.vendor:   NEW Tunstall Double 600 x 648 Radiator Matt White | £307.0 | heating/radiators
2026-08-05 18:17:57,029 INFO  scraper.vendor:   NEW Tunstall Double 600 x 471 Radiator Matt Black | £224.0 | heating/radiators
2026-08-05 18:17:59,004 INFO  scraper.vendor:   NEW Tunstall Double 600 x 471 Radiator Matt Anthracite | £224.0 | heating/radiators
2026-08-05 18:18:01,532 INFO  scraper.vendor:   NEW Berlini 1200 x 185 Aluminium Radiator Matt White | £185.0 | heating/radiators
2026-08-05 18:18:03,604 INFO  scraper.vendor:   NEW Berlini Towel Hanger 185mm. Chrome | £47.0 | accessories
2026-08-05 18:18:05,592 INFO  scraper.vendor:   NEW Berlini 1800 x 185 Aluminium Radiator Matt Black | £212.0 | heating/radiators
2026-08-05 18:18:08,148 INFO  scraper.vendor:   NEW Berlini 1800 x 185 Aluminium Radiator Matt Anthracite | £212.0 | heating/radiators
2026-08-05 18:18:10,291 INFO  scraper.vendor:   NEW Berlini 1800 x 185 Aluminium Radiator Matt White | £212.0 | heating/radiators
2026-08-05 18:18:12,364 INFO  scraper.vendor:   NEW Addington 600 x 1032 Radiator Type10 Matt Anthracite | £486.0 | heating/radiators
2026-08-05 18:18:14,361 INFO  scraper.vendor:   NEW Universal Flat Style Towel Hanger 565mm Matt Anthracite | £95.0 | accessories
2026-08-05 18:18:16,360 INFO  scraper.vendor:   NEW Universal Flat Style Towel Hanger 565mm Matt White | £95.0 | accessories
2026-08-05 18:18:18,644 INFO  scraper.vendor:   NEW Addington 600 x 1254 Radiator Type20 Matt Anthracite | £905.0 | heating/radiators
2026-08-05 18:18:20,842 INFO  scraper.vendor:   NEW Addington 600 x 1180 Radiator Type20 Matt Anthracite | £858.0 | heating/radiators
2026-08-05 18:18:23,772 INFO  scraper.vendor:   NEW Addington 600 x 1032 Radiator Type20 Matt Anthracite | £766.0 | heating/radiators
2026-08-05 18:18:26,012 INFO  scraper.vendor:   NEW Addington 600 x 810 Radiator Type20 Matt Anthracite | £622.0 | heating/radiators
2026-08-05 18:18:28,427 INFO  scraper.vendor:   NEW Addington 600 x 662 Radiator Type20 Matt Anthracite | £530.0 | heating/radiators
2026-08-05 18:18:31,025 INFO  scraper.vendor:   NEW Addington 600 x 588 Radiator Type20 Matt Anthracite | £483.0 | heating/radiators
2026-08-05 18:18:33,100 INFO  scraper.vendor:   NEW Addington 600 x 514 Radiator Type20 Matt Anthracite | £434.0 | heating/radiators
2026-08-05 18:18:35,481 INFO  scraper.vendor:   NEW Addington 600 x 440 Radiator Type20 Matt Anthracite | £387.0 | heating/radiators
2026-08-05 18:18:38,260 INFO  scraper.vendor:   NEW Addington 600 x 366 Radiator Type20 Matt Anthracite | £341.0 | heating/radiators
2026-08-05 18:18:40,157 INFO  scraper.vendor:   NEW Universal Double Flat Style Towel Hanger 565mm Chrome | £138.0 | accessories
2026-08-05 18:18:42,089 INFO  scraper.vendor:   NEW Universal Double Flat Style Towel Hanger 565mm Matt Black | £114.0 | accessories
2026-08-05 18:18:44,150 INFO  scraper.vendor:   NEW Addington 600 x 292 Radiator Type20 Matt Anthracite | £297.0 | heating/radiators
2026-08-05 18:18:46,326 INFO  scraper.vendor:   NEW Universal Double Flat Style Towel Hanger 565mm Matt Anthraci | £114.0 | accessories
2026-08-05 18:18:48,785 INFO  scraper.vendor:   NEW Addington 600 x 1254 Radiator Type10 Matt Anthracite | £565.0 | heating/radiators
2026-08-05 18:18:50,904 INFO  scraper.vendor:   NEW Universal Double Flat Style Towel Hanger 565mm Matt White | £114.0 | accessories
2026-08-05 18:18:52,900 INFO  scraper.vendor:   NEW Universal Flat Style Towel Hanger 565mm Chrome | £103.0 | accessories
2026-08-05 18:18:55,132 INFO  scraper.vendor:   NEW Addington 600 x 1180 Radiator Type10 Matt Anthracite | £540.0 | heating/radiators
2026-08-05 18:18:57,384 INFO  scraper.vendor:   NEW Universal Flat Style Towel Hanger 565mm Matt Black | £95.0 | accessories
2026-08-05 18:18:59,585 INFO  scraper.vendor:   NEW Addington Aluminium 1400 x 514 Radiator Type10 Gloss White | £426.0 | heating/radiators
2026-08-05 18:19:01,732 INFO  scraper.vendor:   NEW Addington Aluminium 1200 x 588 Radiator Type10 Gloss White | £432.0 | heating/radiators
2026-08-05 18:19:03,625 INFO  scraper.vendor:   NEW Addington Aluminium 1200 x 514 Radiator Type10 Gloss White | £387.0 | heating/radiators
2026-08-05 18:19:05,767 INFO  scraper.vendor:   NEW Addington Aluminium 1000 x 588 Radiator Type10 Gloss White | £385.0 | heating/radiators
2026-08-05 18:19:08,064 INFO  scraper.vendor:   NEW Addington Aluminium 1000 x 514 Radiator Type10 Gloss White | £345.0 | heating/radiators
2026-08-05 18:19:10,377 INFO  scraper.vendor:   NEW Addington Aluminium 800 x 588 Radiator Type10 Gloss White | £338.0 | heating/radiators
2026-08-05 18:19:12,512 INFO  scraper.vendor:   NEW Addington Aluminium 800 x 514 Radiator Type10 Gloss White | £305.0 | heating/radiators
2026-08-05 18:19:14,814 INFO  scraper.vendor:   NEW Addington Aluminium 600 x 1254 Radiator Type10 Gloss White | £527.0 | heating/radiators
2026-08-05 18:19:17,234 INFO  scraper.vendor:   NEW Addington Aluminium 600 x 1180 Radiator Type10 Gloss White | £502.0 | heating/radiators
2026-08-05 18:19:19,355 INFO  scraper.vendor:   NEW Addington Aluminium 600 x 1032 Radiator Type10 Gloss White | £449.0 | heating/radiators
2026-08-05 18:19:21,570 INFO  scraper.vendor:   NEW Addington Aluminium 600 x 810 Radiator Type10 Gloss White | £366.0 | heating/radiators
2026-08-05 18:19:23,671 INFO  scraper.vendor:   NEW Addington Aluminium 600 x 662 Radiator Type10 Matt Anthracit | £311.0 | heating/radiators
2026-08-05 18:19:25,703 INFO  scraper.vendor:   NEW Addington Aluminium 600 x 588 Radiator Type10 Matt Anthracit | £284.0 | heating/radiators
2026-08-05 18:19:28,097 INFO  scraper.vendor:   NEW Addington Aluminium 1800 x 588 Radiator Type20 Matt Anthraci | £873.0 | heating/radiators
2026-08-05 18:19:29,917 INFO  scraper.vendor:   NEW Addington Aluminium 1800 x 514 Radiator Type20 Matt Anthraci | £768.0 | heating/radiators
2026-08-05 18:19:32,105 INFO  scraper.vendor:   NEW Addington Aluminium 1800 x 440 Radiator Type20 Matt Anthraci | £657.0 | heating/radiators
2026-08-05 18:19:34,384 INFO  scraper.vendor:   NEW Addington Aluminium 1800 x 366 Radiator Type20 Matt Anthraci | £552.0 | heating/radiators
2026-08-05 18:19:36,759 INFO  scraper.vendor:   NEW Addington Aluminium 600 x 1254 Radiator Type20 Matt Anthraci | £723.0 | heating/radiators
2026-08-05 18:19:38,887 INFO  scraper.vendor:   NEW Addington Aluminium 600 x 514 Radiator Type10 Matt Anthracit | £256.0 | heating/radiators
2026-08-05 18:19:41,252 INFO  scraper.vendor:   NEW Addington Aluminium 600 x 1180 Radiator Type20 Matt Anthraci | £683.0 | heating/radiators
2026-08-05 18:19:43,095 INFO  scraper.vendor:   NEW Addington Aluminium 600 x 1032 Radiator Type20 Matt Anthraci | £606.0 | heating/radiators
2026-08-05 18:19:45,010 INFO  scraper.vendor:   NEW Addington Aluminium 600 x 440 Radiator Type10 Matt Anthracit | £230.0 | heating/radiators
2026-08-05 18:19:46,963 INFO  scraper.vendor:   NEW Addington Aluminium 600 x 810 Radiator Type20 Matt Anthracit | £491.0 | heating/radiators
2026-08-05 18:19:49,158 INFO  scraper.vendor:   NEW Addington Aluminium 600 x 366 Radiator Type10 Matt Anthracit | £202.0 | heating/radiators
2026-08-05 18:19:51,309 INFO  scraper.vendor:   NEW Addington Aluminium 600 x 662 Radiator Type20 Matt Anthracit | £416.0 | heating/radiators
2026-08-05 18:19:53,541 INFO  scraper.vendor:   NEW Addington Aluminium 600 x 292 Radiator Type10 Matt Anthracit | £175.0 | heating/radiators
2026-08-05 18:19:55,851 INFO  scraper.vendor:   NEW Addington Aluminium 600 x 588 Radiator Type20 Matt Anthracit | £373.0 | heating/radiators
2026-08-05 18:19:58,018 INFO  scraper.vendor:   NEW Addington Aluminium 500 x 588 Radiator Type10 Matt Anthracit | £261.0 | heating/radiators
2026-08-05 18:20:00,328 INFO  scraper.vendor:   NEW Addington Aluminium 600 x 514 Radiator Type20 Matt Anthracit | £334.0 | heating/radiators
2026-08-05 18:20:02,196 INFO  scraper.vendor:   NEW Addington Aluminium 500 x 514 Radiator Type10 Matt Anthracit | £237.0 | heating/radiators
2026-08-05 18:20:04,293 INFO  scraper.vendor:   NEW Addington Aluminium 600 x 440 Radiator Type20 Matt Anthracit | £296.0 | heating/radiators
2026-08-05 18:20:07,047 INFO  scraper.vendor:   NEW Addington Aluminium 1800 x 588 Radiator Type10 Gloss White | £557.0 | heating/radiators
2026-08-05 18:20:09,297 INFO  scraper.vendor:   NEW Addington Aluminium 600 x 366 Radiator Type20 Matt Anthracit | £258.0 | heating/radiators
2026-08-05 18:20:11,578 INFO  scraper.vendor:   NEW Addington Aluminium 1800 x 514 Radiator Type10 Gloss White | £501.0 | heating/radiators
2026-08-05 18:20:13,844 INFO  scraper.vendor:   NEW Addington Aluminium 600 x 292 Radiator Type20 Matt Anthracit | £222.0 | heating/radiators
2026-08-05 18:20:16,164 INFO  scraper.vendor:   NEW Addington Aluminium 1800 x 440 Radiator Type10 Gloss White | £441.0 | heating/radiators
2026-08-05 18:20:18,550 INFO  scraper.vendor:   NEW Addington Aluminium 1800 x 588 Radiator Type20 Gloss White | £873.0 | heating/radiators
2026-08-05 18:20:20,507 INFO  scraper.vendor:   NEW Addington Aluminium 1800 x 366 Radiator Type10 Gloss White | £383.0 | heating/radiators
2026-08-05 18:20:22,637 INFO  scraper.vendor:   NEW Addington Aluminium 1800 x 292 Radiator Type10 Gloss White | £321.0 | heating/radiators
2026-08-05 18:20:25,072 INFO  scraper.vendor:   NEW Addington Aluminium 1800 x 514 Radiator Type20 Gloss White | £768.0 | heating/radiators
2026-08-05 18:20:27,476 INFO  scraper.vendor:   NEW Addington Aluminium 1800 x 440 Radiator Type20 Gloss White | £657.0 | heating/radiators
2026-08-05 18:20:29,574 INFO  scraper.vendor:   NEW Addington Aluminium 1400 x 588 Radiator Type10 Gloss White | £477.0 | heating/radiators
2026-08-05 18:20:31,939 INFO  scraper.vendor:   NEW Addington Aluminium 1800 x 366 Radiator Type20 Gloss White | £552.0 | heating/radiators
2026-08-05 18:20:33,995 INFO  scraper.vendor:   NEW Addington Aluminium 600 x 1254 Radiator Type20 Gloss White | £723.0 | heating/radiators
2026-08-05 18:20:36,505 INFO  scraper.vendor:   NEW Addington Aluminium 600 x 1180 Radiator Type20 Gloss White | £683.0 | heating/radiators
2026-08-05 18:20:38,893 INFO  scraper.vendor:   NEW Addington Aluminium 600 x 1032 Radiator Type20 Gloss white | £606.0 | heating/radiators
2026-08-05 18:20:41,062 INFO  scraper.vendor:   NEW Addington Aluminium 1200 x 514 Radiator Type10 Matt Anthraci | £387.0 | heating/radiators
2026-08-05 18:20:43,199 INFO  scraper.vendor:   NEW Addington Aluminium 600 x 810 Radiator Type20 Gloss White | £491.0 | heating/radiators
2026-08-05 18:20:45,495 INFO  scraper.vendor:   NEW Addington Aluminium 1000 x 588 Radiator Type10 Matt Anthraci | £385.0 | heating/radiators
2026-08-05 18:20:47,901 INFO  scraper.vendor:   NEW Sandhurst 1800 x 275 Aluminium Radiator Matt Anthracite | £335.0 | heating/radiators
2026-08-05 18:20:50,328 INFO  scraper.vendor:   NEW Addington Aluminium 1000 x 514 Radiator Type10 Matt Anthraci | £345.0 | heating/radiators
2026-08-05 18:20:52,245 INFO  scraper.vendor:   NEW Sandhurst 600 x 1255 Aluminium Radiator Matt Anthracite | £580.0 | heating/radiators
2026-08-05 18:20:54,540 INFO  scraper.vendor:   NEW Sandhurst 600 x 1045 Aluminium Radiator Matt Anthracite | £493.0 | heating/radiators
2026-08-05 18:20:56,690 INFO  scraper.vendor:   NEW Addington Aluminium 800 x 588 Radiator Type10 Matt Anthracit | £338.0 | heating/radiators
2026-08-05 18:20:59,208 INFO  scraper.vendor:   NEW Sandhurst 600 x 835 Aluminium Radiator Matt Anthracite | £410.0 | heating/radiators
2026-08-05 18:21:01,518 INFO  scraper.vendor:   NEW Addington Aluminium 800 x 514 Radiator Type10 Matt Anthracit | £305.0 | heating/radiators
2026-08-05 18:21:03,245 INFO  scraper.vendor:   NEW Sandhurst 600 x 625 Aluminium Radiator Matt Anthracite | £326.0 | heating/radiators
2026-08-05 18:21:05,143 INFO  scraper.vendor:   NEW Addington Aluminium 600 x 1254 Radiator Type10 Matt Anthraci | £527.0 | heating/radiators
2026-08-05 18:21:07,306 INFO  scraper.vendor:   NEW Guardia 1800 x 565 Aluminium Radiator Matt Black | £863.0 | heating/radiators
2026-08-05 18:21:09,538 INFO  scraper.vendor:   NEW Guardia Towel Hanger 470mm Matt White | £98.0 | accessories
2026-08-05 18:21:12,030 INFO  scraper.vendor:   NEW Sandhurst 600 x 485 Aluminium Radiator Matt Anthracite | £271.0 | heating/radiators
2026-08-05 18:21:13,988 INFO  scraper.vendor:   NEW Guardia Towel Hanger 375mm Matt White | £92.0 | accessories
2026-08-05 18:21:16,154 INFO  scraper.vendor:   NEW Addington Aluminium 600 x 1180 Radiator Type10 Matt Anthraci | £502.0 | heating/radiators
2026-08-05 18:21:18,354 INFO  scraper.vendor:   NEW Guardia 1800 x 565 Aluminium Radiator Matt Anthracite | £863.0 | heating/radiators
2026-08-05 18:21:20,337 INFO  scraper.vendor:   NEW Guardia Towel Hanger 280mm Matt White | £83.0 | accessories
2026-08-05 18:21:22,491 INFO  scraper.vendor:   NEW Guardia 1800 x 565 Aluminium Radiator Matt Grey | £863.0 | heating/radiators
2026-08-05 18:21:24,579 INFO  scraper.vendor:   NEW Hadleigh 600 x 625 Aluminium Radiator Matt Anthracite | £362.0 | heating/radiators
2026-08-05 18:21:26,852 INFO  scraper.vendor:   NEW Addington Aluminium 600 x 1032 Radiator Type10 Matt Anthraci | £449.0 | heating/radiators
2026-08-05 18:21:29,185 INFO  scraper.vendor:   NEW Sandhurst 1800 x 415 Aluminium Radiator Matt White | £468.0 | heating/radiators
2026-08-05 18:21:31,771 INFO  scraper.vendor:   NEW Guardia 1800 x 565 Aluminium Radiator Matt White | £863.0 | heating/radiators
2026-08-05 18:21:34,289 INFO  scraper.vendor:   NEW Hadleigh 600 x 485 Aluminium Radiator Matt Anthracite | £295.0 | heating/radiators
2026-08-05 18:21:36,602 INFO  scraper.vendor:   NEW Addington Aluminium 600 x 810 Radiator Type10 Matt Anthracit | £366.0 | heating/radiators
2026-08-05 18:21:38,913 INFO  scraper.vendor:   NEW Sandhurst 1800 x 275 Aluminium Radiator Matt White | £335.0 | heating/radiators
2026-08-05 18:21:41,203 INFO  scraper.vendor:   NEW Peretti 1800 x 565 Aluminium Radiator Polished Aluminium | £654.0 | heating/radiators
2026-08-05 18:21:43,492 INFO  scraper.vendor:   NEW Hadleigh 1800 x 485 Aluminium Radiator Matt White | £672.0 | heating/radiators
2026-08-05 18:21:45,728 INFO  scraper.vendor:   NEW Sandhurst 600 x 1255 Aluminium Radiator Matt White | £580.0 | heating/radiators
2026-08-05 18:21:47,755 INFO  scraper.vendor:   NEW Peretti Stainless Steel Towel Hanger 470mm Mirror Polished | £87.0 | accessories
2026-08-05 18:21:49,718 INFO  scraper.vendor:   NEW Peretti 1800 x 565 Aluminium Radiator Matt Black | £581.0 | heating/radiators
2026-08-05 18:21:51,859 INFO  scraper.vendor:   NEW Hadleigh 1800 x 415 Aluminium Radiator Matt White | £585.0 | heating/radiators
2026-08-05 18:21:53,875 INFO  scraper.vendor:   NEW Peretti Stainless Steel Towel Hanger 375mm Mirror Polished | £80.0 | accessories
2026-08-05 18:21:55,745 INFO  scraper.vendor:   NEW Peretti 1800 x 565 Aluminium Radiator Matt Anthracite | £581.0 | heating/radiators
2026-08-05 18:21:57,769 INFO  scraper.vendor:   NEW Sandhurst 600 x 1045 Aluminium Radiator Matt White | £493.0 | heating/radiators
2026-08-05 18:22:00,380 INFO  scraper.vendor:   NEW Hadleigh 1800 x 275 Aluminium Radiator Matt White | £410.0 | heating/radiators
2026-08-05 18:22:02,875 INFO  scraper.vendor:   NEW Peretti Stainless Steel Towel Hanger 280mm Mirror Polished | £73.0 | accessories
2026-08-05 18:22:05,577 INFO  scraper.vendor:   NEW Peretti 1800 x 565 Aluminium Radiator Matt White | £581.0 | heating/radiators
2026-08-05 18:22:07,586 INFO  scraper.vendor:   NEW Sandhurst 600 x 835 Aluminium Radiator Matt White | £410.0 | heating/radiators
2026-08-05 18:22:09,698 INFO  scraper.vendor:   NEW Rosano Stainless Steel Towel Hanger 470mm Mirror Polished | £87.0 | accessories
2026-08-05 18:22:11,915 INFO  scraper.vendor:   NEW Hadleigh 600 x 1255 Aluminium Radiator Matt White | £669.0 | heating/radiators
2026-08-05 18:22:14,054 INFO  scraper.vendor:   NEW Rosano 1800 x 565 Aluminium Radiator Matt Black | £581.0 | heating/radiators
2026-08-05 18:22:16,301 INFO  scraper.vendor:   NEW Sandhurst 600 x 625 Aluminium Radiator Matt White | £326.0 | heating/radiators
2026-08-05 18:22:18,942 INFO  scraper.vendor:   NEW Rosano Stainless Steel Towel Hanger 375mm Mirror Polished | £80.0 | accessories
2026-08-05 18:22:21,141 INFO  scraper.vendor:   NEW Hadleigh 600 x 1045 Aluminium Radiator Matt White | £567.0 | heating/radiators
2026-08-05 18:22:23,320 INFO  scraper.vendor:   NEW Rosano 1800 x 565 Aluminium Radiator Matt Anthracite | £581.0 | heating/radiators
2026-08-05 18:22:25,354 INFO  scraper.vendor:   NEW Rosano Stainless Steel Towel Hanger 280mm Mirror Polished | £73.0 | accessories
2026-08-05 18:22:27,211 INFO  scraper.vendor:   NEW Rosano 1800 x 565 Aluminium Radiator Matt White | £581.0 | heating/radiators
2026-08-05 18:22:29,436 INFO  scraper.vendor:   NEW Sandhurst 600 x 485 Aluminium Radiator Matt White | £271.0 | heating/radiators
2026-08-05 18:22:31,585 INFO  scraper.vendor:   NEW Hadleigh 600 x 835 Aluminium Radiator Matt White | £465.0 | heating/radiators
2026-08-05 18:22:34,102 INFO  scraper.vendor:   NEW Guardia 600 x 1420 Aluminium Radiator Matt Grey | £843.0 | heating/radiators
2026-08-05 18:22:36,222 INFO  scraper.vendor:   NEW Sandhurst 1800 x 485 Aluminium Radiator Polished Aluminium | £599.0 | heating/radiators
2026-08-05 18:22:38,469 INFO  scraper.vendor:   NEW Hadleigh 600 x 625 Aluminium Radiator Matt White | £362.0 | heating/radiators
2026-08-05 18:22:40,475 INFO  scraper.vendor:   NEW Hadleigh 1800 x 485 Aluminium Radiator Matt Black | £672.0 | heating/radiators
2026-08-05 18:22:42,756 INFO  scraper.vendor:   NEW Guardia 600 x 1230 Aluminium Radiator Matt Grey | £735.0 | heating/radiators
2026-08-05 18:22:45,820 INFO  scraper.vendor:   NEW Sandhurst 1800 x 415 Aluminium Radiator Polished Aluminium | £525.0 | heating/radiators
2026-08-05 18:22:48,109 INFO  scraper.vendor:   NEW Hadleigh 1800 x 415 Aluminium Radiator Matt Black | £585.0 | heating/radiators
2026-08-05 18:22:50,195 INFO  scraper.vendor:   NEW Sandhurst 1800 x 275 Aluminium Radiator Polished Aluminium | £377.0 | heating/radiators
2026-08-05 18:22:52,263 INFO  scraper.vendor:   NEW Hadleigh 600 x 485 Aluminium Radiator Matt White | £295.0 | heating/radiators
2026-08-05 18:22:54,622 INFO  scraper.vendor:   NEW Guardia 600 x 1040 Aluminium Radiator Matt Grey | £629.0 | heating/radiators
2026-08-05 18:22:56,729 INFO  scraper.vendor:   NEW Hadleigh 1800 x 275 Aluminium Radiator Matt Black | £410.0 | heating/radiators
2026-08-05 18:22:58,685 INFO  scraper.vendor:   NEW Guardia Towel Hanger 470mm. Chrome | £111.0 | accessories
2026-08-05 18:23:01,019 INFO  scraper.vendor:   NEW Guardia 600 x 850 Aluminium Radiator Matt Grey | £523.0 | heating/radiators
2026-08-05 18:23:03,557 INFO  scraper.vendor:   NEW Hadleigh 600 x 1255 Aluminium Radiator Matt Black | £669.0 | heating/radiators
2026-08-05 18:23:05,719 INFO  scraper.vendor:   NEW Guardia Towel Hanger 375mm Chrome | £96.0 | accessories
2026-08-05 18:23:08,063 INFO  scraper.vendor:   NEW Sandhurst 1800 x 415 Aluminium Radiator Matt Anthracite | £468.0 | heating/radiators
2026-08-05 18:23:10,333 INFO  scraper.vendor:   NEW Guardia 600 x 660 Aluminium Radiator Matt Grey | £417.0 | heating/radiators
2026-08-05 18:23:12,559 INFO  scraper.vendor:   NEW Guardia Towel Hanger 280mm Chrome | £87.0 | accessories
2026-08-05 18:23:14,989 INFO  scraper.vendor:   NEW Hadleigh 600 x 1045 Aluminium Radiator Matt Black | £567.0 | heating/radiators
2026-08-05 18:23:16,833 INFO  scraper.vendor:   NEW Guardia Towel Hanger 470mm Matt Black | £98.0 | accessories
2026-08-05 18:23:19,185 INFO  scraper.vendor:   NEW Guardia 600 x 470 Aluminium Radiator Matt Grey | £310.0 | heating/radiators
2026-08-05 18:23:21,476 INFO  scraper.vendor:   NEW Guardia Towel Hanger 375mm Matt Black | £92.0 | accessories
2026-08-05 18:23:23,502 INFO  scraper.vendor:   NEW Hadleigh 600 x 835 Aluminium Radiator Matt Black | £465.0 | heating/radiators
2026-08-05 18:23:25,529 INFO  scraper.vendor:   NEW Guardia 1800 x 470 Aluminium Radiator Matt Grey | £719.0 | heating/radiators
2026-08-05 18:23:27,396 INFO  scraper.vendor:   NEW Guardia Towel Hanger 280mm Matt Black | £83.0 | accessories
2026-08-05 18:23:29,696 INFO  scraper.vendor:   NEW Hadleigh 600 x 625 Aluminium Radiator Matt Black | £362.0 | heating/radiators
2026-08-05 18:23:31,886 INFO  scraper.vendor:   NEW Guardia Towel Hanger 470mm Matt Anthracite | £98.0 | accessories
2026-08-05 18:23:34,275 INFO  scraper.vendor:   NEW Guardia 1800 x 375 Aluminium Radiator Matt Grey | £585.0 | heating/radiators
2026-08-05 18:23:36,362 INFO  scraper.vendor:   NEW Hadleigh 600 x 485 Aluminium Radiator Matt Black | £295.0 | heating/radiators
2026-08-05 18:23:38,463 INFO  scraper.vendor:   NEW Guardia Towel Hanger 375mm Matt Anthracite | £92.0 | accessories
2026-08-05 18:23:40,834 INFO  scraper.vendor:   NEW Guardia 1800 x 280 Aluminium Radiator Matt Grey | £450.0 | heating/radiators
2026-08-05 18:23:42,887 INFO  scraper.vendor:   NEW Guardia Towel Hanger 280mm Matt Anthracite | £83.0 | accessories
2026-08-05 18:23:45,042 INFO  scraper.vendor:   NEW Hadleigh 1800 x 485 Aluminium Radiator Matt Anthracite | £672.0 | heating/radiators
2026-08-05 18:23:47,183 INFO  scraper.vendor:   NEW Guardia Towel Hanger 470mm Matt Grey | £98.0 | accessories
2026-08-05 18:23:49,335 INFO  scraper.vendor:   NEW Berlini 1800 x 185 Aluminium Radiator Polished Aluminium | £238.0 | heating/radiators
2026-08-05 18:23:51,051 INFO  scraper.vendor:   NEW Hadleigh 1800 x 415 Aluminium Radiator Matt Anthracite | £585.0 | heating/radiators
2026-08-05 18:23:53,310 INFO  scraper.vendor:   NEW Guardia Towel Hanger 375mm Matt Grey | £92.0 | accessories
2026-08-05 18:23:55,487 INFO  scraper.vendor:   NEW Berlini 1200 x 185 Aluminium Radiator Polished Aluminium | £208.0 | heating/radiators
2026-08-05 18:23:58,018 INFO  scraper.vendor:   NEW Hadleigh 1800 x 275 Aluminium Radiator Matt Anthracite | £410.0 | heating/radiators
2026-08-05 18:24:00,424 INFO  scraper.vendor:   NEW Guardia Towel Hanger 280mm.  Matt Grey | £83.0 | accessories
2026-08-05 18:24:02,597 INFO  scraper.vendor:   NEW Peretti 600 x 1230 Aluminium Radiator Polished Aluminium | £622.0 | heating/radiators
2026-08-05 18:24:04,590 INFO  scraper.vendor:   NEW Berlini Stainless Steel Towel Hanger 185mm Mirror Polished | £67.0 | accessories
2026-08-05 18:24:06,950 INFO  scraper.vendor:   NEW Vesima Stainless Steel Towel Hanger 503mm Mirror Polished | £90.0 | accessories
2026-08-05 18:24:09,347 INFO  scraper.vendor:   NEW Peretti 600 x 1040 Aluminium Radiator Polished Aluminium | £534.0 | heating/radiators
2026-08-05 18:24:11,423 INFO  scraper.vendor:   NEW Vesima Stainless Steel Towel Hanger 403mm Mirror Polished | £81.0 | accessories
2026-08-05 18:24:13,600 INFO  scraper.vendor:   NEW Peretti 600 x 850 Aluminium Radiator Polished Aluminium | £446.0 | heating/radiators
2026-08-05 18:24:15,583 INFO  scraper.vendor:   NEW Vesima Stainless Steel Towel Hanger 303mm Mirror Polished | £77.0 | accessories
2026-08-05 18:24:17,942 INFO  scraper.vendor:   NEW Peretti 600 x 660 Aluminium Radiator Polished Aluminium | £358.0 | heating/radiators
2026-08-05 18:24:20,071 INFO  scraper.vendor:   NEW Peretti 600 x 470 Aluminium Radiator Polished Aluminium | £271.0 | heating/radiators
2026-08-05 18:24:22,555 INFO  scraper.vendor:   NEW Peretti 1800 x 470 Aluminium Radiator Polished Aluminium | £545.0 | heating/radiators
2026-08-05 18:24:24,622 INFO  scraper.vendor:   NEW Addington Aluminium 600 x 662 Radiator Type20 Gloss White | £416.0 | heating/radiators
2026-08-05 18:24:26,577 INFO  scraper.vendor:   NEW Addington Aluminium 600 x 588 Radiator Type20 Gloss White | £373.0 | heating/radiators
2026-08-05 18:24:28,515 INFO  scraper.vendor:   NEW Addington Aluminium 600 x 514 Radiator Type10 Gloss White | £256.0 | heating/radiators
2026-08-05 18:24:30,918 INFO  scraper.vendor:   NEW Addington Aluminium 600 x 514 Radiator Type20 Gloss White | £334.0 | heating/radiators
2026-08-05 18:24:33,432 INFO  scraper.vendor:   NEW Addington Aluminium 600 x 440 Radiator Type10 Gloss White | £230.0 | heating/radiators
2026-08-05 18:24:35,473 INFO  scraper.vendor:   NEW Addington Aluminium 600 x 440 Radiator Type20 Gloss White | £296.0 | heating/radiators
2026-08-05 18:24:37,588 INFO  scraper.vendor:   NEW Addington Aluminium 600 x 366 Radiator Type10 Gloss White | £202.0 | heating/radiators
2026-08-05 18:24:39,769 INFO  scraper.vendor:   NEW Addington Aluminium 600 x 366 Radiator Type20 Gloss White | £258.0 | heating/radiators
2026-08-05 18:24:42,336 INFO  scraper.vendor:   NEW Addington Aluminium 600 x 292 Radiator Type10 Gloss White | £175.0 | heating/radiators
2026-08-05 18:24:44,807 INFO  scraper.vendor:   NEW Addington Aluminium 600 x 292 Radiator Type20 Gloss White | £222.0 | heating/radiators
2026-08-05 18:24:47,095 INFO  scraper.vendor:   NEW Addington Aluminium 500 x 588 Radiator Type10 Gloss White | £261.0 | heating/radiators
2026-08-05 18:24:49,077 INFO  scraper.vendor:   NEW Addington Aluminium 500 x 514 Radiator Type10 Gloss White | £237.0 | heating/radiators
2026-08-05 18:24:51,092 INFO  scraper.vendor:   NEW Addington Aluminium 1800 x 588 Radiator Type10 Matt Anthraci | £557.0 | heating/radiators
2026-08-05 18:24:52,918 INFO  scraper.vendor:   NEW Guardia Towel Hanger 565mm. Chrome | £118.0 | accessories
2026-08-05 18:24:54,942 INFO  scraper.vendor:   NEW Addington Aluminium 1800 x 514 Radiator Type10 Matt Anthraci | £501.0 | heating/radiators
2026-08-05 18:24:56,941 INFO  scraper.vendor:   NEW Guardia Towel Hanger 565mm. Matt Black | £109.0 | accessories
2026-08-05 18:24:59,161 INFO  scraper.vendor:   NEW Addington Aluminium 1800 x 440 Radiator Type10 Matt Anthraci | £441.0 | heating/radiators
2026-08-05 18:25:01,081 INFO  scraper.vendor:   NEW Guardia Towel Hanger 565mm. Matt Anthracite | £109.0 | accessories
2026-08-05 18:25:02,982 INFO  scraper.vendor:   NEW Addington Aluminium 1800 x 366 Radiator Type10 Matt Anthraci | £383.0 | heating/radiators
2026-08-05 18:25:05,225 INFO  scraper.vendor:   NEW Guardia Towel Hanger 565mm. Matt Grey | £109.0 | accessories
2026-08-05 18:25:07,540 INFO  scraper.vendor:   NEW Guardia Towel Hanger 565mm. Matt White | £109.0 | accessories
2026-08-05 18:25:09,644 INFO  scraper.vendor:   NEW Addington Aluminium 1800 x 292 Radiator Type10 Matt Anthraci | £321.0 | heating/radiators
2026-08-05 18:25:11,842 INFO  scraper.vendor:   NEW Peretti Stainless Steel Towel Hanger 565mm Mirror Polished | £93.0 | accessories
2026-08-05 18:25:14,067 INFO  scraper.vendor:   NEW Addington Aluminium 1400 x 588 Radiator Type10 Matt Anthraci | £477.0 | heating/radiators
2026-08-05 18:25:15,943 INFO  scraper.vendor:   NEW Peretti Towel Hanger 565mm Chrome | £72.0 | accessories
2026-08-05 18:25:18,248 INFO  scraper.vendor:   NEW Peretti Towel Hanger 565mm Matt Black | £78.0 | accessories
2026-08-05 18:25:20,814 INFO  scraper.vendor:   NEW Addington Aluminium 1400 x 514 Radiator Type10 Matt Anthraci | £426.0 | heating/radiators
2026-08-05 18:25:23,434 INFO  scraper.vendor:   NEW Peretti Towel Hanger 565mm Matt Anthracite | £78.0 | accessories
2026-08-05 18:25:25,364 INFO  scraper.vendor:   NEW Peretti Towel Hanger 565mm Matt White | £78.0 | accessories
2026-08-05 18:25:27,292 INFO  scraper.vendor:   NEW Addington Aluminium 1200 x 588 Radiator Type10 Matt Anthraci | £432.0 | heating/radiators
2026-08-05 18:25:29,410 INFO  scraper.vendor:   NEW Rosano Stainless Steel Towel Hanger 565mm Mirror Polished | £93.0 | accessories
2026-08-05 18:25:31,523 INFO  scraper.vendor:   NEW Rosano Towel Hanger 565mm Chrome | £72.0 | accessories
2026-08-05 18:25:33,833 INFO  scraper.vendor:   NEW Rosano Towel Hanger 565mm Matt Black | £78.0 | accessories
2026-08-05 18:25:35,955 INFO  scraper.vendor:   NEW Rosano Towel Hanger 565mm Matt Anthracite | £78.0 | accessories
2026-08-05 18:25:38,261 INFO  scraper.vendor:   NEW Rosano Towel Hanger 565mm Matt White | £78.0 | accessories
2026-08-05 18:25:41,101 INFO  scraper.vendor:   NEW Sandhurst Towel Hanger 485mm Chrome | £65.0 | accessories
2026-08-05 18:25:43,967 INFO  scraper.vendor:   NEW Sandhurst Towel Hanger 415mm Chrome | £57.0 | accessories
2026-08-05 18:25:45,997 INFO  scraper.vendor:   NEW Sandhurst Towel Hanger 275mm Chrome | £50.0 | accessories
2026-08-05 18:25:49,885 INFO  scraper.vendor:   NEW Hadleigh 600 x 1255 Aluminium Radiator Matt Anthracite | £669.0 | heating/radiators
2026-08-05 18:25:52,206 INFO  scraper.vendor:   NEW Sandhurst Towel Hanger 485mm Matt Anthracite | £65.0 | accessories
2026-08-05 18:25:54,506 INFO  scraper.vendor:   NEW Hadleigh 600 x 1045 Aluminium Radiator Matt Anthracite | £567.0 | heating/radiators
2026-08-05 18:25:56,554 INFO  scraper.vendor:   NEW Hadleigh 600 x 835 Aluminium Radiator Matt Anthracite | £465.0 | heating/radiators
2026-08-05 18:25:58,907 INFO  scraper.vendor:   NEW Addington Aluminium 600 x 662 Radiator Type10 Gloss White | £311.0 | heating/radiators
2026-08-05 18:26:01,150 INFO  scraper.vendor:   NEW Addington Aluminium 600 x 588 Radiator Type10 Gloss White | £284.0 | heating/radiators
2026-08-05 18:26:03,487 INFO  scraper.vendor:   NEW Sandhurst Towel Hanger 415mm Matt Anthracite | £57.0 | accessories
2026-08-05 18:26:05,761 INFO  scraper.vendor:   NEW Sandhurst Towel Hanger 275mm Matt Anthracite | £50.0 | accessories
2026-08-05 18:26:07,478 INFO  scraper.vendor:   NEW Sandhurst Towel Hanger 485mm Matt White | £65.0 | accessories
2026-08-05 18:26:09,839 INFO  scraper.vendor:   NEW Sandhurst Towel Hanger 415mm Matt White | £57.0 | accessories
2026-08-05 18:26:12,061 INFO  scraper.vendor:   NEW Sandhurst Towel Hanger 275mm Matt White | £50.0 | accessories
2026-08-05 18:26:14,019 INFO  scraper.vendor:   NEW Hadleigh Towel Hanger 485mm Chrome | £110.0 | accessories
2026-08-05 18:26:16,372 INFO  scraper.vendor:   NEW Hadleigh Towel Hanger 415mm Chrome | £95.0 | accessories
2026-08-05 18:26:18,123 INFO  scraper.vendor:   NEW Hadleigh Towel Hanger 275mm Chrome | £87.0 | accessories
2026-08-05 18:26:20,114 INFO  scraper.vendor:   NEW Hadleigh Towel Hanger 485mm Matt Black | £98.0 | accessories
2026-08-05 18:26:22,219 INFO  scraper.vendor:   NEW Hadleigh Towel Hanger 415mm Matt Black | £90.0 | accessories
2026-08-05 18:26:24,494 INFO  scraper.vendor:   NEW Hadleigh Towel Hanger 275mm Matt Black | £81.0 | accessories
2026-08-05 18:26:26,483 INFO  scraper.vendor:   NEW Hadleigh Towel Hanger 485mm Matt Anthracite | £98.0 | accessories
2026-08-05 18:26:28,300 INFO  scraper.vendor:   NEW Hadleigh Towel Hanger 415mm Matt Anthracite | £90.0 | accessories
2026-08-05 18:26:30,566 INFO  scraper.vendor:   NEW Hadleigh Towel Hanger 275mm Matt Anthracite | £81.0 | accessories
2026-08-05 18:26:33,013 INFO  scraper.vendor:   NEW Hadleigh Towel Hanger 485mm Matt White | £98.0 | accessories
2026-08-05 18:26:35,234 INFO  scraper.vendor:   NEW Hadleigh Towel Hanger 415mm Matt White | £90.0 | accessories
2026-08-05 18:26:37,480 INFO  scraper.vendor:   NEW Hadleigh Towel Hanger 275mm Matt White | £81.0 | accessories
2026-08-05 18:26:39,683 INFO  scraper.vendor:   NEW Tunstall 1800 x 630 Radiator Matt Anthracite | £359.0 | heating/radiators
2026-08-05 18:26:41,896 INFO  scraper.vendor:   NEW Tunstall 1800 x 630 Radiator Matt White | £359.0 | heating/radiators
2026-08-05 18:26:44,069 INFO  scraper.vendor:   NEW Tunstall 1800 x 420 Radiator Chrome | £448.0 | heating/radiators
2026-08-05 18:26:46,305 INFO  scraper.vendor:   NEW Tunstall 1800 x 420 Radiator Matt Black | £229.0 | heating/radiators
2026-08-05 18:26:48,595 INFO  scraper.vendor:   NEW Tunstall 800 x 500 Towel Rail Matt Anthracite | £178.0 | heating/towel-rails
2026-08-05 18:26:50,343 INFO  scraper.vendor:   NEW Tunstall 1800 x 420 Radiator Matt Anthracite | £229.0 | heating/radiators
2026-08-05 18:26:52,825 INFO  scraper.vendor:   NEW Tunstall 800 x 500 Towel Rail Matt White | £178.0 | heating/towel-rails
2026-08-05 18:26:55,010 INFO  scraper.vendor:   NEW Tunstall 560 x 1000 Towel Rail Chrome | £376.0 | heating/towel-rails
2026-08-05 18:26:57,448 INFO  scraper.vendor:   NEW Tunstall 560 x 1000 Towel Rail Matt Black | £257.0 | heating/towel-rails
2026-08-05 18:27:00,106 INFO  scraper.vendor:   NEW Tunstall 560 x 1000 Towel Rail Matt Anthracite | £257.0 | heating/towel-rails
2026-08-05 18:27:02,529 INFO  scraper.vendor:   NEW Tunstall 560 x 1000 Towel Rail Matt White | £257.0 | heating/towel-rails
2026-08-05 18:27:04,585 INFO  scraper.vendor:   NEW Tunstall 600 x 1179 Radiator Matt Black | £296.0 | heating/radiators
2026-08-05 18:27:07,060 INFO  scraper.vendor:   NEW Tunstall 600 x 1179 Radiator Matt Anthracite | £296.0 | heating/radiators
2026-08-05 18:27:09,207 INFO  scraper.vendor:   NEW Tunstall 600 x 1179 Radiator Matt White | £296.0 | heating/radiators
2026-08-05 18:27:11,441 INFO  scraper.vendor:   NEW Charlton 1800 x 280 Aluminium Radiator Matt Anthracite | £307.0 | heating/radiators
2026-08-05 18:27:13,709 INFO  scraper.vendor:   NEW Tunstall 600 x 1002 Radiator Matt Black | £252.0 | heating/radiators
2026-08-05 18:27:15,686 INFO  scraper.vendor:   NEW Charlton 1800 x 280 Aluminium Radiator Matt White | £307.0 | heating/radiators
2026-08-05 18:27:17,600 INFO  scraper.vendor:   NEW Rowsham Towel Hanger 300mm Chrome | £74.0 | accessories
2026-08-05 18:27:20,247 INFO  scraper.vendor:   NEW Tunstall 600 x 1002 Radiator Matt Anthracite | £252.0 | heating/radiators
2026-08-05 18:27:22,208 INFO  scraper.vendor:   NEW Rowsham 1800 x 500mm Radiator Matt Anthracite | £461.0 | heating/radiators
2026-08-05 18:27:24,241 INFO  scraper.vendor:   NEW Tunstall 600 x 1002 Radiator Matt White | £252.0 | heating/radiators
2026-08-05 18:27:26,352 INFO  scraper.vendor:   NEW Rowsham 1800 x 380mm Radiator Matt Anthracite | £448.0 | heating/radiators
2026-08-05 18:27:28,496 INFO  scraper.vendor:   NEW Tunstall 600 x 825 Radiator Matt Black | £207.0 | heating/radiators
2026-08-05 18:27:30,528 INFO  scraper.vendor:   NEW Rowsham 1800 x 300mm Radiator Matt Anthracite | £350.0 | heating/radiators
2026-08-05 18:27:32,846 INFO  scraper.vendor:   NEW Tunstall 600 x 825 Radiator Matt Anthracite | £207.0 | heating/radiators
2026-08-05 18:27:35,013 INFO  scraper.vendor:   NEW Rowsham 600 x 1180mm Radiator Matt Anthracite | £482.0 | heating/radiators
2026-08-05 18:27:36,764 INFO  scraper.vendor:   NEW Tunstall 600 x 825 Radiator Matt White | £207.0 | heating/radiators
2026-08-05 18:27:38,998 INFO  scraper.vendor:   NEW Rowsham 600 x 980mm Radiator Matt Anthracite | £415.0 | heating/radiators
2026-08-05 18:27:40,804 INFO  scraper.vendor:   NEW Tunstall 600 x 589 Radiator Matt Black | £153.0 | heating/radiators
2026-08-05 18:27:42,991 INFO  scraper.vendor:   NEW Rowsham 600 x 780mm Radiator Matt Anthracite | £363.0 | heating/radiators
2026-08-05 18:27:44,992 INFO  scraper.vendor:   NEW Tunstall 600 x 589 Radiator Matt Anthracite | £153.0 | heating/radiators
2026-08-05 18:27:47,278 INFO  scraper.vendor:   NEW Tunstall 600 x 589 Radiator Matt White | £153.0 | heating/radiators
2026-08-05 18:27:49,578 INFO  scraper.vendor:   NEW Tunstall 1800 x 630 Radiator Chrome | £592.0 | heating/radiators
2026-08-05 18:27:51,371 INFO  scraper.vendor:   NEW Tunstall 1800 x 630 Radiator Matt Black | £359.0 | heating/radiators
2026-08-05 18:27:53,527 INFO  scraper.vendor:   NEW Guardia 1200 x 565 Aluminium Radiator Matt White | £633.0 | heating/radiators
2026-08-05 18:27:55,480 INFO  scraper.vendor:   NEW Guardia 1200 x 470 Aluminium Radiator Matt Black | £535.0 | heating/radiators
2026-08-05 18:27:58,018 INFO  scraper.vendor:   NEW Fairford 1800 x 375 Aluminium Radiator Matt White | £460.0 | heating/radiators
2026-08-05 18:28:00,291 INFO  scraper.vendor:   NEW Fairford 1200 x 375 Aluminium Radiator Matt White | £398.0 | heating/radiators
2026-08-05 18:28:02,725 INFO  scraper.vendor:   NEW Fairford 600 x 1325 Aluminium Radiator Matt White | £731.0 | heating/radiators
2026-08-05 18:28:05,025 INFO  scraper.vendor:   NEW Burford 600 x 1185 Aluminium Radiator Matt Anthracite | £840.0 | heating/radiators
2026-08-05 18:28:07,542 INFO  scraper.vendor:   NEW Fairford 600 x 945 Aluminium Radiator Matt White | £531.0 | heating/radiators
2026-08-05 18:28:09,754 INFO  scraper.vendor:   NEW Fairford 600 x 565 Aluminium Radiator Matt White | £324.0 | heating/radiators
2026-08-05 18:28:12,171 INFO  scraper.vendor:   NEW Burford 600 x 1045 Aluminium Radiator Matt Anthracite | £750.0 | heating/radiators
2026-08-05 18:28:14,383 INFO  scraper.vendor:   NEW Burford 600 x 835 Aluminium Radiator Matt Anthracite | £609.0 | heating/radiators
2026-08-05 18:28:16,503 INFO  scraper.vendor:   NEW Burford 600 x 625 Aluminium Radiator Matt Anthracite | £460.0 | heating/radiators
2026-08-05 18:28:18,913 INFO  scraper.vendor:   NEW Burford 600 x 485 Aluminium Radiator Matt Anthracite | £369.0 | heating/radiators
2026-08-05 18:28:20,940 INFO  scraper.vendor:   NEW Burford 1800 x 485 Aluminium Radiator Matt White | £711.0 | heating/radiators
2026-08-05 18:28:22,717 INFO  scraper.vendor:   NEW Withington/Peretti Towel Hanger 470mm Chrome | £65.0 | accessories
2026-08-05 18:28:24,686 INFO  scraper.vendor:   NEW Preston/Berlini Towel Hanger 185mm Chrome | £46.0 | accessories
2026-08-05 18:28:26,877 INFO  scraper.vendor:   NEW Burford 1800 x 415 Aluminium Radiator Matt White | £618.0 | heating/radiators
2026-08-05 18:28:29,243 INFO  scraper.vendor:   NEW Withington/Peretti Towel Hanger 375mm Chrome | £56.0 | accessories
2026-08-05 18:28:31,477 INFO  scraper.vendor:   NEW Rowsham 600 x 580mm Radiator Matt Anthracite | £324.0 | heating/radiators
2026-08-05 18:28:33,917 INFO  scraper.vendor:   NEW Preston 1800 x 185 Aluminium Radiator Matt Black | £213.0 | heating/radiators
2026-08-05 18:28:36,227 INFO  scraper.vendor:   NEW Tunstall 1200 x 500 Towel Rail Matt Black | £268.0 | heating/towel-rails
2026-08-05 18:28:38,516 INFO  scraper.vendor:   NEW Withington/Peretti Towel Hanger 280mm Chrome | £53.0 | accessories
2026-08-05 18:28:40,845 INFO  scraper.vendor:   NEW Burford 1800 x 345 Aluminium Radiator Matt White | £519.0 | heating/radiators
2026-08-05 18:28:42,785 INFO  scraper.vendor:   NEW Rowsham 1800 x 500mm Radiator Matt White | £461.0 | heating/radiators
2026-08-05 18:28:45,091 INFO  scraper.vendor:   NEW Preston 1800 x 185 Aluminium Radiator Matt Anthracite | £213.0 | heating/radiators
2026-08-05 18:28:47,393 INFO  scraper.vendor:   NEW Tunstall 1200 x 500 Towel Rail Matt Anthracite | £268.0 | heating/towel-rails
2026-08-05 18:28:49,952 INFO  scraper.vendor:   NEW Burford 1800 x 275 Aluminium Radiator Matt White | £434.0 | heating/radiators
2026-08-05 18:28:51,930 INFO  scraper.vendor:   NEW Withington 1800 x 470 Aluminium Radiator Matt Anthracite | £479.0 | heating/radiators
2026-08-05 18:28:53,962 INFO  scraper.vendor:   NEW Preston 1800 x 185 Aluminium Radiator Matt White | £213.0 | heating/radiators
2026-08-05 18:28:56,302 INFO  scraper.vendor:   NEW Rowsham 1800 x 380mm Radiator Matt White | £448.0 | heating/radiators
2026-08-05 18:28:58,729 INFO  scraper.vendor:   NEW Tunstall 1200 x 500 Towel Rail Matt White | £268.0 | heating/towel-rails
2026-08-05 18:29:00,993 INFO  scraper.vendor:   NEW Burford 600 x 1185 Aluminium Radiator Matt White | £840.0 | heating/radiators
2026-08-05 18:29:03,529 INFO  scraper.vendor:   NEW Withington 1800 x 470 Aluminium Radiator Matt White | £479.0 | heating/radiators
2026-08-05 18:29:05,769 INFO  scraper.vendor:   NEW Malmesbury Towel Hanger 470mm Chrome | £65.0 | accessories
2026-08-05 18:29:07,496 INFO  scraper.vendor:   NEW Rowsham 1800 x 300mm Radiator Matt White | £350.0 | heating/radiators
2026-08-05 18:29:09,283 INFO  scraper.vendor:   NEW Withington 1800 x 375 Aluminium Radiator Matt Anthracite | £397.0 | heating/radiators
2026-08-05 18:29:11,314 INFO  scraper.vendor:   NEW Tunstall 800 x 500 Towel Rail Chrome | £323.0 | heating/towel-rails
2026-08-05 18:29:13,491 INFO  scraper.vendor:   NEW Malmesbury Towel Hanger 375mm Chrome | £56.0 | accessories
2026-08-05 18:29:15,922 INFO  scraper.vendor:   NEW Burford 600 x 1045 Aluminium Radiator Matt White | £750.0 | heating/radiators
2026-08-05 18:29:18,335 INFO  scraper.vendor:   NEW Rowsham 600 x 1180mm Radiator Matt White | £482.0 | heating/radiators
2026-08-05 18:29:20,424 INFO  scraper.vendor:   NEW Malmesbury Towel Hanger 280mm Chrome | £53.0 | accessories
2026-08-05 18:29:22,514 INFO  scraper.vendor:   NEW Withington 1800 x 375 Aluminium Radiator Matt White | £397.0 | heating/radiators
2026-08-05 18:29:24,663 INFO  scraper.vendor:   NEW Tunstall 800 x 500 Towel Rail Matt Black | £178.0 | heating/towel-rails
2026-08-05 18:29:26,915 INFO  scraper.vendor:   NEW Burford 600 x 835 Aluminium Radiator Matt White | £609.0 | heating/radiators
2026-08-05 18:29:29,201 INFO  scraper.vendor:   NEW Rowsham 600 x 980mm Radiator Matt White | £415.0 | heating/radiators
2026-08-05 18:29:31,318 INFO  scraper.vendor:   NEW Malmesbury 600 x 565 Aluminium Radiator Matt Anthracite | £307.0 | heating/radiators
2026-08-05 18:29:33,578 INFO  scraper.vendor:   NEW Withington 1800 x 280 Aluminium Radiator Matt Anthracite | £307.0 | heating/radiators
2026-08-05 18:29:35,775 INFO  scraper.vendor:   NEW Burford 600 x 625 Aluminium Radiator Matt White | £460.0 | heating/radiators
2026-08-05 18:29:37,860 INFO  scraper.vendor:   NEW Rowsham 600 x 780mm Radiator Matt White | £363.0 | heating/radiators
2026-08-05 18:29:39,987 INFO  scraper.vendor:   NEW Vesima 1800 x 603 Aluminium Radiator Matt Black | £642.0 | heating/radiators
2026-08-05 18:29:41,958 INFO  scraper.vendor:   NEW Malmesbury 600 x 565 Aluminium Radiator Matt White | £307.0 | heating/radiators
2026-08-05 18:29:43,948 INFO  scraper.vendor:   NEW Burford 600 x 485 Aluminium Radiator Matt White | £369.0 | heating/radiators
2026-08-05 18:29:46,445 INFO  scraper.vendor:   NEW Withington 1800 x 280 Aluminium Radiator Matt White | £307.0 | heating/radiators
2026-08-05 18:29:48,389 INFO  scraper.vendor:   NEW Guardia 1200 x 470 Aluminium Radiator Matt Anthracite | £535.0 | heating/radiators
2026-08-05 18:29:50,824 INFO  scraper.vendor:   NEW Malmesbury 600 x 470 Aluminium Radiator Matt Anthracite | £261.0 | heating/radiators
2026-08-05 18:29:52,901 INFO  scraper.vendor:   NEW Vesima 1800 x 603 Aluminium Radiator Matt Anthracite | £642.0 | heating/radiators
2026-08-05 18:29:54,779 INFO  scraper.vendor:   NEW Rowsham 600 x 580mm Radiator Matt White | £324.0 | heating/radiators
2026-08-05 18:29:57,276 INFO  scraper.vendor:   NEW Fairford 1800 x 375 Aluminium Radiator Matt Anthracite | £460.0 | heating/radiators
2026-08-05 18:29:59,421 INFO  scraper.vendor:   NEW Charlton/Rosano Towel Hanger 470mm Chrome | £65.0 | accessories
2026-08-05 18:30:01,852 INFO  scraper.vendor:   NEW Vesima 1800 x 603 Aluminium Radiator Matt White | £642.0 | heating/radiators
2026-08-05 18:30:04,210 INFO  scraper.vendor:   NEW Guardia 1200 x 470 Aluminium Radiator Matt White | £535.0 | heating/radiators
2026-08-05 18:30:06,450 INFO  scraper.vendor:   NEW Tunstall 1600 x 600 Towel Rail Chrome | £534.0 | heating/towel-rails
2026-08-05 18:30:08,678 INFO  scraper.vendor:   NEW Malmesbury 600 x 470 Aluminium Radiator Matt White | £261.0 | heating/radiators
2026-08-05 18:30:10,991 INFO  scraper.vendor:   NEW Fairford 1200 x 375 Aluminium Radiator Matt Anthracite | £398.0 | heating/radiators
2026-08-05 18:30:13,323 INFO  scraper.vendor:   NEW Charlton/Rosano Towel Hanger 375mm Chrome | £56.0 | accessories
2026-08-05 18:30:15,567 INFO  scraper.vendor:   NEW Hadleigh 600 x 1395 Aluminium Radiator Matt Black | £743.0 | heating/radiators
2026-08-05 18:30:17,708 INFO  scraper.vendor:   NEW Malmesbury 600 x 375 Aluminium Radiator Matt Anthracite | £210.0 | heating/radiators
2026-08-05 18:30:20,017 INFO  scraper.vendor:   NEW Tunstall 1600 x 600 Towel Rail Matt Black | £373.0 | heating/towel-rails
2026-08-05 18:30:22,219 INFO  scraper.vendor:   NEW Guardia 1200 x 375 Aluminium Radiator Matt Black | £437.0 | heating/radiators
2026-08-05 18:30:24,345 INFO  scraper.vendor:   NEW Fairford 600 x 1325 Aluminium Radiator Matt Anthracite | £731.0 | heating/radiators
2026-08-05 18:30:26,278 INFO  scraper.vendor:   NEW Charlton/Rosano Towel Hanger 280mm Chrome | £53.0 | accessories
2026-08-05 18:30:28,585 INFO  scraper.vendor:   NEW Hadleigh 600 x 1395 Aluminium Radiator Matt Anthracite | £743.0 | heating/radiators
2026-08-05 18:30:30,623 INFO  scraper.vendor:   NEW Guardia 1200 x 375 Aluminium Radiator Matt Anthracite | £437.0 | heating/radiators
2026-08-05 18:30:32,978 INFO  scraper.vendor:   NEW Malmesbury 600 x 375 Aluminium Radiator Matt White | £210.0 | heating/radiators
2026-08-05 18:30:35,457 INFO  scraper.vendor:   NEW Charlton 1800 x 470 Aluminium Radiator Matt Anthracite | £479.0 | heating/radiators
2026-08-05 18:30:37,374 INFO  scraper.vendor:   NEW Tunstall 1600 x 600 Towel Rail Matt Anthracite | £373.0 | heating/towel-rails
2026-08-05 18:30:39,484 INFO  scraper.vendor:   NEW Fairford 600 x 945 Aluminium Radiator Matt Anthracite | £531.0 | heating/radiators
2026-08-05 18:30:41,580 INFO  scraper.vendor:   NEW Hadleigh 600 x 1395 Aluminium Radiator Matt White | £743.0 | heating/radiators
2026-08-05 18:30:43,615 INFO  scraper.vendor:   NEW Tunstall 1600 x 600 Towel Rail Matt White | £373.0 | heating/towel-rails
2026-08-05 18:30:45,955 INFO  scraper.vendor:   NEW Malmesbury 1800 x 470 Aluminium Radiator Matt Anthracite | £509.0 | heating/radiators
2026-08-05 18:30:48,414 INFO  scraper.vendor:   NEW Guardia 1200 x 375 Aluminium Radiator Matt White | £437.0 | heating/radiators
2026-08-05 18:30:50,300 INFO  scraper.vendor:   NEW Charlton 1800 x 470 Aluminium Radiator Matt White | £479.0 | heating/radiators
2026-08-05 18:30:52,455 INFO  scraper.vendor:   NEW Hadleigh 1200 x 555 Aluminium Radiator Matt Black | £595.0 | heating/radiators
2026-08-05 18:30:54,943 INFO  scraper.vendor:   NEW Fairford 600 x 565 Aluminium Radiator Matt Anthracite | £324.0 | heating/radiators
2026-08-05 18:30:57,133 INFO  scraper.vendor:   NEW Tunstall 1200 x 600 Towel Rail Chrome | £423.0 | heating/towel-rails
2026-08-05 18:30:59,490 INFO  scraper.vendor:   NEW Guardia 1200 x 280 Aluminium Radiator Matt Black | £339.0 | heating/radiators
2026-08-05 18:31:01,507 INFO  scraper.vendor:   NEW Malmesbury 1800 x 470 Aluminium Radiator Matt White | £509.0 | heating/radiators
2026-08-05 18:31:03,905 INFO  scraper.vendor:   NEW Charlton 1800 x 375 Aluminium Radiator Matt Anthracite | £397.0 | heating/radiators
2026-08-05 18:31:06,591 INFO  scraper.vendor:   NEW Tunstall 1200 x 600 Towel Rail Matt Black | £296.0 | heating/towel-rails
2026-08-05 18:31:08,697 INFO  scraper.vendor:   NEW Fairford 600 x 375 Aluminium Radiator Matt Anthracite | £231.0 | heating/radiators
2026-08-05 18:31:10,750 INFO  scraper.vendor:   NEW Hadleigh 1200 x 555 Aluminium Radiator Matt Anthracite | £595.0 | heating/radiators
2026-08-05 18:31:13,268 INFO  scraper.vendor:   NEW Malmesbury 1800 x 375 Aluminium Radiator Matt Anthracite | £416.0 | heating/radiators
2026-08-05 18:31:15,436 INFO  scraper.vendor:   NEW Charlton 1800 x 375 Aluminium Radiator Matt White | £397.0 | heating/radiators
2026-08-05 18:31:17,508 INFO  scraper.vendor:   NEW Guardia 1200 x 280 Aluminium Radiator Matt Anthracite | £339.0 | heating/radiators
2026-08-05 18:31:19,574 INFO  scraper.vendor:   NEW Hadleigh 1200 x 555 Aluminium Radiator Matt White | £595.0 | heating/radiators
2026-08-05 18:31:22,265 INFO  scraper.vendor:   NEW Tunstall 1200 x 600 Towel Rail Matt Anthracite | £296.0 | heating/towel-rails
2026-08-05 18:31:24,846 INFO  scraper.vendor:   NEW Malmesbury 1800 x 375 Aluminium Radiator Matt White | £416.0 | heating/radiators
2026-08-05 18:31:26,858 INFO  scraper.vendor:   NEW Guardia 1200 x 280 Aluminium Radiator Matt White | £339.0 | heating/radiators
2026-08-05 18:31:29,250 INFO  scraper.vendor:   NEW Hadleigh 1200 x 485 Aluminium Radiator Matt Black | £526.0 | heating/radiators
2026-08-05 18:31:31,601 INFO  scraper.vendor:   NEW Tunstall 1200 x 600 Towel Rail Matt White | £296.0 | heating/towel-rails
2026-08-05 18:31:33,729 INFO  scraper.vendor:   NEW Malmesbury 1800 x 280 Aluminium Radiator Matt Anthracite | £327.0 | heating/radiators
2026-08-05 18:31:35,810 INFO  scraper.vendor:   NEW Hadleigh 1200 x 485 Aluminium Radiator Matt Anthracite | £526.0 | heating/radiators
2026-08-05 18:31:38,145 INFO  scraper.vendor:   NEW Tunstall 800 x 600 Towel Rail Chrome | £356.0 | heating/towel-rails
2026-08-05 18:31:40,249 INFO  scraper.vendor:   NEW Malmesbury 1800 x 280 Aluminium Radiator Matt White | £327.0 | heating/radiators
2026-08-05 18:31:42,455 INFO  scraper.vendor:   NEW Hadleigh 1200 x 485 Aluminium Radiator Matt White | £526.0 | heating/radiators
2026-08-05 18:31:44,651 INFO  scraper.vendor:   NEW Tunstall 800 x 600 Towel Rail Matt Black | £195.0 | heating/towel-rails
2026-08-05 18:31:47,050 INFO  scraper.vendor:   NEW Hadleigh 1200 x 415 Aluminium Radiator Matt Black | £457.0 | heating/radiators
2026-08-05 18:31:48,877 INFO  scraper.vendor:   NEW Hadleigh 1200 x 415 Aluminium Radiator Matt Anthracite | £457.0 | heating/radiators
2026-08-05 18:31:51,185 INFO  scraper.vendor:   NEW Tunstall 800 x 600 Towel Rail Matt Anthracite | £195.0 | heating/towel-rails
2026-08-05 18:31:53,310 INFO  scraper.vendor:   NEW Hadleigh 1200 x 415 Aluminium Radiator Matt White | £457.0 | heating/radiators
2026-08-05 18:31:55,437 INFO  scraper.vendor:   NEW Guardia 1200 x 470 Aluminium Radiator Matt Grey | £535.0 | heating/radiators
2026-08-05 18:31:57,500 INFO  scraper.vendor:   NEW Tunstall 800 x 600 Towel Rail Matt White | £195.0 | heating/towel-rails
2026-08-05 18:31:59,682 INFO  scraper.vendor:   NEW Hadleigh 1200 x 275 Aluminium Radiator Matt Black | £320.0 | heating/radiators
2026-08-05 18:32:01,891 INFO  scraper.vendor:   NEW Tunstall 1600 x 500 Towel Rail Chrome | £486.0 | heating/towel-rails
2026-08-05 18:32:03,602 INFO  scraper.vendor:   NEW Guardia 1200 x 375 Aluminium Radiator Matt Grey | £437.0 | heating/radiators
2026-08-05 18:32:05,738 INFO  scraper.vendor:   NEW Hadleigh 1200 x 275 Aluminium Radiator Matt Anthracite | £320.0 | heating/radiators
2026-08-05 18:32:07,731 INFO  scraper.vendor:   NEW Guardia 1200 x 280 Aluminium Radiator Matt Grey | £339.0 | heating/radiators
2026-08-05 18:32:09,836 INFO  scraper.vendor:   NEW Tunstall 1600 x 500 Towel Rail Matt Black | £330.0 | heating/towel-rails
2026-08-05 18:32:11,752 INFO  scraper.vendor:   NEW Hadleigh 1200 x 275 Aluminium Radiator Matt White | £320.0 | heating/radiators
2026-08-05 18:32:13,870 INFO  scraper.vendor:   NEW Hadleigh 1800 x 555 Aluminium Radiator Matt Black | £758.0 | heating/radiators
2026-08-05 18:32:16,195 INFO  scraper.vendor:   NEW Vesima 600 x 1403 Aluminium Radiator Matt Black | £566.0 | heating/radiators
2026-08-05 18:32:18,520 INFO  scraper.vendor:   NEW Tunstall 1600 x 500 Towel Rail Matt Anthracite | £330.0 | heating/towel-rails
2026-08-05 18:32:20,932 INFO  scraper.vendor:   NEW Hadleigh 1800 x 555 Aluminium Radiator Matt Anthracite | £758.0 | heating/radiators
2026-08-05 18:32:23,442 INFO  scraper.vendor:   NEW Tunstall 1600 x 500 Towel Rail Matt White | £330.0 | heating/towel-rails
2026-08-05 18:32:26,193 INFO  scraper.vendor:   NEW Vesima 600 x 1403 Aluminium Radiator Matt Anthracite | £566.0 | heating/radiators
2026-08-05 18:32:28,550 INFO  scraper.vendor:   NEW Hadleigh 1800 x 555 Aluminium Radiator Matt White | £758.0 | heating/radiators
2026-08-05 18:32:31,542 INFO  scraper.vendor:   NEW Vesima 600 x 1403 Aluminium Radiator Matt White | £566.0 | heating/radiators
2026-08-05 18:32:34,629 INFO  scraper.vendor:   NEW Tunstall 1200 x 500 Towel Rail Chrome | £386.0 | heating/towel-rails
2026-08-05 18:32:37,826 INFO  scraper.vendor:   NEW Guardia 1200 x 565 Aluminium Radiator Matt Black | £633.0 | heating/radiators
2026-08-05 18:32:40,139 INFO  scraper.vendor:   NEW Guardia 1200 x 565 Aluminium Radiator Matt Anthracite | £633.0 | heating/radiators
2026-08-05 18:32:42,827 INFO  scraper.vendor:   NEW Vesima Towel Hanger 303mm Matt White | £65.0 | accessories
2026-08-05 18:32:45,137 INFO  scraper.vendor:   NEW Peretti/Withington Towel Hanger 470mm Matt Black | £74.0 | accessories
2026-08-05 18:32:47,410 INFO  scraper.vendor:   NEW Peretti/Withington Towel Hanger 375mm Matt Black | £66.0 | accessories
2026-08-05 18:32:49,743 INFO  scraper.vendor:   NEW Fairford 600 x 375 Aluminium Radiator Matt White | £231.0 | heating/radiators
2026-08-05 18:32:51,802 INFO  scraper.vendor:   NEW Peretti/Withington Towel Hanger 280mm Matt Black | £62.0 | accessories
2026-08-05 18:32:53,492 INFO  scraper.vendor:   NEW Peretti/Withington Towel Hanger 470mm Matt Anthracite | £74.0 | accessories
2026-08-05 18:32:55,391 INFO  scraper.vendor:   NEW Malmesbury Towel Hanger 280mm Matt Anthracite | £56.0 | accessories
2026-08-05 18:32:57,362 INFO  scraper.vendor:   NEW Malmesbury Towel Hanger 280mm Matt White | £56.0 | accessories
2026-08-05 18:32:59,553 INFO  scraper.vendor:   NEW Malmesbury Towel Hanger 565mm Matt Anthracite | £76.0 | accessories
2026-08-05 18:33:01,267 INFO  scraper.vendor:   NEW Malmesbury Towel Hanger 470mm Matt Anthracite | £72.0 | accessories
2026-08-05 18:33:03,334 INFO  scraper.vendor:   NEW Malmesbury Towel Hanger 375mm Matt Anthracite | £63.0 | accessories
2026-08-05 18:33:05,362 INFO  scraper.vendor:   NEW Malmesbury Towel Hanger 565mm Matt White | £76.0 | accessories
2026-08-05 18:33:07,499 INFO  scraper.vendor:   NEW Malmesbury Towel Hanger 470mm Matt White | £72.0 | accessories
2026-08-05 18:33:09,376 INFO  scraper.vendor:   NEW Malmesbury Towel Hanger 375mm Matt White | £63.0 | accessories
2026-08-05 18:33:11,604 INFO  scraper.vendor:   NEW Rosano/Charlton Towel Hanger 280mm Matt Black | £62.0 | accessories
2026-08-05 18:33:13,410 INFO  scraper.vendor:   NEW Rosano/Charlton Towel Hanger 470mm Matt Anthracite | £74.0 | accessories
2026-08-05 18:33:15,439 INFO  scraper.vendor:   NEW Berlini/Preston Towel Hanger 185mm Matt Black | £54.0 | accessories
2026-08-05 18:33:17,300 INFO  scraper.vendor:   NEW Rosano/Charlton Towel Hanger 375mm Matt Anthracite | £66.0 | accessories
2026-08-05 18:33:19,325 INFO  scraper.vendor:   NEW Berlini/Preston Towel Hanger 185mm Matt Anthracite | £54.0 | accessories
2026-08-05 18:33:21,634 INFO  scraper.vendor:   NEW Rosano/Charlton Towel Hanger 280mm Matt Anthracite | £62.0 | accessories
2026-08-05 18:33:23,992 INFO  scraper.vendor:   NEW Rosano/Charlton Towel Hanger 470mm Matt White | £74.0 | accessories
2026-08-05 18:33:26,124 INFO  scraper.vendor:   NEW Berlini/Preston Towel Hanger 185mm Matt White | £54.0 | accessories
2026-08-05 18:33:28,308 INFO  scraper.vendor:   NEW Vesima Towel Hanger 503mm Matt Black | £79.0 | accessories
2026-08-05 18:33:29,957 INFO  scraper.vendor:   NEW Rosano/Charlton Towel Hanger 375mm Matt White | £66.0 | accessories
2026-08-05 18:33:32,214 INFO  scraper.vendor:   NEW Rosano/Charlton Towel Hanger 280mm Matt White | £62.0 | accessories
2026-08-05 18:33:34,389 INFO  scraper.vendor:   NEW Vesima Towel Hanger 403mm Matt Black | £70.0 | accessories
2026-08-05 18:33:36,264 INFO  scraper.vendor:   NEW Malmesbury Towel Hanger 565mm Chrome | £70.0 | accessories
2026-08-05 18:33:38,210 INFO  scraper.vendor:   NEW Tunstall 1800 x 420 Radiator Matt White | £229.0 | heating/radiators
2026-08-05 18:33:39,914 INFO  scraper.vendor:   NEW Vesima Towel Hanger 303mm Matt Black | £65.0 | accessories
2026-08-05 18:33:41,843 INFO  scraper.vendor:   NEW Tunstall 1800 x 280 Radiator Chrome | £387.0 | heating/radiators
2026-08-05 18:33:43,919 INFO  scraper.vendor:   NEW Vesima Towel Hanger 503mm Matt Anthracite | £79.0 | accessories
2026-08-05 18:33:45,727 INFO  scraper.vendor:   NEW Tunstall 1800 x 280 Radiator Matt Black | £167.0 | heating/radiators
2026-08-05 18:33:47,746 INFO  scraper.vendor:   NEW Vesima Towel Hanger 403mm Matt Anthracite | £70.0 | accessories
2026-08-05 18:33:49,570 INFO  scraper.vendor:   NEW Tunstall 1800 x 280 Radiator Matt Anthracite | £167.0 | heating/radiators
2026-08-05 18:33:51,970 INFO  scraper.vendor:   NEW Vesima Towel Hanger 303mm Matt Anthracite | £65.0 | accessories
2026-08-05 18:33:54,309 INFO  scraper.vendor:   NEW Tunstall 1800 x 280 Radiator Matt White | £167.0 | heating/radiators
2026-08-05 18:33:56,716 INFO  scraper.vendor:   NEW Vesima Towel Hanger 503mm Matt White | £79.0 | accessories
2026-08-05 18:33:58,595 INFO  scraper.vendor:   NEW Hadleigh Towel Hanger 555mm Chrome | £125.0 | accessories
2026-08-05 18:34:00,710 INFO  scraper.vendor:   NEW Vesima Towel Hanger 403mm Matt White | £70.0 | accessories
2026-08-05 18:34:03,028 INFO  scraper.vendor:   NEW Hadleigh Towel Hanger 555mm Matt Black | £113.0 | accessories
2026-08-05 18:34:04,978 INFO  scraper.vendor:   NEW Hadleigh Towel Hanger 555mm Matt Anthracite | £113.0 | accessories
2026-08-05 18:34:07,256 INFO  scraper.vendor:   NEW Hadleigh Towel Hanger 555mm Matt White | £113.0 | accessories
2026-08-05 18:34:09,123 INFO  scraper.vendor:   NEW Vesima Stainless Steel Towel Hanger 603mm Mirror Polished | £114.0 | accessories
2026-08-05 18:34:11,035 INFO  scraper.vendor:   NEW Guardia 1200 x 565 Aluminium Radiator Matt Grey | £633.0 | heating/radiators
2026-08-05 18:34:13,200 INFO  scraper.vendor:   NEW Peretti/Withington Towel Hanger 375mm Matt Anthracite | £66.0 | accessories
2026-08-05 18:34:15,361 INFO  scraper.vendor:   NEW Peretti/Withington Towel Hanger 280mm Matt Anthracite | £62.0 | accessories
2026-08-05 18:34:17,435 INFO  scraper.vendor:   NEW Peretti/Withington Towel Hanger 470mm Matt White | £74.0 | accessories
2026-08-05 18:34:19,553 INFO  scraper.vendor:   NEW Peretti/Withington Towel Hanger 375mm Matt White | £66.0 | accessories
2026-08-05 18:34:21,477 INFO  scraper.vendor:   NEW Peretti/Withington Towel Hanger 280mm Matt White | £62.0 | accessories
2026-08-05 18:34:23,477 INFO  scraper.vendor:   NEW Rosano/Charlton Towel Hanger 470mm Matt Black | £74.0 | accessories
2026-08-05 18:34:25,591 INFO  scraper.vendor:   NEW Rosano/Charlton Towel Hanger 375mm Matt Black | £66.0 | accessories
2026-08-05 18:34:27,523 INFO  scraper.vendor:   NEW Wickham 1525 x 740 x 740mm (590mm Depth) Freestanding Bath i | £1038.0 | baths/freestanding
2026-08-05 18:34:29,323 INFO  scraper.vendor:   NEW Wickham 1700 x 740 x 740mm (590mm Depth) Freestanding Bath i | £1069.0 | baths/freestanding
2026-08-05 18:34:31,437 INFO  scraper.vendor:   NEW Chislehurst 1700 x 790 x 730mm (580mm Depth) Freestanding Ba | £1165.0 | baths/freestanding
2026-08-05 18:34:33,699 INFO  scraper.vendor:   NEW Charlton 1650 x 740 x 565mm Freestanding Bath inc Waste - Gr | £1017.0 | baths/freestanding
2026-08-05 18:34:35,435 INFO  scraper.vendor:   NEW Charlton 1650 x 740 x 565mm Freestanding Bath inc Waste - Wh | £999.0 | baths/freestanding
2026-08-05 18:34:37,397 INFO  scraper.vendor:   NEW Lambeth 1590 x 740 x 560mm Freestanding Bath inc Waste - Gre | £1023.0 | baths/freestanding
2026-08-05 18:34:39,560 INFO  scraper.vendor:   NEW Lambeth 1590 x 740 x 560mm Freestanding Bath inc Waste - Whi | £1004.0 | baths/freestanding
2026-08-05 18:34:41,893 INFO  scraper.vendor:   NEW Wandsworth 1500 x 720 x 585mm Freestanding Bath inc Waste -  | £992.0 | baths/freestanding
2026-08-05 18:34:43,784 INFO  scraper.vendor:   NEW Wandsworth 1495 x 720 x 585mm Freestanding Bath inc Waste -  | £973.0 | baths/freestanding
2026-08-05 18:34:45,803 INFO  scraper.vendor:   NEW Margravine 1660 x 730 x 570mm Freestanding Bath inc Waste -  | £1001.0 | baths/freestanding
2026-08-05 18:34:47,895 INFO  scraper.vendor:   NEW Towel Hanger 470mm Chrome | £72.0 | accessories
2026-08-05 18:34:50,389 INFO  scraper.vendor:   NEW Rivassa Towel Hanger Set with 600mm Bar Chrome | £121.0 | accessories
2026-08-05 18:34:52,308 INFO  scraper.vendor:   NEW Rivassa Towel Hanger Set with 600mm Bar Gloss White | £84.0 | accessories
2026-08-05 18:34:54,568 INFO  scraper.vendor:   NEW Towel Hanger 360mm White | £56.0 | accessories
2026-08-05 18:34:56,909 INFO  scraper.vendor:   NEW Towel Hanger 600mm White | £62.0 | accessories
2026-08-05 18:34:59,034 INFO  scraper.vendor:   NEW Towel Hanger 470mm White | £60.0 | accessories
2026-08-05 18:35:01,367 INFO  scraper.vendor:   NEW Round Magnetic Towel Hanger 600mm. Gloss White | £96.0 | accessories
2026-08-05 18:35:03,556 INFO  scraper.vendor:   NEW Towel Hanger 360mm Chrome | £70.0 | accessories
2026-08-05 18:35:05,912 INFO  scraper.vendor:   NEW Towel Hanger 600mm Chrome | £74.0 | accessories
2026-08-05 18:35:07,861 INFO  scraper.vendor:   NEW Margravine 1660 x 730 x 570mm Freestanding Bath inc Waste -  | £981.0 | baths/freestanding
2026-08-05 18:35:10,165 INFO  scraper.vendor:   NEW Malmesbury 500 x 375 Aluminium Radiator Matt Anthracite | £195.0 | heating/radiators
2026-08-05 18:35:12,712 INFO  scraper.vendor:   NEW Malmesbury 500 x 565 Aluminium Radiator Matt Grey | £285.0 | heating/radiators
2026-08-05 18:35:14,873 INFO  scraper.vendor:   NEW Malmesbury 500 x 470 Aluminium Radiator Matt Grey | £242.0 | heating/radiators
2026-08-05 18:35:17,218 INFO  scraper.vendor:   NEW Malmesbury 500 x 375 Aluminium Radiator Matt Grey | £195.0 | heating/radiators
2026-08-05 18:35:19,814 INFO  scraper.vendor:   NEW Malmesbury 500 x 565 Aluminium Radiator Matt White | £285.0 | heating/radiators
2026-08-05 18:35:22,297 INFO  scraper.vendor:   NEW Malmesbury 500 x 470 Aluminium Radiator Matt White | £242.0 | heating/radiators
2026-08-05 18:35:24,591 INFO  scraper.vendor:   NEW Malmesbury 500 x 375 Aluminium Radiator Matt White | £195.0 | heating/radiators
2026-08-05 18:35:26,415 INFO  scraper.vendor:   NEW Malmesbury 600 x 1230 Aluminium Radiator Matt Anthracite | £627.0 | heating/radiators
2026-08-05 18:35:28,703 INFO  scraper.vendor:   NEW Malmesbury 600 x 1040 Aluminium Radiator Matt Anthracite | £530.0 | heating/radiators
2026-08-05 18:35:31,365 INFO  scraper.vendor:   NEW Malmesbury 600 x 850 Aluminium Radiator Matt Anthracite | £436.0 | heating/radiators
2026-08-05 18:35:33,415 INFO  scraper.vendor:   NEW Malmesbury 600 x 1230 Aluminium Radiator Matt Grey | £627.0 | heating/radiators
2026-08-05 18:35:35,780 INFO  scraper.vendor:   NEW Malmesbury 600 x 1040 Aluminium Radiator Matt Grey | £530.0 | heating/radiators
2026-08-05 18:35:38,345 INFO  scraper.vendor:   NEW Malmesbury 600 x 850 Aluminium Radiator Matt Grey | £436.0 | heating/radiators
2026-08-05 18:35:40,422 INFO  scraper.vendor:   NEW Malmesbury 600 x 1230 Aluminium Radiator Matt White | £627.0 | heating/radiators
2026-08-05 18:35:42,264 INFO  scraper.vendor:   NEW Malmesbury 600 x 1040 Aluminium Radiator Matt White | £530.0 | heating/radiators
2026-08-05 18:35:44,111 INFO  scraper.vendor:   NEW Malmesbury 600 x 850 Aluminium Radiator Matt White | £436.0 | heating/radiators
2026-08-05 18:35:46,144 INFO  scraper.vendor:   NEW Malmesbury Towel Hanger 280mm Matt Cappuccino | £56.0 | accessories
2026-08-05 18:35:48,033 INFO  scraper.vendor:   NEW Malmesbury Towel Hanger 185mm Matt Cappuccino | £47.0 | accessories
2026-08-05 18:35:50,349 INFO  scraper.vendor:   NEW Malmesbury 600 x 1230 Aluminium Radiator Matt Cappuccino | £738.0 | heating/radiators
2026-08-05 18:35:52,709 INFO  scraper.vendor:   NEW Malmesbury 600 x 1040 Aluminium Radiator Matt Cappuccino | £623.0 | heating/radiators
2026-08-05 18:35:55,548 INFO  scraper.vendor:   NEW Malmesbury 600 x 850 Aluminium Radiator Matt Cappuccino | £513.0 | heating/radiators
2026-08-05 18:35:57,561 INFO  scraper.vendor:   NEW Kelmscott Towel Hanger 345mm Chrome | £53.0 | accessories
2026-08-05 18:35:59,865 INFO  scraper.vendor:   NEW Malmesbury 600 x 565 Aluminium Radiator Matt Cappuccino | £344.0 | heating/radiators
2026-08-05 18:36:02,300 INFO  scraper.vendor:   NEW Kelmscott Towel Hanger 275mm Chrome | £52.0 | accessories
2026-08-05 18:36:04,572 INFO  scraper.vendor:   NEW Malmesbury 600 x 470 Aluminium Radiator Matt Cappuccino | £294.0 | heating/radiators
2026-08-05 18:36:06,890 INFO  scraper.vendor:   NEW Kelmscott Towel Hanger 625mm Matt Anthracite | £78.0 | accessories
2026-08-05 18:36:08,951 INFO  scraper.vendor:   NEW Malmesbury 600 x 375 Aluminium Radiator Matt Cappuccino | £237.0 | heating/radiators
2026-08-05 18:36:11,150 INFO  scraper.vendor:   NEW Universal Double Flat Style Towel Hanger 660mm Matt Anthraci | £121.0 | accessories
2026-08-05 18:36:13,291 INFO  scraper.vendor:   NEW Kelmscott Towel Hanger 485mm Matt Anthracite | £69.0 | accessories
2026-08-05 18:36:15,216 INFO  scraper.vendor:   NEW Malmesbury 1800 x 470 Aluminium Radiator Matt Cappuccino | £571.0 | heating/radiators
2026-08-05 18:36:17,584 INFO  scraper.vendor:   NEW Universal Double Flat Style Towel Hanger 470mm Matt Anthraci | £103.0 | accessories
2026-08-05 18:36:19,916 INFO  scraper.vendor:   NEW Kelmscott Towel Hanger 415mm Matt Anthracite | £56.0 | accessories
2026-08-05 18:36:21,937 INFO  scraper.vendor:   NEW Malmesbury 1800 x 375 Aluminium Radiator Matt Cappuccino | £467.0 | heating/radiators
2026-08-05 18:36:24,369 INFO  scraper.vendor:   NEW Kelmscott Towel Hanger 345mm Matt Anthracite | £53.0 | accessories
2026-08-05 18:36:26,921 INFO  scraper.vendor:   NEW Universal Double Flat Style Towel Hanger 375mm Matt Anthraci | £92.0 | accessories
2026-08-05 18:36:28,907 INFO  scraper.vendor:   NEW Malmesbury 1800 x 280 Aluminium Radiator Matt Cappuccino | £363.0 | heating/radiators
2026-08-05 18:36:31,281 INFO  scraper.vendor:   NEW Kelmscott Towel Hanger 275mm Matt Anthracite | £52.0 | accessories
2026-08-05 18:36:33,538 INFO  scraper.vendor:   NEW Universal Double Flat Style Towel Hanger 280mm Matt Anthraci | £88.0 | accessories
2026-08-05 18:36:36,182 INFO  scraper.vendor:   NEW Malmesbury 1800 x 185 Aluminium Radiator Matt Cappuccino | £257.0 | heating/radiators
2026-08-05 18:36:38,188 INFO  scraper.vendor:   NEW Kelmscott Towel Hanger 625mm Matt White | £78.0 | accessories
2026-08-05 18:36:40,008 INFO  scraper.vendor:   NEW Universal Double Flat Style Towel Hanger 850mm Matt White | £135.0 | accessories
2026-08-05 18:36:42,408 INFO  scraper.vendor:   NEW Universal Double Flat Style Towel Hanger 660mm Matt White | £121.0 | accessories
2026-08-05 18:36:44,454 INFO  scraper.vendor:   NEW Universal Double Flat Style Towel Hanger 470mm Matt White | £103.0 | accessories
2026-08-05 18:36:46,496 INFO  scraper.vendor:   NEW Universal Double Flat Style Towel Hanger 375mm Matt White | £92.0 | accessories
2026-08-05 18:36:48,545 INFO  scraper.vendor:   NEW Kelmscott Towel Hanger 275mm Matt White | £52.0 | accessories
2026-08-05 18:36:50,821 INFO  scraper.vendor:   NEW Burford Towel Hanger 625mm Chrome | £83.0 | accessories
2026-08-05 18:36:52,871 INFO  scraper.vendor:   NEW Universal Double Flat Style Towel Hanger 280mm Matt White | £88.0 | accessories
2026-08-05 18:36:54,934 INFO  scraper.vendor:   NEW Burford Towel Hanger 485mm Chrome | £73.0 | accessories
2026-08-05 18:36:57,195 INFO  scraper.vendor:   NEW Witney Towel Hanger 470mm Chrome | £74.0 | accessories
2026-08-05 18:36:59,390 INFO  scraper.vendor:   NEW Burford Towel Hanger 415mm Chrome | £63.0 | accessories
2026-08-05 18:37:01,376 INFO  scraper.vendor:   NEW Witney Towel Hanger 375mm Chrome | £66.0 | accessories
2026-08-05 18:37:03,745 INFO  scraper.vendor:   NEW Burford Towel Hanger 345mm Chrome | £56.0 | accessories
2026-08-05 18:37:05,861 INFO  scraper.vendor:   NEW Witney Towel Hanger 280mm Chrome | £62.0 | accessories
2026-08-05 18:37:07,799 INFO  scraper.vendor:   NEW Witney Towel Hanger 470mm Matt Anthracite | £74.0 | accessories
2026-08-05 18:37:09,994 INFO  scraper.vendor:   NEW Burford Towel Hanger 275mm Chrome | £54.0 | accessories
2026-08-05 18:37:12,204 INFO  scraper.vendor:   NEW Witney Towel Hanger 375mm Matt Anthracite | £66.0 | accessories
2026-08-05 18:37:14,111 INFO  scraper.vendor:   NEW Burford Towel Hanger 625mm Matt Anthracite | £83.0 | accessories
2026-08-05 18:37:16,182 INFO  scraper.vendor:   NEW Witney Towel Hanger 280mm Matt Anthracite | £62.0 | accessories
2026-08-05 18:37:18,362 INFO  scraper.vendor:   NEW Universal Flat Style Towel Hanger 850mm Matt Anthracite | £112.0 | accessories
2026-08-05 18:37:20,291 INFO  scraper.vendor:   NEW Burford Towel Hanger 485mm Matt Anthracite | £73.0 | accessories
2026-08-05 18:37:22,360 INFO  scraper.vendor:   NEW Witney 1800 x 280 Aluminium Radiator Matt Anthracite | £586.0 | heating/radiators
2026-08-05 18:37:24,821 INFO  scraper.vendor:   NEW Witney Towel Hanger 470mm Matt White | £74.0 | accessories
2026-08-05 18:37:27,055 INFO  scraper.vendor:   NEW Universal Flat Style Towel Hanger 660mm Matt Anthracite | £100.0 | accessories
2026-08-05 18:37:29,314 INFO  scraper.vendor:   NEW Burford Towel Hanger 415mm Matt Anthracite | £63.0 | accessories
2026-08-05 18:37:31,911 INFO  scraper.vendor:   NEW Witney 1800 x 470 Aluminium Radiator Matt White | £930.0 | heating/radiators
2026-08-05 18:37:33,973 INFO  scraper.vendor:   NEW Universal Flat Style Towel Hanger 470mm Matt Anthracite | £89.0 | accessories
2026-08-05 18:37:35,701 INFO  scraper.vendor:   NEW Witney Towel Hanger 375mm Matt White | £66.0 | accessories
2026-08-05 18:37:38,032 INFO  scraper.vendor:   NEW Burford Towel Hanger 345mm Matt Anthracite | £56.0 | accessories
2026-08-05 18:37:39,839 INFO  scraper.vendor:   NEW Witney Towel Hanger 280mm Matt White | £62.0 | accessories
2026-08-05 18:37:41,815 INFO  scraper.vendor:   NEW Universal Flat Style Towel Hanger 375mm Matt Anthracite | £79.0 | accessories
2026-08-05 18:37:43,673 INFO  scraper.vendor:   NEW Witney 1800 x 375 Aluminium Radiator Matt White | £772.0 | heating/radiators
2026-08-05 18:37:45,705 INFO  scraper.vendor:   NEW Burford Towel Hanger 275mm Matt Anthracite | £54.0 | accessories
2026-08-05 18:37:47,870 INFO  scraper.vendor:   NEW Universal Flat Style Towel Hanger 280mm Matt Anthracite | £72.0 | accessories
2026-08-05 18:37:49,960 INFO  scraper.vendor:   NEW Kelmscott Towel Hanger 625mm Chrome | £78.0 | accessories
2026-08-05 18:37:52,218 INFO  scraper.vendor:   NEW Universal Double Flat Style Towel Hanger 850mm Matt Black | £135.0 | accessories
2026-08-05 18:37:54,032 INFO  scraper.vendor:   NEW Burford Towel Hanger 625mm Matt White | £83.0 | accessories
2026-08-05 18:37:56,434 INFO  scraper.vendor:   NEW Witney 1800 x 280 Aluminium Radiator Matt White | £586.0 | heating/radiators
2026-08-05 18:37:58,252 INFO  scraper.vendor:   NEW Universal Flat Style Towel Hanger 850mm Matt White | £112.0 | accessories
2026-08-05 18:38:00,334 INFO  scraper.vendor:   NEW Kelmscott Towel Hanger 485mm Chrome | £69.0 | accessories
2026-08-05 18:38:02,433 INFO  scraper.vendor:   NEW Burford Towel Hanger 485mm Matt White | £73.0 | accessories
2026-08-05 18:38:04,423 INFO  scraper.vendor:   NEW Universal Double Flat Style Towel Hanger 660mm Matt Black | £121.0 | accessories
2026-08-05 18:38:06,435 INFO  scraper.vendor:   NEW Kelmscott Towel Hanger 415mm Chrome | £56.0 | accessories
2026-08-05 18:38:08,385 INFO  scraper.vendor:   NEW Universal Flat Style Towel Hanger 660mm Matt White | £100.0 | accessories
2026-08-05 18:38:10,695 INFO  scraper.vendor:   NEW Kelmscott 1800 x 485 Aluminium Radiator Matt Anthracite | £682.0 | heating/radiators
2026-08-05 18:38:12,501 INFO  scraper.vendor:   NEW Burford Towel Hanger 415mm Matt White | £63.0 | accessories
2026-08-05 18:38:14,719 INFO  scraper.vendor:   NEW Kelmscott 1800 x 415 Aluminium Radiator Matt Anthracite | £592.0 | heating/radiators
2026-08-05 18:38:16,734 INFO  scraper.vendor:   NEW Universal Flat Style Towel Hanger 470mm Matt White | £89.0 | accessories
2026-08-05 18:38:18,910 INFO  scraper.vendor:   NEW Kelmscott 1800 x 345 Aluminium Radiator Matt Anthracite | £500.0 | heating/radiators
2026-08-05 18:38:20,739 INFO  scraper.vendor:   NEW Universal Flat Style Towel Hanger 375mm Matt White | £79.0 | accessories
2026-08-05 18:38:23,179 INFO  scraper.vendor:   NEW Kelmscott 1800 x 275 Aluminium Radiator Matt Anthracite | £415.0 | heating/radiators
2026-08-05 18:38:25,451 INFO  scraper.vendor:   NEW Universal Flat Style Towel Hanger 280mm Matt White | £72.0 | accessories
2026-08-05 18:38:27,435 INFO  scraper.vendor:   NEW Malmesbury Towel Hanger 280mm Matt Grey | £56.0 | accessories
2026-08-05 18:38:29,850 INFO  scraper.vendor:   NEW Kelmscott 600 x 1185 Aluminium Radiator Matt Anthracite | £807.0 | heating/radiators
2026-08-05 18:38:32,204 INFO  scraper.vendor:   NEW Kelmscott 600 x 485 Aluminium Radiator Matt White | £350.0 | heating/radiators
2026-08-05 18:38:34,616 INFO  scraper.vendor:   NEW Malmesbury 1800 x 470 Aluminium Radiator Matt Grey | £509.0 | heating/radiators
2026-08-05 18:38:36,947 INFO  scraper.vendor:   NEW Malmesbury Towel Hanger 185mm Chrome | £47.0 | accessories
2026-08-05 18:38:39,196 INFO  scraper.vendor:   NEW Kelmscott 600 x 1045 Aluminium Radiator Matt Anthracite | £722.0 | heating/radiators
2026-08-05 18:38:41,585 INFO  scraper.vendor:   NEW Burford 1800 x 485 Aluminium Radiator Matt Anthracite | £711.0 | heating/radiators
2026-08-05 18:38:43,851 INFO  scraper.vendor:   NEW Malmesbury 1800 x 375 Aluminium Radiator Matt Grey | £416.0 | heating/radiators
2026-08-05 18:38:46,115 INFO  scraper.vendor:   NEW Kelmscott 600 x 835 Aluminium Radiator Matt Anthracite | £583.0 | heating/radiators
2026-08-05 18:38:48,556 INFO  scraper.vendor:   NEW Kelmscott 600 x 625 Aluminium Radiator Matt Anthracite | £441.0 | heating/radiators
2026-08-05 18:38:50,405 INFO  scraper.vendor:   NEW Burford 1800 x 415 Aluminium Radiator Matt Anthracite | £618.0 | heating/radiators
2026-08-05 18:38:52,539 INFO  scraper.vendor:   NEW Malmesbury 1800 x 280 Aluminium Radiator Matt Grey | £327.0 | heating/radiators
2026-08-05 18:38:55,078 INFO  scraper.vendor:   NEW Kelmscott 600 x 485 Aluminium Radiator Matt Anthracite | £350.0 | heating/radiators
2026-08-05 18:38:57,461 INFO  scraper.vendor:   NEW Burford 1800 x 345 Aluminium Radiator Matt Anthracite | £519.0 | heating/radiators
2026-08-05 18:38:59,417 INFO  scraper.vendor:   NEW Malmesbury 1800 x 185 Aluminium Radiator Matt Grey | £231.0 | heating/radiators
2026-08-05 18:39:01,808 INFO  scraper.vendor:   NEW Kelmscott 1800 x 485 Aluminium Radiator Matt White | £682.0 | heating/radiators
2026-08-05 18:39:04,215 INFO  scraper.vendor:   NEW Burford 1800 x 275 Aluminium Radiator Matt Anthracite | £434.0 | heating/radiators
2026-08-05 18:39:06,553 INFO  scraper.vendor:   NEW Malmesbury 1800 x 185 Aluminium Radiator Matt Anthracite | £231.0 | heating/radiators
2026-08-05 18:39:09,235 INFO  scraper.vendor:   NEW Kelmscott 1800 x 415 Aluminium Radiator Matt White | £592.0 | heating/radiators
2026-08-05 18:39:11,684 INFO  scraper.vendor:   NEW Malmesbury 1800 x 185 Aluminium Radiator Matt White | £231.0 | heating/radiators
2026-08-05 18:39:14,418 INFO  scraper.vendor:   NEW Kelmscott 1800 x 345 Aluminium Radiator Matt White | £500.0 | heating/radiators
2026-08-05 18:39:16,923 INFO  scraper.vendor:   NEW Kelmscott 1800 x 275 Aluminium Radiator Matt White | £415.0 | heating/radiators
2026-08-05 18:39:18,793 INFO  scraper.vendor:   NEW Malmesbury 600 x 565 Aluminium Radiator Matt Grey | £307.0 | heating/radiators
2026-08-05 18:39:21,249 INFO  scraper.vendor:   NEW Kelmscott 600 x 1185 Aluminium Radiator Matt White | £807.0 | heating/radiators
2026-08-05 18:39:23,728 INFO  scraper.vendor:   NEW Kelmscott 600 x 1045 Aluminium Radiator Matt White | £722.0 | heating/radiators
2026-08-05 18:39:26,244 INFO  scraper.vendor:   NEW Kelmscott 600 x 835 Aluminium Radiator Matt White | £583.0 | heating/radiators
2026-08-05 18:39:28,318 INFO  scraper.vendor:   NEW Kelmscott 600 x 625 Aluminium Radiator Matt White | £441.0 | heating/radiators
2026-08-05 18:39:30,390 INFO  scraper.vendor:   NEW Malmesbury Flat Style Towel Hanger 280mm Matt Cappuccino | £90.0 | accessories
2026-08-05 18:39:32,595 INFO  scraper.vendor:   NEW Malmesbury Towel Hanger 565mm Matt Cappuccino | £76.0 | accessories
2026-08-05 18:39:34,705 INFO  scraper.vendor:   NEW Malmesbury Towel Hanger 470mm Matt Cappuccino | £72.0 | accessories
2026-08-05 18:39:37,113 INFO  scraper.vendor:   NEW Malmesbury Towel Hanger 375mm Matt Cappuccino | £63.0 | accessories
2026-08-05 18:39:39,339 INFO  scraper.vendor:   NEW Marlow 1150 x 500 Towel Rail Matt Grey | £459.0 | heating/towel-rails
2026-08-05 18:39:41,499 INFO  scraper.vendor:   NEW Universal Double Flat Style Towel Hanger 470mm Matt Black | £103.0 | accessories
2026-08-05 18:39:43,793 INFO  scraper.vendor:   NEW Marlow 850 x 600 Towel Rail Matt Grey | £396.0 | heating/towel-rails
2026-08-05 18:39:45,892 INFO  scraper.vendor:   NEW Universal Double Flat Style Towel Hanger 375mm Matt Black | £92.0 | accessories
2026-08-05 18:39:47,981 INFO  scraper.vendor:   NEW Marlow 850 x 500 Towel Rail Matt Grey | £372.0 | heating/towel-rails
2026-08-05 18:39:50,223 INFO  scraper.vendor:   NEW Universal Double Flat Style Towel Hanger 280mm Matt Black | £88.0 | accessories
2026-08-05 18:39:52,288 INFO  scraper.vendor:   NEW Marlow 1750 x 600 Towel Rail Matt Anthracite | £643.0 | heating/towel-rails
2026-08-05 18:39:54,578 INFO  scraper.vendor:   NEW Burford Towel Hanger 345mm Matt White | £56.0 | accessories
2026-08-05 18:39:56,623 INFO  scraper.vendor:   NEW Universal Double Flat Style Towel Hanger 850mm Matt Anthraci | £135.0 | accessories
2026-08-05 18:39:58,528 INFO  scraper.vendor:   NEW Burford Towel Hanger 275mm Matt White | £54.0 | accessories
2026-08-05 18:40:00,458 INFO  scraper.vendor:   NEW Marlow 1750 x 500 Towel Rail Matt Anthracite | £607.0 | heating/towel-rails
2026-08-05 18:40:03,457 INFO  scraper.vendor:   NEW Fairford Towel Hanger 565mm Chrome | £70.0 | accessories
2026-08-05 18:40:05,623 INFO  scraper.vendor:   NEW Marlow 1150 x 600 Towel Rail Matt Anthracite | £486.0 | heating/towel-rails
2026-08-05 18:40:07,485 INFO  scraper.vendor:   NEW Fairford Towel Hanger 375mm Chrome | £56.0 | accessories
2026-08-05 18:40:09,605 INFO  scraper.vendor:   NEW Marlow 1150 x 500 Towel Rail Matt Anthracite | £459.0 | heating/towel-rails
2026-08-05 18:40:11,925 INFO  scraper.vendor:   NEW Fairford Towel Hanger 565mm Matt Anthracite | £70.0 | accessories
2026-08-05 18:40:14,285 INFO  scraper.vendor:   NEW Marlow 850 x 600 Towel Rail Matt Anthracite | £396.0 | heating/towel-rails
2026-08-05 18:40:16,362 INFO  scraper.vendor:   NEW Fairford Towel Hanger 375mm Matt Anthracite | £56.0 | accessories
2026-08-05 18:40:18,352 INFO  scraper.vendor:   NEW Fairford Towel Hanger 565mm Matt White | £70.0 | accessories
2026-08-05 18:40:20,500 INFO  scraper.vendor:   NEW Marlow 850 x 500 Towel Rail Matt Anthracite | £372.0 | heating/towel-rails
2026-08-05 18:40:22,484 INFO  scraper.vendor:   NEW Kelmscott Towel Hanger 485mm Matt White | £69.0 | accessories
2026-08-05 18:40:24,761 INFO  scraper.vendor:   NEW Fairford Towel Hanger 375mm Matt White | £56.0 | accessories
2026-08-05 18:40:26,723 INFO  scraper.vendor:   NEW Malmesbury Towel Hanger 185mm Matt Grey | £47.0 | accessories
2026-08-05 18:40:28,622 INFO  scraper.vendor:   NEW Kelmscott Towel Hanger 415mm Matt White | £56.0 | accessories
2026-08-05 18:40:30,744 INFO  scraper.vendor:   NEW Marlow 1750 x 600 Towel Rail Matt White | £643.0 | heating/towel-rails
2026-08-05 18:40:32,903 INFO  scraper.vendor:   NEW Malmesbury Flat Style Towel Hanger 565mm Matt Grey | £116.0 | accessories
2026-08-05 18:40:35,399 INFO  scraper.vendor:   NEW Kelmscott Towel Hanger 345mm Matt White | £53.0 | accessories
2026-08-05 18:40:37,233 INFO  scraper.vendor:   NEW Malmesbury Towel Hanger 185mm Matt Anthracite | £47.0 | accessories
2026-08-05 18:40:39,579 INFO  scraper.vendor:   NEW Marlow 1750 x 500 Towel Rail Matt White | £607.0 | heating/towel-rails
2026-08-05 18:40:41,350 INFO  scraper.vendor:   NEW Malmesbury Towel Hanger 185mm Matt White | £47.0 | accessories
2026-08-05 18:40:43,691 INFO  scraper.vendor:   NEW Malmesbury Flat Style Towel Hanger 470mm Matt Grey | £92.0 | accessories
2026-08-05 18:40:45,613 INFO  scraper.vendor:   NEW Marlow 1150 x 600 Towel Rail Matt White | £486.0 | heating/towel-rails
2026-08-05 18:40:47,925 INFO  scraper.vendor:   NEW Universal Flat Style Towel Hanger 850mm Matt Black | £112.0 | accessories
2026-08-05 18:40:50,325 INFO  scraper.vendor:   NEW Malmesbury Flat Style Towel Hanger 375mm Matt Grey | £89.0 | accessories
2026-08-05 18:40:52,667 INFO  scraper.vendor:   NEW Malmesbury 600 x 470 Aluminium Radiator Matt Grey | £261.0 | heating/radiators
2026-08-05 18:40:54,805 INFO  scraper.vendor:   NEW Universal Flat Style Towel Hanger 660mm Matt Black | £100.0 | accessories
2026-08-05 18:40:56,897 INFO  scraper.vendor:   NEW Marlow 1150 x 500 Towel Rail Matt White | £459.0 | heating/towel-rails
2026-08-05 18:40:59,243 INFO  scraper.vendor:   NEW Malmesbury Flat Style Towel Hanger 280mm Matt Grey | £83.0 | accessories
2026-08-05 18:41:01,419 INFO  scraper.vendor:   NEW Malmesbury 600 x 375 Aluminium Radiator Matt Grey | £210.0 | heating/radiators
2026-08-05 18:41:03,608 INFO  scraper.vendor:   NEW Universal Flat Style Towel Hanger 470mm Matt Black | £89.0 | accessories
2026-08-05 18:41:05,947 INFO  scraper.vendor:   NEW Marlow 850 x 600 Towel Rail Matt White | £396.0 | heating/towel-rails
2026-08-05 18:41:08,273 INFO  scraper.vendor:   NEW Malmesbury Flat Style Towel Hanger 565mm Matt Anthracite | £116.0 | accessories
2026-08-05 18:41:10,755 INFO  scraper.vendor:   NEW Witney 1800 x 470 Aluminium Radiator Matt Anthracite | £930.0 | heating/radiators
2026-08-05 18:41:13,108 INFO  scraper.vendor:   NEW Universal Flat Style Towel Hanger 375mm Matt Black | £79.0 | accessories
2026-08-05 18:41:15,490 INFO  scraper.vendor:   NEW Marlow 850 x 500 Towel Rail Matt White | £372.0 | heating/towel-rails
2026-08-05 18:41:17,602 INFO  scraper.vendor:   NEW Malmesbury Flat Style Towel Hanger 470mm Matt Anthracite | £92.0 | accessories
2026-08-05 18:41:20,035 INFO  scraper.vendor:   NEW Witney 1800 x 375 Aluminium Radiator Matt Anthracite | £772.0 | heating/radiators
2026-08-05 18:41:22,219 INFO  scraper.vendor:   NEW Universal Flat Style Towel Hanger 280mm Matt Black | £72.0 | accessories
2026-08-05 18:41:24,414 INFO  scraper.vendor:   NEW Malmesbury Flat Style Towel Hanger 375mm Matt Anthracite | £89.0 | accessories
2026-08-05 18:41:26,713 INFO  scraper.vendor:   NEW Malmesbury Flat Style Towel Hanger 280mm Matt Anthracite | £83.0 | accessories
2026-08-05 18:41:29,236 INFO  scraper.vendor:   NEW Malmesbury Flat Style Towel Hanger 565mm Matt White | £116.0 | accessories
2026-08-05 18:41:31,441 INFO  scraper.vendor:   NEW Malmesbury Flat Style Towel Hanger 470mm Matt White | £92.0 | accessories
2026-08-05 18:41:33,724 INFO  scraper.vendor:   NEW Malmesbury Flat Style Towel Hanger 375mm Matt White | £89.0 | accessories
2026-08-05 18:41:36,033 INFO  scraper.vendor:   NEW Malmesbury Flat Style Towel Hanger 280mm Matt White | £83.0 | accessories
2026-08-05 18:41:38,222 INFO  scraper.vendor:   NEW Malmesbury Towel Hanger 565mm Matt Grey | £76.0 | accessories
2026-08-05 18:41:40,424 INFO  scraper.vendor:   NEW Malmesbury Towel Hanger 470mm Matt Grey | £72.0 | accessories
2026-08-05 18:41:42,770 INFO  scraper.vendor:   NEW Malmesbury Towel Hanger 375mm Matt Grey | £63.0 | accessories
2026-08-05 18:41:44,767 INFO  scraper.vendor:   NEW Malmesbury Flat Style Towel Hanger 565mm Matt Cappuccino | £128.0 | accessories
2026-08-05 18:41:46,943 INFO  scraper.vendor:   NEW Malmesbury Flat Style Towel Hanger 470mm Matt Cappuccino | £102.0 | accessories
2026-08-05 18:41:49,084 INFO  scraper.vendor:   NEW Malmesbury Flat Style Towel Hanger 375mm Matt Cappuccino | £98.0 | accessories
2026-08-05 18:41:51,401 INFO  scraper.vendor:   NEW Malmesbury 500 x 565 Aluminium Radiator Matt Anthracite | £285.0 | heating/radiators
2026-08-05 18:41:53,143 INFO  scraper.vendor:   NEW Malmesbury 500 x 470 Aluminium Radiator Matt Anthracite | £242.0 | heating/radiators
2026-08-05 18:41:54,901 INFO  scraper.vendor:   NEW Corniche 2000 8mm Semi-Frameless 2000mm x 1700mm Slider Show | £711.0 | showering/shower-enclosures
2026-08-05 18:41:56,971 INFO  scraper.vendor:   NEW Corniche 2000 8mm Semi-Frameless 2000mm x 1600mm Slider Show | £691.0 | showering/shower-enclosures
2026-08-05 18:41:59,423 INFO  scraper.vendor:   NEW Imperia 2 Column Radiator 300 x 1145mm Matt Anthracite | £288.0 | heating/radiators
2026-08-05 18:42:01,373 INFO  scraper.vendor:   NEW Imperia 2 Column Radiator 1800 x 290mm Gloss White | £227.0 | heating/radiators
2026-08-05 18:42:03,519 INFO  scraper.vendor:   NEW Corniche 2000 8mm Semi-Frameless 2000mm x 1700mm Slider Show | £771.0 | showering/shower-enclosures
2026-08-05 18:42:05,895 INFO  scraper.vendor:   NEW Imperia 2 Column Radiator 600 x 1460mm Gloss White | £476.0 | heating/radiators
2026-08-05 18:42:08,384 INFO  scraper.vendor:   NEW Imperia 2 Column Radiator 600 x 1010mm Gloss White | £338.0 | heating/radiators
2026-08-05 18:42:10,541 INFO  scraper.vendor:   NEW Imperia 2 Column Radiator 600 x 560mm Gloss White | £200.0 | heating/radiators
2026-08-05 18:42:12,728 INFO  scraper.vendor:   NEW Imperia 2 Column Radiator 600 x 515mm Gloss White | £185.0 | heating/radiators
2026-08-05 18:42:14,828 INFO  scraper.vendor:   NEW Imperia 2 Column Radiator 600 x 470mm Gloss White | £172.0 | heating/radiators
2026-08-05 18:42:16,813 INFO  scraper.vendor:   NEW Imperia 2 Column Radiator 600 x 425mm Gloss White | £158.0 | heating/radiators
2026-08-05 18:42:19,104 INFO  scraper.vendor:   NEW Imperia 2 Column Radiator 300 x 1370mm Gloss White | £340.0 | heating/radiators
2026-08-05 18:42:21,597 INFO  scraper.vendor:   NEW Imperia 2 Column Radiator 300 x 1145mm Gloss White | £288.0 | heating/radiators
2026-08-05 18:42:23,709 INFO  scraper.vendor:   NEW Staverton Tube on Tube 1200 x 600 Brushed Brass | £966.0 | heating/towel-rails
2026-08-05 18:42:25,736 INFO  scraper.vendor:   NEW Staverton Tube on Tube 1200 x 500 Brushed Brass | £893.0 | heating/towel-rails
2026-08-05 18:42:28,047 INFO  scraper.vendor:   NEW Imperia 3 Column Radiator 600 x 515mm Gloss White | £219.0 | heating/radiators
2026-08-05 18:42:30,442 INFO  scraper.vendor:   NEW Imperia 3 Column Radiator 600 x 470mm Gloss White | £203.0 | heating/radiators
2026-08-05 18:42:32,788 INFO  scraper.vendor:   NEW Imperia 3 Column Radiator 600 x 425mm Gloss White | £187.0 | heating/radiators
2026-08-05 18:42:35,051 INFO  scraper.vendor:   NEW Imperia 3 Column Radiator 300 x 1370mm Gloss White | £393.0 | heating/radiators
2026-08-05 18:42:37,484 INFO  scraper.vendor:   NEW Imperia 3 Column Radiator 300 x 1145mm Gloss White | £333.0 | heating/radiators
2026-08-05 18:42:39,287 INFO  scraper.vendor:   NEW Imperia 2 Column Radiator 1800 x 290mm Matt Anthracite | £227.0 | heating/radiators
2026-08-05 18:42:41,613 INFO  scraper.vendor:   NEW Imperia 2 Column Radiator 600 x 1460mm Matt Anthracite | £476.0 | heating/radiators
2026-08-05 18:42:43,614 INFO  scraper.vendor:   NEW Imperia 2 Column Radiator 600 x 1010mm Matt Anthracite | £338.0 | heating/radiators
2026-08-05 18:42:45,420 INFO  scraper.vendor:   NEW Imperia 2 Column Radiator 600 x 560mm Matt Anthracite | £200.0 | heating/radiators
2026-08-05 18:42:47,561 INFO  scraper.vendor:   NEW Imperia 2 Column Radiator 600 x 515mm Matt Anthracite | £185.0 | heating/radiators
2026-08-05 18:42:49,987 INFO  scraper.vendor:   NEW Imperia 2 Column Radiator 600 x 470mm Matt Anthracite | £172.0 | heating/radiators
2026-08-05 18:42:52,405 INFO  scraper.vendor:   NEW Imperia 2 Column Radiator 600 x 425mm Matt Anthracite | £158.0 | heating/radiators
2026-08-05 18:42:54,672 INFO  scraper.vendor:   NEW Imperia 2 Column Radiator 300 x 1370mm Matt Anthracite | £340.0 | heating/radiators
2026-08-05 18:42:56,733 INFO  scraper.vendor:   NEW Corniche 2000 8mm Semi-Frameless 2000mm x 1600mm Slider Show | £749.0 | showering/shower-enclosures
2026-08-05 18:42:59,070 INFO  scraper.vendor:   NEW Corniche 2000 8mm Semi-Frameless 2000mm x 1100mm Slider Show | £506.0 | showering/shower-enclosures
2026-08-05 18:43:00,788 INFO  scraper.vendor:   NEW Corniche 2000 8mm Framed 2000mm x 1400mm Slider Shower Door  | £702.0 | showering/shower-enclosures
2026-08-05 18:43:02,711 INFO  scraper.vendor:   NEW Corniche 2000 8mm Semi-Frameless 2000mm x 1000mm Slider Show | £481.0 | showering/shower-enclosures
2026-08-05 18:43:04,761 INFO  scraper.vendor:   NEW Corniche 2000 8mm Semi-Frameless 2000mm x 1200mm Slider Show | £647.0 | showering/shower-enclosures
2026-08-05 18:43:06,746 INFO  scraper.vendor:   NEW Corniche 2000 8mm Semi-Frameless 2000mm x 1100mm Slider Show | £618.0 | showering/shower-enclosures
2026-08-05 18:43:08,649 INFO  scraper.vendor:   NEW Corniche 2000 8mm Semi-Frameless 2000mm x 1000mm Slider Show | £590.0 | showering/shower-enclosures
2026-08-05 18:43:10,779 INFO  scraper.vendor:   NEW Corniche 2000 8mm Semi-Frameless 2000mm x 1400mm Slider Show | £647.0 | showering/shower-enclosures
2026-08-05 18:43:12,750 INFO  scraper.vendor:   NEW Corniche 2000 8mm Semi-Frameless 2000mm x 1200mm Slider Show | £596.0 | showering/shower-enclosures
2026-08-05 18:43:14,641 INFO  scraper.vendor:   NEW Corniche 2000 8mm Semi-Frameless 2000mm x 1100mm Slider Show | £570.0 | showering/shower-enclosures
2026-08-05 18:43:16,689 INFO  scraper.vendor:   NEW Corniche 2000 8mm Semi-Frameless 2000mm x 1000mm Slider Show | £542.0 | showering/shower-enclosures
2026-08-05 18:43:18,847 INFO  scraper.vendor:   NEW Imperia 3 Column Radiator 600 x 1460mm Matt Anthracite | £565.0 | heating/radiators
2026-08-05 18:43:21,223 INFO  scraper.vendor:   NEW Corniche 2000 8mm Semi-Frameless 2000mm x 1700mm Slider Show | £651.0 | showering/shower-enclosures
2026-08-05 18:43:23,576 INFO  scraper.vendor:   NEW Imperia 3 Column Radiator 600 x 1010mm Matt Anthracite | £401.0 | heating/radiators
2026-08-05 18:43:25,798 INFO  scraper.vendor:   NEW Corniche 2000 8mm Semi-Frameless 2000mm x 1600mm Slider Show | £630.0 | showering/shower-enclosures
2026-08-05 18:43:27,939 INFO  scraper.vendor:   NEW Imperia 3 Column Radiator 600 x 560mm Matt Anthracite | £237.0 | heating/radiators
2026-08-05 18:43:30,211 INFO  scraper.vendor:   NEW Imperia 3 Column Radiator 1800 x 470mm Bare Metal | £641.0 | heating/radiators
2026-08-05 18:43:32,240 INFO  scraper.vendor:   NEW Corniche 2000 8mm Semi-Frameless 2000mm x 1400mm Slider Show | £580.0 | showering/shower-enclosures
2026-08-05 18:43:34,279 INFO  scraper.vendor:   NEW Imperia 3 Column Radiator 600 x 515mm Matt Anthracite | £219.0 | heating/radiators
2026-08-05 18:43:36,174 INFO  scraper.vendor:   NEW Corniche 2000 8mm Semi-Frameless 2000mm x 1200mm Slider Show | £531.0 | showering/shower-enclosures
2026-08-05 18:43:38,239 INFO  scraper.vendor:   NEW Imperia 3 Column Radiator 1800 x 380mm Bare Metal | £537.0 | heating/radiators
2026-08-05 18:43:40,219 INFO  scraper.vendor:   NEW Imperia 3 Column Radiator 600 x 470mm Matt Anthracite | £203.0 | heating/radiators
2026-08-05 18:43:42,769 INFO  scraper.vendor:   NEW Imperia 3 Column Radiator 600 x 1145mm Bare Metal | £702.0 | heating/radiators
2026-08-05 18:43:44,883 INFO  scraper.vendor:   NEW Imperia 3 Column Radiator 600 x 425mm Matt Anthracite | £187.0 | heating/radiators
2026-08-05 18:43:47,301 INFO  scraper.vendor:   NEW Imperia 3 Column Radiator 600 x 830mm Bare Metal | £522.0 | heating/radiators
2026-08-05 18:43:49,452 INFO  scraper.vendor:   NEW Wendover Straight Multirail 800 x 500 Brushed Brass | £180.0 | heating/towel-rails
2026-08-05 18:43:51,552 INFO  scraper.vendor:   NEW Imperia 3 Column Radiator 300 x 1370mm Matt Anthracite | £393.0 | heating/radiators
2026-08-05 18:43:53,920 INFO  scraper.vendor:   NEW Imperia 3 Column Radiator 600 x 605mm Bare Metal | £393.0 | heating/radiators
2026-08-05 18:43:56,219 INFO  scraper.vendor:   NEW Imperia 3 Column Radiator 300 x 1145mm Matt Anthracite | £333.0 | heating/radiators
2026-08-05 18:43:58,232 INFO  scraper.vendor:   NEW Imperia 2 Column Radiator 1800 x 470mm Bare Metal | £532.0 | heating/radiators
2026-08-05 18:43:59,936 INFO  scraper.vendor:   NEW Imperia 3 Column Radiator 1800 x 290mm Gloss White | £276.0 | heating/radiators
2026-08-05 18:44:01,870 INFO  scraper.vendor:   NEW Imperia 2 Column Radiator 1800 x 380mm Bare Metal | £446.0 | heating/radiators
2026-08-05 18:44:04,232 INFO  scraper.vendor:   NEW Imperia 3 Column Radiator 600 x 1460mm Gloss White | £565.0 | heating/radiators
2026-08-05 18:44:06,408 INFO  scraper.vendor:   NEW Imperia 2 Column Radiator 600 x 1145mm Bare Metal | £595.0 | heating/radiators
2026-08-05 18:44:08,633 INFO  scraper.vendor:   NEW Imperia 3 Column Radiator 600 x 1010mm Gloss White | £401.0 | heating/radiators
2026-08-05 18:44:10,544 INFO  scraper.vendor:   NEW Imperia 2 Column Radiator 600 x 830mm Bare Metal | £444.0 | heating/radiators
2026-08-05 18:44:12,649 INFO  scraper.vendor:   NEW Imperia 3 Column Radiator 600 x 560mm Gloss White | £237.0 | heating/radiators
2026-08-05 18:44:14,661 INFO  scraper.vendor:   NEW Imperia 2 Column Radiator 600 x 605mm Bare Metal | £334.0 | heating/radiators
2026-08-05 18:44:16,973 INFO  scraper.vendor:   NEW Staverton 1200 x 600 Brushed Brass | £644.0 | heating/towel-rails
2026-08-05 18:44:19,001 INFO  scraper.vendor:   NEW Imperia 3 Column Radiator 1800 x 290mm Matt Anthracite | £276.0 | heating/radiators
2026-08-05 18:44:21,127 INFO  scraper.vendor:   NEW Staverton 1200 x 500 Brushed Brass | £598.0 | heating/towel-rails
2026-08-05 18:44:23,624 INFO  scraper.vendor:   NEW New Leonardo 1200 x 600 Brushed Brass | £770.0 | heating/towel-rails
2026-08-05 18:44:25,761 INFO  scraper.vendor:   NEW New Leonardo 1200 x 500 Brushed Brass | £713.0 | heating/towel-rails
2026-08-05 18:44:27,569 INFO  scraper.vendor:   NEW Wendover Straight Multirail 1800 x 600 Brushed Brass | £375.0 | heating/towel-rails
2026-08-05 18:44:29,379 INFO  scraper.vendor:   NEW Wendover Straight Multirail 1800 x 500 Brushed Brass | £366.0 | heating/towel-rails
2026-08-05 18:44:31,701 INFO  scraper.vendor:   NEW Wendover Straight Multirail 1600 x 600 Brushed Brass | £334.0 | heating/towel-rails
2026-08-05 18:44:34,292 INFO  scraper.vendor:   NEW Wendover Straight Multirail 1600 x 500 Brushed Brass | £328.0 | heating/towel-rails
2026-08-05 18:44:36,408 INFO  scraper.vendor:   NEW Wendover Straight Multirail 1400 x 600 Brushed Brass | £294.0 | heating/towel-rails
2026-08-05 18:44:38,411 INFO  scraper.vendor:   NEW Wendover Straight Multirail 1400 x 500 Brushed Brass | £283.0 | heating/towel-rails
2026-08-05 18:44:41,014 INFO  scraper.vendor:   NEW Wendover Straight Multirail 1200 x 600 Brushed Brass | £259.0 | heating/towel-rails
2026-08-05 18:44:43,253 INFO  scraper.vendor:   NEW Wendover Straight Multirail 1200 x 500 Brushed Brass | £254.0 | heating/towel-rails
2026-08-05 18:44:45,461 INFO  scraper.vendor:   NEW Wendover Straight Multirail 800 x 600 Brushed Brass | £192.0 | heating/towel-rails
2026-08-05 18:44:47,587 INFO  scraper.vendor:   NEW Biava Multirail HV Straight 360 x 400mm Matt White | £39.0 | heating/towel-rails
2026-08-05 18:44:49,718 INFO  scraper.vendor:   NEW Rivassa 3 Column Radiator 600 x 1148mm Bronze Olive | £640.0 | heating/radiators
2026-08-05 18:44:52,036 INFO  scraper.vendor:   NEW Rivassa 3 Column Radiator 600 x 1010mm Bronze Olive | £563.0 | heating/radiators
2026-08-05 18:44:54,027 INFO  scraper.vendor:   NEW Rivassa 3 Column Radiator 600 x 833mm Bronze Olive | £460.0 | heating/radiators
2026-08-05 18:44:56,290 INFO  scraper.vendor:   NEW Rivassa 3 Column Radiator 600 x 608mm Bronze Olive | £334.0 | heating/radiators
2026-08-05 18:44:58,316 INFO  scraper.vendor:   NEW Rivassa 2 Column Radiator 600 x 1148mm Bronze Olive | £604.0 | heating/radiators
2026-08-05 18:45:00,551 INFO  scraper.vendor:   NEW Rivassa 2 Column Radiator 600 x 1010mm Bronze Olive | £535.0 | heating/radiators
2026-08-05 18:45:02,853 INFO  scraper.vendor:   NEW Rivassa 2 Column Radiator 600 x 833mm Bronze Olive | £436.0 | heating/radiators
2026-08-05 18:45:05,199 INFO  scraper.vendor:   NEW Rivassa 2 Column Radiator 600 x 608mm Bronze Olive | £315.0 | heating/radiators
2026-08-05 18:45:07,645 INFO  scraper.vendor:   NEW Vantage Easy Clean 1850mm x 1650mm Slider Shower Door - Chro | £577.0 | showering/shower-enclosures
2026-08-05 18:45:09,972 INFO  scraper.vendor:   NEW Biava Multirail HV Straight 1720 x 750mm Matt White | £120.0 | heating/towel-rails
2026-08-05 18:45:12,337 INFO  scraper.vendor:   NEW Biava Multirail HV Straight 1720 x 600mm Matt White | £107.0 | heating/towel-rails
2026-08-05 18:45:14,766 INFO  scraper.vendor:   NEW Biava Multirail HV Straight 1720 x 450mm Matt White | £94.0 | heating/towel-rails
2026-08-05 18:45:16,962 INFO  scraper.vendor:   NEW Biava Multirail HV Straight 1118 x 750mm Matt White | £86.0 | heating/towel-rails
2026-08-05 18:45:19,493 INFO  scraper.vendor:   NEW Biava Multirail HV Straight 1118 x 600mm Matt White | £78.0 | heating/towel-rails
2026-08-05 18:45:21,698 INFO  scraper.vendor:   NEW Biava Multirail HV Straight 1118 x 450mm Matt White | £70.0 | heating/towel-rails
2026-08-05 18:45:24,608 INFO  scraper.vendor:   NEW Biava Multirail HV Straight 688 x 750mm Matt White | £64.0 | heating/towel-rails
2026-08-05 18:45:27,097 INFO  scraper.vendor:   NEW Biava Multirail HV Straight 688 x 600mm Matt White | £58.0 | heating/towel-rails
2026-08-05 18:45:29,433 INFO  scraper.vendor:   NEW Biava Multirail HV Straight 688 x 450mm Matt White | £53.0 | heating/towel-rails
2026-08-05 18:45:31,586 INFO  scraper.vendor:   NEW Tunstall V Towel Hanger 350mm Matt Anthracite | £65.0 | accessories
2026-08-05 18:45:33,959 INFO  scraper.vendor:   NEW Tunstall V Towel Hanger 560mm Matt White | £80.0 | accessories
2026-08-05 18:45:35,850 INFO  scraper.vendor:   NEW Tunstall V Towel Hanger 490mm Matt White | £77.0 | accessories
2026-08-05 18:45:38,183 INFO  scraper.vendor:   NEW Tunstall V Towel Hanger 350mm Matt White | £65.0 | accessories
2026-08-05 18:45:40,407 INFO  scraper.vendor:   NEW Rivassa 3 Column Radiator 1800 x 383mm Bronze Olive | £392.0 | heating/radiators
2026-08-05 18:45:42,431 INFO  scraper.vendor:   NEW Rivassa 3 Column Radiator 1800 x 473mm Bronze Olive | £491.0 | heating/radiators
2026-08-05 18:45:44,923 INFO  scraper.vendor:   NEW Tunstall V Towel Hanger 560mm Matt Anthracite | £80.0 | accessories
2026-08-05 18:45:47,146 INFO  scraper.vendor:   NEW Tunstall V Towel Hanger 490mm Matt Anthracite | £77.0 | accessories
2026-08-05 18:45:49,115 INFO  scraper.vendor:   NEW Tunstall V Towel Hanger 560mm Chrome | £87.0 | accessories
2026-08-05 18:45:51,141 INFO  scraper.vendor:   NEW Tunstall V Towel Hanger 490mm Chrome | £84.0 | accessories
2026-08-05 18:45:53,411 INFO  scraper.vendor:   NEW Tunstall V Towel Hanger 350mm Chrome | £72.0 | accessories
2026-08-05 18:45:55,392 INFO  scraper.vendor:   NEW Tunstall V Towel Hanger 560mm Matt Black | £80.0 | accessories
2026-08-05 18:45:57,482 INFO  scraper.vendor:   NEW Tunstall V Towel Hanger 490mm Matt Black | £77.0 | accessories
2026-08-05 18:45:59,585 INFO  scraper.vendor:   NEW Tunstall V Towel Hanger 350mm Matt Black | £65.0 | accessories
2026-08-05 18:46:01,790 INFO  scraper.vendor:   NEW Portland Single Ended (SE) 1650 x 700 x 440mm Beauforte Bath | £587.0 | baths/single-ended
2026-08-05 18:46:04,118 INFO  scraper.vendor:   NEW Malin Double Ended (DE) 1675 x 700 x 440mm Beauforte Bath -  | £649.0 | baths/double-ended
2026-08-05 18:46:05,660 INFO  scraper.vendor:   NEW Malin Single Ended (SE) 1675 x 700 x 440mm Beauforte Bath -  | £625.0 | baths/single-ended
2026-08-05 18:46:07,364 INFO  scraper.vendor:   NEW Malin Single Ended (SE) 1650 x 700 x 440mm Beauforte Bath -  | £625.0 | baths/single-ended
2026-08-05 18:46:09,740 INFO  scraper.vendor:   NEW Portland Single Ended (SE) Twin Grip (TG) 1675 x 700 x 440mm | £594.0 | baths/single-ended
2026-08-05 18:46:11,976 INFO  scraper.vendor:   NEW Portland Single Ended (SE) 1700 x 800 x 440mm 5mm Bath - Mat | £639.0 | baths/single-ended
2026-08-05 18:46:14,030 INFO  scraper.vendor:   NEW Fitzroy Single Ended (SE) 1700 x 750 x 440mm 5mm Bath - Whit | £510.0 | baths/single-ended
2026-08-05 18:46:16,021 INFO  scraper.vendor:   NEW Fitzroy Single Ended (SE) 1700 x 750 x 440mm Beauforte Bath  | £859.0 | baths/single-ended
2026-08-05 18:46:17,928 INFO  scraper.vendor:   NEW Fitzroy Single Ended (SE) 1700 x 750 x 440mm 5mm Bath - Whit | £510.0 | baths/single-ended
2026-08-05 18:46:19,827 INFO  scraper.vendor:   NEW Fitzroy Single Ended (SE) 1700 x 750 x 440mm Beauforte Bath  | £859.0 | baths/single-ended
2026-08-05 18:46:21,825 INFO  scraper.vendor:   NEW Portland Single Ended (SE) 1675 x 700 x 440mm Beauforte Bath | £587.0 | baths/single-ended
2026-08-05 18:46:24,054 INFO  scraper.vendor:   NEW Portland Single Ended (SE) 1675 x 700 x 440mm 5mm Bath - Whi | £320.0 | baths/single-ended
2026-08-05 18:46:26,262 INFO  scraper.vendor:   NEW Portland Single Ended (SE) 1650 x 700 x 440mm 5mm Bath - Whi | £320.0 | baths/single-ended
2026-08-05 18:46:28,154 INFO  scraper.vendor:   NEW Malin Double Ended (DE) 1675 x 700 x 440mm 5mm Bath - White | £363.0 | baths/double-ended
2026-08-05 18:46:30,482 INFO  scraper.vendor:   NEW Malin Single Ended (SE) 1675 x 700 x 440mm 5mm Bath - White | £346.0 | baths/single-ended
2026-08-05 18:46:32,674 INFO  scraper.vendor:   NEW Malin Single Ended (SE) 1650 x 700 x 440mm 5mm Bath - White | £346.0 | baths/single-ended
2026-08-05 18:46:34,782 INFO  scraper.vendor:   NEW Portland Single Ended (SE) Twin Grip (TG) 1675 x 700 x 440mm | £326.0 | baths/single-ended
2026-08-05 18:46:37,085 INFO  scraper.vendor:   NEW Warrington 1800 x 608 Radiator Type20 Matt Black | £533.0 | heating/radiators
2026-08-05 18:46:39,458 INFO  scraper.vendor:   NEW Warrington 1800 x 608 Radiator Type20 Matt Anthracite | £533.0 | heating/radiators
2026-08-05 18:46:41,813 INFO  scraper.vendor:   NEW Warrington 1800 x 608 Radiator Type20 Gloss White | £519.0 | heating/radiators
2026-08-05 18:46:44,140 INFO  scraper.vendor:   NEW Warrington 1800 x 532 Radiator Type20 Matt Black | £471.0 | heating/radiators
2026-08-05 18:46:46,101 INFO  scraper.vendor:   NEW Warrington 1800 x 532 Radiator Type20 Matt Anthracite | £471.0 | heating/radiators
2026-08-05 18:46:48,162 INFO  scraper.vendor:   NEW Warrington 1800 x 532 Radiator Type20 Gloss White | £458.0 | heating/radiators
2026-08-05 18:46:50,551 INFO  scraper.vendor:   NEW Wendover Straight Multirail 800 x 300 Matt Anthracite | £70.0 | heating/towel-rails
2026-08-05 18:46:52,780 INFO  scraper.vendor:   NEW Wendover Straight Multirail 1800 x 300 Matt Anthracite | £122.0 | heating/towel-rails
2026-08-05 18:46:54,948 INFO  scraper.vendor:   NEW Trent 1800 x 280 Aluminium Radiator Matt White | £220.0 | heating/radiators
2026-08-05 18:46:57,017 INFO  scraper.vendor:   NEW Warrington 1800 x 456 Radiator Type20 Matt Black | £410.0 | heating/radiators
2026-08-05 18:46:59,275 INFO  scraper.vendor:   NEW Wendover Straight Multirail 600 x 1200 Matt Anthracite | £130.0 | heating/towel-rails
2026-08-05 18:47:01,467 INFO  scraper.vendor:   NEW Mersey / Trent Towel Hanger 660mm. Brushed Brass | £66.0 | accessories
2026-08-05 18:47:03,588 INFO  scraper.vendor:   NEW Wendover Straight Multirail 1600 x 750 Matt Anthracite | £171.0 | heating/towel-rails
2026-08-05 18:47:06,141 INFO  scraper.vendor:   NEW Wendover Straight Multirail 600 x 1000 Matt Anthracite | £119.0 | heating/towel-rails
2026-08-05 18:47:08,213 INFO  scraper.vendor:   NEW Warrington 1800 x 456 Radiator Type20 Matt Anthracite | £410.0 | heating/radiators
2026-08-05 18:47:10,346 INFO  scraper.vendor:   NEW Mersey / Trent Towel Hanger 565mm. Brushed Brass | £62.0 | accessories
2026-08-05 18:47:12,363 INFO  scraper.vendor:   NEW Warrington 1800 x 456 Radiator Type20 Gloss White | £398.0 | heating/radiators
2026-08-05 18:47:14,375 INFO  scraper.vendor:   NEW Mersey / Trent Towel Hanger 470mm. Brushed Brass | £58.0 | accessories
2026-08-05 18:47:16,694 INFO  scraper.vendor:   NEW Wendover Straight Multirail 1600 x 600 Matt Anthracite | £137.0 | heating/towel-rails
2026-08-05 18:47:18,912 INFO  scraper.vendor:   NEW Warrington 1800 x 380 Radiator Type20 Matt Black | £349.0 | heating/radiators
2026-08-05 18:47:20,938 INFO  scraper.vendor:   NEW Mersey / Trent Towel Hanger 375mm. Brushed Brass | £55.0 | accessories
2026-08-05 18:47:23,195 INFO  scraper.vendor:   NEW Wendover Straight Multirail 1600 x 500 Matt Anthracite | £125.0 | heating/towel-rails
2026-08-05 18:47:24,991 INFO  scraper.vendor:   NEW Mersey / Trent Towel Hanger 280mm. Brushed Brass | £53.0 | accessories
2026-08-05 18:47:27,081 INFO  scraper.vendor:   NEW Warrington 1800 x 380 Radiator Type20 Matt Anthracite | £349.0 | heating/radiators
2026-08-05 18:47:29,499 INFO  scraper.vendor:   NEW Wendover Straight Multirail 1600 x 400 Matt Anthracite | £114.0 | heating/towel-rails
2026-08-05 18:47:31,778 INFO  scraper.vendor:   NEW Mersey / Trent Towel Hanger 660mm. Mirror Polished | £74.0 | accessories
2026-08-05 18:47:34,053 INFO  scraper.vendor:   NEW Mersey / Trent Towel Hanger 565mm. Mirror Polished | £69.0 | accessories
2026-08-05 18:47:36,272 INFO  scraper.vendor:   NEW Warrington 1800 x 380 Radiator Type20 Gloss White | £340.0 | heating/radiators
2026-08-05 18:47:38,815 INFO  scraper.vendor:   NEW Wendover Straight Multirail 1600 x 300 Matt Anthracite | £108.0 | heating/towel-rails
2026-08-05 18:47:40,517 INFO  scraper.vendor:   NEW Mersey / Trent Towel Hanger 470mm. Mirror Polished | £63.0 | accessories
2026-08-05 18:47:42,713 INFO  scraper.vendor:   NEW Warrington 1800 x 304 Radiator Type20 Matt Black | £287.0 | heating/radiators
2026-08-05 18:47:44,954 INFO  scraper.vendor:   NEW Wendover Straight Multirail 1400 x 750 Matt Anthracite | £151.0 | heating/towel-rails
2026-08-05 18:47:46,962 INFO  scraper.vendor:   NEW Mersey / Trent Towel Hanger 375mm. Mirror Polished | £58.0 | accessories
2026-08-05 18:47:49,183 INFO  scraper.vendor:   NEW Warrington 1800 x 304 Radiator Type20 Matt Anthracite | £287.0 | heating/radiators
2026-08-05 18:47:51,692 INFO  scraper.vendor:   NEW Warrington 600 x 836 Radiator Type20 Matt Anthracite | £311.0 | heating/radiators
2026-08-05 18:47:53,970 INFO  scraper.vendor:   NEW Mersey / Trent Towel Hanger 280mm. Mirror Polished | £53.0 | accessories
2026-08-05 18:47:55,982 INFO  scraper.vendor:   NEW Wendover Straight Multirail 1400 x 600 Matt Anthracite | £121.0 | heating/towel-rails
2026-08-05 18:47:57,989 INFO  scraper.vendor:   NEW Derwent 1800 x 304 Dry Element Aluminium Radiator Matt White | £326.0 | heating/radiators
2026-08-05 18:48:00,120 INFO  scraper.vendor:   NEW Mersey 1800 x 660 Aluminium Radiator Matt Black | £439.0 | heating/radiators
2026-08-05 18:48:02,156 INFO  scraper.vendor:   NEW Warrington 600 x 836 Radiator Type20 Gloss White | £303.0 | heating/radiators
2026-08-05 18:48:03,969 INFO  scraper.vendor:   NEW Warrington 1800 x 304 Radiator Type20 Gloss White | £271.0 | heating/radiators
2026-08-05 18:48:06,094 INFO  scraper.vendor:   NEW Wendover Straight Multirail 1400 x 500 Matt Anthracite | £114.0 | heating/towel-rails
2026-08-05 18:48:08,158 INFO  scraper.vendor:   NEW Warrington 600 x 608 Radiator Type20 Matt Black | £237.0 | heating/radiators
2026-08-05 18:48:10,332 INFO  scraper.vendor:   NEW Trent 1800 x 660 Aluminium Radiator Matt Black | £426.0 | heating/radiators
2026-08-05 18:48:11,876 INFO  scraper.vendor:   NEW Warrington 600 x 1212 Radiator Type10 Matt Black | £272.0 | heating/radiators
2026-08-05 18:48:13,923 INFO  scraper.vendor:   NEW Mersey 1800 x 565 Aluminium Radiator Matt Black | £398.0 | heating/radiators
2026-08-05 18:48:15,894 INFO  scraper.vendor:   NEW Wendover Straight Multirail 1400 x 400 Matt Anthracite | £103.0 | heating/towel-rails
2026-08-05 18:48:18,013 INFO  scraper.vendor:   NEW Warrington 600 x 1212 Radiator Type10 Matt Anthracite | £272.0 | heating/radiators
2026-08-05 18:48:20,779 INFO  scraper.vendor:   NEW Trent 1800 x 565 Aluminium Radiator Matt Black | £383.0 | heating/radiators
2026-08-05 18:48:22,863 INFO  scraper.vendor:   NEW Warrington 600 x 608 Radiator Type20 Matt Anthracite | £237.0 | heating/radiators
2026-08-05 18:48:25,093 INFO  scraper.vendor:   NEW Mersey 1800 x 470 Aluminium Radiator Matt Black | £344.0 | heating/radiators
2026-08-05 18:48:27,395 INFO  scraper.vendor:   NEW Mersey 1800 x 375 Aluminium Radiator Matt Black | £289.0 | heating/radiators
2026-08-05 18:48:29,490 INFO  scraper.vendor:   NEW Warrington 600 x 608 Radiator Type20 Gloss White | £230.0 | heating/radiators
2026-08-05 18:48:31,893 INFO  scraper.vendor:   NEW Trent 1800 x 470 Aluminium Radiator Matt Black | £329.0 | heating/radiators
2026-08-05 18:48:34,367 INFO  scraper.vendor:   NEW Mersey 1800 x 280 Aluminium Radiator Matt Black | £236.0 | heating/radiators
2026-08-05 18:48:36,332 INFO  scraper.vendor:   NEW Warrington 600 x 456 Radiator Type20 Matt Black | £187.0 | heating/radiators
2026-08-05 18:48:38,726 INFO  scraper.vendor:   NEW Trent 1800 x 375 Aluminium Radiator Matt Black | £273.0 | heating/radiators
2026-08-05 18:48:40,460 INFO  scraper.vendor:   NEW Mersey 1800 x 660 Aluminium Radiator Matt Anthracite | £439.0 | heating/radiators
2026-08-05 18:48:42,633 INFO  scraper.vendor:   NEW Trent 1800 x 280 Aluminium Radiator Matt Black | £220.0 | heating/radiators
2026-08-05 18:48:44,870 INFO  scraper.vendor:   NEW Warrington 600 x 456 Radiator Type20 Matt Anthracite | £187.0 | heating/radiators
2026-08-05 18:48:46,819 INFO  scraper.vendor:   NEW Trent 1800 x 660 Aluminium Radiator Matt Anthracite | £426.0 | heating/radiators
2026-08-05 18:48:48,618 INFO  scraper.vendor:   NEW Warrington 600 x 456 Radiator Type20 Gloss White | £182.0 | heating/radiators
2026-08-05 18:48:50,290 INFO  scraper.vendor:   NEW Trent 1800 x 565 Aluminium Radiator Matt Anthracite | £383.0 | heating/radiators
2026-08-05 18:48:52,137 INFO  scraper.vendor:   NEW Warrington 1800 x 300 Radiator Type10 Matt Black | £177.0 | heating/radiators
2026-08-05 18:48:54,098 INFO  scraper.vendor:   NEW Trent 1800 x 470 Aluminium Radiator Matt Anthracite | £329.0 | heating/radiators
2026-08-05 18:48:55,923 INFO  scraper.vendor:   NEW Warrington 1800 x 300 Radiator Type10 Matt Anthracite | £177.0 | heating/radiators
2026-08-05 18:48:57,984 INFO  scraper.vendor:   NEW Trent 1800 x 375 Aluminium Radiator Matt Anthracite | £273.0 | heating/radiators
2026-08-05 18:49:00,130 INFO  scraper.vendor:   NEW Trent 1800 x 280 Aluminium Radiator Matt Anthracite | £220.0 | heating/radiators
2026-08-05 18:49:02,415 INFO  scraper.vendor:   NEW Warrington 1800 x 300 Radiator Type10 Gloss White | £172.0 | heating/radiators
2026-08-05 18:49:04,760 INFO  scraper.vendor:   NEW Trent 1800 x 660 Aluminium Radiator Matt White | £426.0 | heating/radiators
2026-08-05 18:49:07,134 INFO  scraper.vendor:   NEW Derwent Towel Hanger 604mm. Mirror Polished | £72.0 | accessories
2026-08-05 18:49:09,206 INFO  scraper.vendor:   NEW Trent 1800 x 565 Aluminium Radiator Matt White | £383.0 | heating/radiators
2026-08-05 18:49:11,505 INFO  scraper.vendor:   NEW Derwent Towel Hanger 504mm. Mirror Polished | £66.0 | accessories
2026-08-05 18:49:13,884 INFO  scraper.vendor:   NEW Trent 1800 x 470 Aluminium Radiator Matt White | £329.0 | heating/radiators
2026-08-05 18:49:15,815 INFO  scraper.vendor:   NEW Derwent Towel Hanger 404mm. Mirror Polished | £57.0 | accessories
2026-08-05 18:49:17,649 INFO  scraper.vendor:   NEW Derwent Towel Hanger 304mm. Mirror Polished | £54.0 | accessories
2026-08-05 18:49:19,943 INFO  scraper.vendor:   NEW Trent 1800 x 375 Aluminium Radiator Matt White | £273.0 | heating/radiators
2026-08-05 18:49:22,005 INFO  scraper.vendor:   NEW Derwent 1800 x 604 Dry Element Aluminium Radiator Matt Black | £533.0 | heating/radiators
2026-08-05 18:49:23,871 INFO  scraper.vendor:   NEW Wendover Straight Multirail 1400 x 300 Matt Anthracite | £98.0 | heating/towel-rails
2026-08-05 18:49:26,069 INFO  scraper.vendor:   NEW Wendover Straight Multirail 1200 x 750 Matt Anthracite | £138.0 | heating/towel-rails
2026-08-05 18:49:28,485 INFO  scraper.vendor:   NEW Wendover Straight Multirail 1200 x 300 Matt Anthracite | £92.0 | heating/towel-rails
2026-08-05 18:49:30,993 INFO  scraper.vendor:   NEW Wendover Straight Multirail 1000 x 750 Matt Anthracite | £117.0 | heating/towel-rails
2026-08-05 18:49:33,711 INFO  scraper.vendor:   NEW Wendover Straight Multirail 1000 x 600 Matt Anthracite | £95.0 | heating/towel-rails
2026-08-05 18:49:35,725 INFO  scraper.vendor:   NEW Wendover Straight Multirail 1000 x 500 Matt Anthracite | £91.0 | heating/towel-rails
2026-08-05 18:49:37,919 INFO  scraper.vendor:   NEW Wendover Straight Multirail 1000 x 400 Matt Anthracite | £83.0 | heating/towel-rails
2026-08-05 18:49:40,090 INFO  scraper.vendor:   NEW Wendover Straight Multirail 1000 x 300 Matt Anthracite | £81.0 | heating/towel-rails
2026-08-05 18:49:41,967 INFO  scraper.vendor:   NEW Warrington Towel Hanger 300mm Matt Anthracite | £53.0 | accessories
2026-08-05 18:49:44,263 INFO  scraper.vendor:   NEW Wendover Straight Multirail 800 x 750 Matt Anthracite | £104.0 | heating/towel-rails
2026-08-05 18:49:46,541 INFO  scraper.vendor:   NEW Warrington Towel Hanger 300mm Gloss White | £53.0 | accessories
2026-08-05 18:49:48,673 INFO  scraper.vendor:   NEW Warrington 600 x 604 Radiator Type10 Matt Anthracite | £156.0 | heating/radiators
2026-08-05 18:49:50,862 INFO  scraper.vendor:   NEW Warrington Towel Hanger 300mm Mirror Polished | £57.0 | accessories
2026-08-05 18:49:53,141 INFO  scraper.vendor:   NEW Wendover Straight Multirail 800 x 600 Matt Anthracite | £86.0 | heating/towel-rails
2026-08-05 18:49:55,797 INFO  scraper.vendor:   NEW Warrington Towel Hanger 239mm Matt Black | £50.0 | accessories
2026-08-05 18:49:58,130 INFO  scraper.vendor:   NEW Warrington 600 x 604 Radiator Type10 Gloss White | £152.0 | heating/radiators
2026-08-05 18:50:00,414 INFO  scraper.vendor:   NEW Wendover Straight Multirail 800 x 500 Matt Anthracite | £79.0 | heating/towel-rails
2026-08-05 18:50:02,634 INFO  scraper.vendor:   NEW Warrington Towel Hanger 239mm Matt Anthracite | £50.0 | accessories
2026-08-05 18:50:04,917 INFO  scraper.vendor:   NEW Warrington Towel Hanger 500mm Matt Black | £65.0 | accessories
2026-08-05 18:50:07,226 INFO  scraper.vendor:   NEW Warrington 600 x 452 Radiator Type10 Matt Black | £126.0 | heating/radiators
2026-08-05 18:50:09,785 INFO  scraper.vendor:   NEW Wendover Straight Multirail 800 x 400 Matt Anthracite | £73.0 | heating/towel-rails
2026-08-05 18:50:11,604 INFO  scraper.vendor:   NEW Warrington Towel Hanger 239mm Gloss White | £50.0 | accessories
2026-08-05 18:50:13,912 INFO  scraper.vendor:   NEW Warrington Towel Hanger 500mm Matt Anthracite | £65.0 | accessories
2026-08-05 18:50:16,196 INFO  scraper.vendor:   NEW Derwent 1800 x 504 Dry Element Aluminium Radiator Matt Black | £476.0 | heating/radiators
2026-08-05 18:50:17,985 INFO  scraper.vendor:   NEW Warrington Towel Hanger 500mm Gloss White | £65.0 | accessories
2026-08-05 18:50:20,370 INFO  scraper.vendor:   NEW Warrington 600 x 452 Radiator Type10 Matt Anthracite | £126.0 | heating/radiators
2026-08-05 18:50:22,641 INFO  scraper.vendor:   NEW Warrington Towel Hanger 239mm Mirror Polished | £53.0 | accessories
2026-08-05 18:50:24,632 INFO  scraper.vendor:   NEW Derwent 1800 x 404 Dry Element Aluminium Radiator Matt Black | £402.0 | heating/radiators
2026-08-05 18:50:26,445 INFO  scraper.vendor:   NEW Warrington Towel Hanger 500mm Mirror Polished | £71.0 | accessories
2026-08-05 18:50:28,749 INFO  scraper.vendor:   NEW Warrington 600 x 452 Radiator Type10 Gloss White | £123.0 | heating/radiators
2026-08-05 18:50:31,159 INFO  scraper.vendor:   NEW Warrington Towel Hanger 380mm Matt Black | £58.0 | accessories
2026-08-05 18:50:33,698 INFO  scraper.vendor:   NEW Warrington 600 x 1216 Radiator Type20 Matt Black | £434.0 | heating/radiators
2026-08-05 18:50:35,889 INFO  scraper.vendor:   NEW Derwent 1800 x 304 Dry Element Aluminium Radiator Matt Black | £326.0 | heating/radiators
2026-08-05 18:50:38,028 INFO  scraper.vendor:   NEW Warrington Towel Hanger 380mm Matt Anthracite | £58.0 | accessories
2026-08-05 18:50:39,998 INFO  scraper.vendor:   NEW Warrington 1800 x 604 Radiator Type10 Matt Black | £314.0 | heating/radiators
2026-08-05 18:50:42,118 INFO  scraper.vendor:   NEW Mersey 1800 x 280 Aluminium Radiator Matt White | £236.0 | heating/radiators
2026-08-05 18:50:44,163 INFO  scraper.vendor:   NEW Warrington 600 x 1216 Radiator Type20 Matt Anthracite | £434.0 | heating/radiators
2026-08-05 18:50:46,140 INFO  scraper.vendor:   NEW Derwent 1800 x 604 Dry Element Aluminium Radiator Matt Anthr | £533.0 | heating/radiators
2026-08-05 18:50:48,312 INFO  scraper.vendor:   NEW Warrington 1800 x 604 Radiator Type10 Matt Anthracite | £314.0 | heating/radiators
2026-08-05 18:50:50,071 INFO  scraper.vendor:   NEW Warrington 600 x 1216 Radiator Type20 Gloss White | £423.0 | heating/radiators
2026-08-05 18:50:52,156 INFO  scraper.vendor:   NEW Derwent 1800 x 504 Dry Element Aluminium Radiator Matt Anthr | £476.0 | heating/radiators
2026-08-05 18:50:54,407 INFO  scraper.vendor:   NEW Corniche 2000 1200x900mm Right Hand Offset Quadrant Shower E | £795.0 | showering/shower-enclosures
2026-08-05 18:50:56,366 INFO  scraper.vendor:   NEW Warrington 600 x 1064 Radiator Type20 Matt Black | £385.0 | heating/radiators
2026-08-05 18:50:58,474 INFO  scraper.vendor:   NEW Warrington 1800 x 604 Radiator Type10 Gloss White | £305.0 | heating/radiators
2026-08-05 18:51:00,672 INFO  scraper.vendor:   NEW Derwent 1800 x 404 Dry Element Aluminium Radiator Matt Anthr | £402.0 | heating/radiators
2026-08-05 18:51:02,917 INFO  scraper.vendor:   NEW Corniche 2000 1200x800mm Right Hand Offset Quadrant Shower E | £785.0 | showering/shower-enclosures
2026-08-05 18:51:05,292 INFO  scraper.vendor:   NEW Warrington 1800 x 528 Radiator Type10 Matt Black | £280.0 | heating/radiators
2026-08-05 18:51:07,285 INFO  scraper.vendor:   NEW Warrington 600 x 1064 Radiator Type20 Matt Anthracite | £385.0 | heating/radiators
2026-08-05 18:51:09,472 INFO  scraper.vendor:   NEW Corniche 2000 1200x900mm Left Hand Offset Quadrant Shower En | £795.0 | showering/shower-enclosures
2026-08-05 18:51:11,635 INFO  scraper.vendor:   NEW Derwent 1800 x 304 Dry Element Aluminium Radiator Matt Anthr | £326.0 | heating/radiators
2026-08-05 18:51:13,875 INFO  scraper.vendor:   NEW Corniche 2000 1200x800mm Left Hand Offset Quadrant Shower En | £785.0 | showering/shower-enclosures
2026-08-05 18:51:16,095 INFO  scraper.vendor:   NEW Warrington 600 x 1064 Radiator Type20 Gloss White | £374.0 | heating/radiators
2026-08-05 18:51:18,091 INFO  scraper.vendor:   NEW Warrington 1800 x 528 Radiator Type10 Matt Anthracite | £280.0 | heating/radiators
2026-08-05 18:51:20,186 INFO  scraper.vendor:   NEW Derwent 1800 x 604 Dry Element Aluminium Radiator Matt White | £533.0 | heating/radiators
2026-08-05 18:51:22,663 INFO  scraper.vendor:   NEW Warrington 600 x 836 Radiator Type20 Matt Black | £311.0 | heating/radiators
2026-08-05 18:51:24,758 INFO  scraper.vendor:   NEW Derwent 1800 x 504 Dry Element Aluminium Radiator Matt White | £476.0 | heating/radiators
2026-08-05 18:51:26,782 INFO  scraper.vendor:   NEW Warrington 1800 x 528 Radiator Type10 Gloss White | £271.0 | heating/radiators
2026-08-05 18:51:28,809 INFO  scraper.vendor:   NEW Derwent 1800 x 404 Dry Element Aluminium Radiator Matt White | £402.0 | heating/radiators
2026-08-05 18:51:30,780 INFO  scraper.vendor:   NEW Warrington 1800 x 452 Radiator Type10 Matt Black | £245.0 | heating/radiators
2026-08-05 18:51:33,179 INFO  scraper.vendor:   NEW Corniche 2000 1200x800mm Right Hand Offset Quadrant Shower E | £740.0 | showering/shower-enclosures
2026-08-05 18:51:35,274 INFO  scraper.vendor:   NEW Warrington 1800 x 452 Radiator Type10 Matt Anthracite | £245.0 | heating/radiators
2026-08-05 18:51:37,037 INFO  scraper.vendor:   NEW Corniche 2000 1200x900mm Left Hand Offset Quadrant Shower En | £750.0 | showering/shower-enclosures
2026-08-05 18:51:38,828 INFO  scraper.vendor:   NEW Warrington 1800 x 452 Radiator Type10 Gloss White | £239.0 | heating/radiators
2026-08-05 18:51:40,835 INFO  scraper.vendor:   NEW Corniche 2000 1200x800mm Left Hand Offset Quadrant Shower En | £740.0 | showering/shower-enclosures
2026-08-05 18:51:42,817 INFO  scraper.vendor:   NEW Warrington 600 x 1212 Radiator Type10 Gloss White | £265.0 | heating/radiators
2026-08-05 18:51:44,652 INFO  scraper.vendor:   NEW Warrington 1800 x 376 Radiator Type10 Matt Black | £212.0 | heating/radiators
2026-08-05 18:51:46,857 INFO  scraper.vendor:   NEW Warrington 600 x 1060 Radiator Type10 Matt Black | £243.0 | heating/radiators
2026-08-05 18:51:48,990 INFO  scraper.vendor:   NEW Warrington 600 x 1060 Radiator Type10 Matt Anthracite | £243.0 | heating/radiators
2026-08-05 18:51:51,004 INFO  scraper.vendor:   NEW Warrington 1800 x 376 Radiator Type10 Matt Anthracite | £212.0 | heating/radiators
2026-08-05 18:51:52,950 INFO  scraper.vendor:   NEW Warrington 600 x 1060 Radiator Type10 Gloss White | £237.0 | heating/radiators
2026-08-05 18:51:54,959 INFO  scraper.vendor:   NEW Corniche 2000 Right Hand 1200x900mm Offset Quadrant Shower E | £661.0 | showering/shower-enclosures
2026-08-05 18:51:57,205 INFO  scraper.vendor:   NEW Mersey 1800 x 565 Aluminium Radiator Matt Anthracite | £398.0 | heating/radiators
2026-08-05 18:51:59,241 INFO  scraper.vendor:   NEW Corniche 2000 Right Hand 1200x800mm Offset Quadrant Shower E | £649.0 | showering/shower-enclosures
2026-08-05 18:52:01,172 INFO  scraper.vendor:   NEW Warrington 1800 x 376 Radiator Type10 Gloss White | £205.0 | heating/radiators
2026-08-05 18:52:03,201 INFO  scraper.vendor:   NEW Mersey 1800 x 470 Aluminium Radiator Matt Anthracite | £344.0 | heating/radiators
2026-08-05 18:52:05,079 INFO  scraper.vendor:   NEW Warrington 600 x 832 Radiator Type10 Matt Black | £200.0 | heating/radiators
2026-08-05 18:52:06,692 INFO  scraper.vendor:   NEW Corniche 2000 1200x900mm Left Hand Offset Quadrant Shower En | £661.0 | showering/shower-enclosures
2026-08-05 18:52:08,714 INFO  scraper.vendor:   NEW Warrington 600 x 832 Radiator Type10 Matt Anthracite | £200.0 | heating/radiators
2026-08-05 18:52:10,922 INFO  scraper.vendor:   NEW Mersey 1800 x 375 Aluminium Radiator Matt Anthracite | £289.0 | heating/radiators
2026-08-05 18:52:12,629 INFO  scraper.vendor:   NEW Corniche 2000 1200x800mm Left Hand Offset Quadrant Shower En | £649.0 | showering/shower-enclosures
2026-08-05 18:52:14,595 INFO  scraper.vendor:   NEW Warrington 600 x 832 Radiator Type10 Gloss White | £195.0 | heating/radiators
2026-08-05 18:52:16,969 INFO  scraper.vendor:   NEW Mersey 1800 x 280 Aluminium Radiator Matt Anthracite | £236.0 | heating/radiators
2026-08-05 18:52:19,357 INFO  scraper.vendor:   NEW Warrington 600 x 604 Radiator Type10 Matt Black | £156.0 | heating/radiators
2026-08-05 18:52:21,697 INFO  scraper.vendor:   NEW Mersey 1800 x 660 Aluminium Radiator Matt White | £439.0 | heating/radiators
2026-08-05 18:52:23,944 INFO  scraper.vendor:   NEW Mersey 1800 x 565 Aluminium Radiator Matt White | £398.0 | heating/radiators
2026-08-05 18:52:25,779 INFO  scraper.vendor:   NEW Mersey 1800 x 470 Aluminium Radiator Matt White | £344.0 | heating/radiators
2026-08-05 18:52:27,837 INFO  scraper.vendor:   NEW Mersey 1800 x 375 Aluminium Radiator Matt White | £289.0 | heating/radiators
2026-08-05 18:52:30,509 INFO  scraper.vendor:   NEW Wendover Straight Multirail 1400 x 500 Chrome | £193.0 | heating/towel-rails
2026-08-05 18:52:32,962 INFO  scraper.vendor:   NEW Wendover Straight Multirail 1400 x 400 Chrome | £181.0 | heating/towel-rails
2026-08-05 18:52:35,014 INFO  scraper.vendor:   NEW Wendover Straight Multirail 1400 x 300 Chrome | £173.0 | heating/towel-rails
2026-08-05 18:52:37,162 INFO  scraper.vendor:   NEW Charlton/Rosano Towel Hanger 565mm Brushed Brass | £76.0 | accessories
2026-08-05 18:52:39,212 INFO  scraper.vendor:   NEW Charlton/Rosano Towel Hanger 470mm Brushed Brass | £72.0 | accessories
2026-08-05 18:52:41,706 INFO  scraper.vendor:   NEW Charlton/Rosano Towel Hanger 375mm Brushed Brass | £63.0 | accessories
2026-08-05 18:52:43,624 INFO  scraper.vendor:   NEW Charlton/Rosano Towel Hanger 280mm Brushed Brass | £56.0 | accessories
2026-08-05 18:52:45,568 INFO  scraper.vendor:   NEW Withington/Peretti Towel Hanger 565mm Brushed Brass | £81.0 | accessories
2026-08-05 18:52:47,502 INFO  scraper.vendor:   NEW Withington/Peretti Towel Hanger 470mm Brushed Brass | £77.0 | accessories
2026-08-05 18:52:49,227 INFO  scraper.vendor:   NEW Warrington Towel Hanger 380mm Gloss White | £58.0 | accessories
2026-08-05 18:52:51,536 INFO  scraper.vendor:   NEW Warrington Towel Hanger 380mm Mirror Polished | £62.0 | accessories
2026-08-05 18:52:53,583 INFO  scraper.vendor:   NEW Withington/Peretti Towel Hanger 375mm Brushed Brass | £68.0 | accessories
2026-08-05 18:52:55,404 INFO  scraper.vendor:   NEW Warrington Towel Hanger 300mm Matt Black | £53.0 | accessories
2026-08-05 18:52:57,791 INFO  scraper.vendor:   NEW Withington/Peretti Towel Hanger 280mm Brushed Brass | £59.0 | accessories
2026-08-05 18:53:00,014 INFO  scraper.vendor:   NEW Wendover Straight Multirail 600 x 750 Matt Anthracite | £83.0 | heating/towel-rails
2026-08-05 18:53:02,322 INFO  scraper.vendor:   NEW Wendover Straight Multirail 600 x 300 Matt Anthracite | £58.0 | heating/towel-rails
2026-08-05 18:53:04,179 INFO  scraper.vendor:   NEW Wendover Straight Multirail 360 x 400 Matt Anthracite | £50.0 | heating/towel-rails
2026-08-05 18:53:06,511 INFO  scraper.vendor:   NEW Wendover Straight Multirail 1400 x 750 Gloss White | £152.0 | heating/towel-rails
2026-08-05 18:53:08,509 INFO  scraper.vendor:   NEW Wendover Straight Multirail 1400 x 600 Gloss White | £121.0 | heating/towel-rails
2026-08-05 18:53:10,394 INFO  scraper.vendor:   NEW Corniche 2000 1200x900mm Right Hand Offset Quadrant Shower E | £750.0 | showering/shower-enclosures
2026-08-05 18:53:12,293 INFO  scraper.vendor:   NEW Wendover Straight Multirail 1400 x 500 Gloss White | £111.0 | heating/towel-rails
2026-08-05 18:53:14,448 INFO  scraper.vendor:   NEW Wendover Straight Multirail 1400 x 400 Gloss White | £101.0 | heating/towel-rails
2026-08-05 18:53:17,098 INFO  scraper.vendor:   NEW Wendover Straight Multirail 1400 x 300 Gloss White | £96.0 | heating/towel-rails
2026-08-05 18:53:19,318 INFO  scraper.vendor:   NEW Wendover Straight Multirail 1400 x 750 Chrome | £275.0 | heating/towel-rails
2026-08-05 18:53:21,962 INFO  scraper.vendor:   NEW Wendover Straight Multirail 1400 x 600 Chrome | £209.0 | heating/towel-rails
2026-08-05 18:53:23,924 INFO  scraper.vendor:   NEW Wendover Straight Multirail 800 x 750 Matt Black | £104.0 | heating/towel-rails
2026-08-05 18:53:26,393 INFO  scraper.vendor:   NEW Wendover Straight Multirail 800 x 600 Matt Black | £86.0 | heating/towel-rails
2026-08-05 18:53:28,641 INFO  scraper.vendor:   NEW Wendover Straight Multirail 800 x 500 Matt Black | £79.0 | heating/towel-rails
2026-08-05 18:53:30,953 INFO  scraper.vendor:   NEW Wendover Straight Multirail 800 x 400 Matt Black | £73.0 | heating/towel-rails
2026-08-05 18:53:33,456 INFO  scraper.vendor:   NEW Wendover Straight Multirail 800 x 300 Matt Black | £70.0 | heating/towel-rails
2026-08-05 18:53:35,695 INFO  scraper.vendor:   NEW Wendover Straight Multirail 600 x 1200 Matt Black | £130.0 | heating/towel-rails
2026-08-05 18:53:38,034 INFO  scraper.vendor:   NEW Wendover Straight Multirail 600 x 1000 Matt Black | £119.0 | heating/towel-rails
2026-08-05 18:53:40,238 INFO  scraper.vendor:   NEW Wendover Straight Multirail 600 x 750 Matt Black | £83.0 | heating/towel-rails
2026-08-05 18:53:42,288 INFO  scraper.vendor:   NEW Wendover Straight Multirail 600 x 600 Matt Black | £73.0 | heating/towel-rails
2026-08-05 18:53:44,181 INFO  scraper.vendor:   NEW Wendover Straight Multirail 600 x 500 Matt Black | £69.0 | heating/towel-rails
2026-08-05 18:53:46,262 INFO  scraper.vendor:   NEW Wendover Straight Multirail 1200 x 750 Matt Black | £138.0 | heating/towel-rails
2026-08-05 18:53:48,139 INFO  scraper.vendor:   NEW Wendover Straight Multirail 600 x 400 Matt Black | £65.0 | heating/towel-rails
2026-08-05 18:53:50,565 INFO  scraper.vendor:   NEW Wendover Straight Multirail 1200 x 600 Matt Black | £107.0 | heating/towel-rails
2026-08-05 18:53:52,922 INFO  scraper.vendor:   NEW Wendover Straight Multirail 600 x 300 Matt Black | £58.0 | heating/towel-rails
2026-08-05 18:53:55,133 INFO  scraper.vendor:   NEW Wendover Straight Multirail 1200 x 500 Matt Black | £100.0 | heating/towel-rails
2026-08-05 18:53:57,559 INFO  scraper.vendor:   NEW Wendover Straight Multirail 1200 x 400 Matt Black | £96.0 | heating/towel-rails
2026-08-05 18:53:59,521 INFO  scraper.vendor:   NEW Wendover Straight Multirail 360 x 400 Matt Black | £50.0 | heating/towel-rails
2026-08-05 18:54:01,893 INFO  scraper.vendor:   NEW Wendover Straight Multirail 1200 x 300 Matt Black | £92.0 | heating/towel-rails
2026-08-05 18:54:04,283 INFO  scraper.vendor:   NEW Wendover Straight Multirail 1800 x 750 Matt Anthracite | £191.0 | heating/towel-rails
2026-08-05 18:54:06,385 INFO  scraper.vendor:   NEW Wendover Straight Multirail 1000 x 750 Matt Black | £117.0 | heating/towel-rails
2026-08-05 18:54:08,604 INFO  scraper.vendor:   NEW Wendover Straight Multirail 1800 x 400 Matt Anthracite | £130.0 | heating/towel-rails
2026-08-05 18:54:10,841 INFO  scraper.vendor:   NEW Wendover Straight Multirail 1000 x 600 Matt Black | £95.0 | heating/towel-rails
2026-08-05 18:54:13,041 INFO  scraper.vendor:   NEW Wendover Straight Multirail 1000 x 500 Matt Black | £91.0 | heating/towel-rails
2026-08-05 18:54:15,474 INFO  scraper.vendor:   NEW Wendover Straight Multirail 1000 x 400 Matt Black | £83.0 | heating/towel-rails
2026-08-05 18:54:17,911 INFO  scraper.vendor:   NEW Wendover Straight Multirail 1000 x 300 Matt Black | £81.0 | heating/towel-rails
2026-08-05 18:54:19,831 INFO  scraper.vendor:   NEW Corniche 2000 1100x900mm Left Hand Offset Quadrant Shower En | £646.0 | showering/shower-enclosures
2026-08-05 18:54:21,794 INFO  scraper.vendor:   NEW Vantage 2000 8mm Easy Clean 2000mm x 1200mm Walk-In Shower P | £429.0 | showering/shower-enclosures
2026-08-05 18:54:23,695 INFO  scraper.vendor:   NEW Corniche 2000 1100x800mm Left Hand Offset Quadrant Shower En | £633.0 | showering/shower-enclosures
2026-08-05 18:54:25,748 INFO  scraper.vendor:   NEW Corniche 2000 1000x900mm Left Hand Offset Quadrant Shower En | £628.0 | showering/shower-enclosures
2026-08-05 18:54:27,698 INFO  scraper.vendor:   NEW Vantage 2000 8mm Easy Clean 2000mm x 1100mm Walk-In Shower P | £416.0 | showering/shower-enclosures
2026-08-05 18:54:29,555 INFO  scraper.vendor:   NEW Corniche 2000 1000x800mm Left Hand Offset Quadrant Shower En | £613.0 | showering/shower-enclosures
2026-08-05 18:54:31,366 INFO  scraper.vendor:   NEW Corniche 2000 900x800mm Left Hand Offset Quadrant Shower Enc | £599.0 | showering/shower-enclosures
2026-08-05 18:54:33,743 INFO  scraper.vendor:   NEW Vantage 2000 8mm Easy Clean 2000mm x 1000mm Walk-In Shower P | £389.0 | showering/shower-enclosures
2026-08-05 18:54:35,916 INFO  scraper.vendor:   NEW Vantage 2000 8mm Easy Clean 2000mm x 900mm Walk-In Shower Pa | £349.0 | showering/shower-enclosures
2026-08-05 18:54:37,699 INFO  scraper.vendor:   NEW Vantage 2000 8mm Easy Clean 2000mm x 800mm Walk-In Shower Pa | £314.0 | showering/shower-enclosures
2026-08-05 18:54:39,605 INFO  scraper.vendor:   NEW Vantage 2000 8mm Easy Clean 2000mm x 760mm Walk-In Shower Pa | £304.0 | showering/shower-enclosures
2026-08-05 18:54:41,587 INFO  scraper.vendor:   NEW Vantage 2000 8mm Easy Clean 2000mm x 700mm Walk-In Shower Pa | £291.0 | showering/shower-enclosures
2026-08-05 18:54:43,833 INFO  scraper.vendor:   NEW Vantage 2000 8mm Easy Clean 2000mm x 500mm Walk-In Shower Pa | £235.0 | showering/shower-enclosures
2026-08-05 18:54:45,823 INFO  scraper.vendor:   NEW Vantage 2000 8mm Easy Clean 2000mm x 300mm Walk-In Shower Pa | £184.0 | showering/shower-enclosures
2026-08-05 18:54:47,386 INFO  scraper.vendor:   NEW Vantage 2000 8mm Easy Clean 2000mm x 1600mm Walk-In Shower P | £544.0 | showering/shower-enclosures
2026-08-05 18:54:49,203 INFO  scraper.vendor:   NEW Vantage 2000 8mm Easy Clean 2000mm x 1400mm Walk-In Shower P | £509.0 | showering/shower-enclosures
2026-08-05 18:54:51,128 INFO  scraper.vendor:   NEW Portchester 1200 x 225 Radiator Chrome | £181.0 | heating/towel-rails
2026-08-05 18:54:53,403 INFO  scraper.vendor:   NEW Portchester 1200 x 225 Radiator Matt Black | £132.0 | heating/towel-rails
2026-08-05 18:54:55,823 INFO  scraper.vendor:   NEW Portchester 1200 x 225 Radiator Matt Anthracite | £132.0 | heating/towel-rails
2026-08-05 18:54:57,872 INFO  scraper.vendor:   NEW Wendover Straight Multirail 1800 x 750 Matt Black | £191.0 | heating/towel-rails
2026-08-05 18:54:59,792 INFO  scraper.vendor:   NEW Portchester 1200 x 225 Radiator Matt White | £132.0 | heating/towel-rails
2026-08-05 18:55:01,678 INFO  scraper.vendor:   NEW Brockland 1600 x 750 x 575mm (450mm Depth) Freestanding Bath | £968.0 | baths/freestanding
2026-08-05 18:55:04,013 INFO  scraper.vendor:   NEW Wendover Straight Multirail 1800 x 600 Matt Black | £150.0 | heating/towel-rails
2026-08-05 18:55:06,351 INFO  scraper.vendor:   NEW Conwy 1200 x 220 Radiator Chrome | £197.0 | heating/towel-rails
2026-08-05 18:55:08,434 INFO  scraper.vendor:   NEW Wendover Straight Multirail 1800 x 500 Matt Black | £139.0 | heating/towel-rails
2026-08-05 18:55:11,005 INFO  scraper.vendor:   NEW Conwy 1200 x 220 Radiator Matt Black | £144.0 | heating/towel-rails
2026-08-05 18:55:13,039 INFO  scraper.vendor:   NEW Wendover Straight Multirail 1800 x 400 Matt Black | £130.0 | heating/towel-rails
2026-08-05 18:55:15,279 INFO  scraper.vendor:   NEW Conwy 1200 x 220 Radiator Matt Anthracite | £144.0 | heating/towel-rails
2026-08-05 18:55:17,589 INFO  scraper.vendor:   NEW Wendover Straight Multirail 1800 x 300 Matt Black | £122.0 | heating/towel-rails
2026-08-05 18:55:20,405 INFO  scraper.vendor:   NEW Conwy 1200 x 220 Radiator Matt White | £144.0 | heating/towel-rails
2026-08-05 18:55:22,478 INFO  scraper.vendor:   NEW Wendover Straight Multirail 1600 x 750 Matt Black | £171.0 | heating/towel-rails
2026-08-05 18:55:24,948 INFO  scraper.vendor:   NEW Isbourne 940 x 600 Brushed Brass / Gloss White | £687.0 | heating/towel-rails
2026-08-05 18:55:27,430 INFO  scraper.vendor:   NEW Wendover Straight Multirail 1600 x 600 Matt Black | £137.0 | heating/towel-rails
2026-08-05 18:55:29,293 INFO  scraper.vendor:   NEW Wendover Straight Multirail 1800 x 400 Brushed Brass | £360.0 | heating/towel-rails
2026-08-05 18:55:31,393 INFO  scraper.vendor:   NEW Wendover Straight Multirail 1600 x 500 Matt Black | £125.0 | heating/towel-rails
2026-08-05 18:55:33,304 INFO  scraper.vendor:   NEW Wendover Straight Multirail 1600 x 400 Brushed Brass | £322.0 | heating/towel-rails
2026-08-05 18:55:35,479 INFO  scraper.vendor:   NEW Wendover Straight Multirail 1600 x 400 Matt Black | £114.0 | heating/towel-rails
2026-08-05 18:55:38,063 INFO  scraper.vendor:   NEW Wendover Straight Multirail 1400 x 400 Brushed Brass | £276.0 | heating/towel-rails
2026-08-05 18:55:40,275 INFO  scraper.vendor:   NEW Wendover Straight Multirail 1600 x 300 Matt Black | £108.0 | heating/towel-rails
2026-08-05 18:55:42,765 INFO  scraper.vendor:   NEW Wendover Straight Multirail 1400 x 750 Matt Black | £151.0 | heating/towel-rails
2026-08-05 18:55:44,731 INFO  scraper.vendor:   NEW Wendover Straight Multirail 1200 x 400 Brushed Brass | £249.0 | heating/towel-rails
2026-08-05 18:55:47,190 INFO  scraper.vendor:   NEW Wendover Straight Multirail 1400 x 600 Matt Black | £121.0 | heating/towel-rails
2026-08-05 18:55:49,498 INFO  scraper.vendor:   NEW Wendover Straight Multirail 1000 x 600 Brushed Brass | £219.0 | heating/towel-rails
2026-08-05 18:55:52,051 INFO  scraper.vendor:   NEW Wendover Straight Multirail 1400 x 500 Matt Black | £114.0 | heating/towel-rails
2026-08-05 18:55:54,228 INFO  scraper.vendor:   NEW Wendover Straight Multirail 1000 x 500 Brushed Brass | £215.0 | heating/towel-rails
2026-08-05 18:55:56,658 INFO  scraper.vendor:   NEW Wendover Straight Multirail 1000 x 400 Brushed Brass | £211.0 | heating/towel-rails
2026-08-05 18:55:58,115 INFO  scraper.vendor:   NEW Wendover Straight Multirail 1400 x 400 Matt Black | £103.0 | heating/towel-rails
2026-08-05 18:56:00,385 INFO  scraper.vendor:   NEW Wendover Straight Multirail 1400 x 300 Matt Black | £98.0 | heating/towel-rails
2026-08-05 18:56:02,660 INFO  scraper.vendor:   NEW Wendover Straight Multirail 800 x 400 Brushed Brass | £177.0 | heating/towel-rails
2026-08-05 18:56:05,045 INFO  scraper.vendor:   NEW Wendover Straight Multirail 600 x 600 Brushed Brass | £151.0 | heating/towel-rails
2026-08-05 18:56:07,445 INFO  scraper.vendor:   NEW Wendover Straight Multirail 600 x 500 Brushed Brass | £146.0 | heating/towel-rails
2026-08-05 18:56:09,981 INFO  scraper.vendor:   NEW Wendover Straight Multirail 600 x 400 Brushed Brass | £142.0 | heating/towel-rails
2026-08-05 18:56:12,061 INFO  scraper.vendor:   NEW Corniche 2000 1000x900mm Left Hand Offset Quadrant Shower En | £718.0 | showering/shower-enclosures
2026-08-05 18:56:13,917 INFO  scraper.vendor:   NEW Corniche 2000 1000x800mm Left Hand Offset Quadrant Shower En | £703.0 | showering/shower-enclosures
2026-08-05 18:56:15,834 INFO  scraper.vendor:   NEW Corniche 2000 900x800mm Left Hand Offset Quadrant Shower Enc | £684.0 | showering/shower-enclosures
2026-08-05 18:56:17,655 INFO  scraper.vendor:   NEW Corniche 2000 1100x900mm Right Hand Offset Quadrant Shower E | £646.0 | showering/shower-enclosures
2026-08-05 18:56:19,725 INFO  scraper.vendor:   NEW Corniche 2000 1100x800mm Right Hand Offset Quadrant Shower E | £633.0 | showering/shower-enclosures
2026-08-05 18:56:21,617 INFO  scraper.vendor:   NEW Corniche 2000 1000x900mm Right Hand Offset Quadrant Shower E | £628.0 | showering/shower-enclosures
2026-08-05 18:56:23,628 INFO  scraper.vendor:   NEW Corniche 2000 1000x800mm Right Hand Offset Quadrant Shower E | £616.0 | showering/shower-enclosures
2026-08-05 18:56:25,297 INFO  scraper.vendor:   NEW Corniche 2000 900x800mm Right Hand Offset Quadrant Shower En | £599.0 | showering/shower-enclosures
2026-08-05 18:56:27,156 INFO  scraper.vendor:   NEW Corniche 2000 1000x800mm Right Hand Offset Quadrant Shower E | £703.0 | showering/shower-enclosures
2026-08-05 18:56:29,076 INFO  scraper.vendor:   NEW Corniche 2000 900x800mm Right Hand Offset Quadrant Shower En | £684.0 | showering/shower-enclosures
2026-08-05 18:56:31,317 INFO  scraper.vendor:   NEW Corniche 2000 1100x900mm Left Hand Offset Quadrant Shower En | £735.0 | showering/shower-enclosures
2026-08-05 18:56:33,093 INFO  scraper.vendor:   NEW Corniche 2000 1100x800mm Left Hand Offset Quadrant Shower En | £721.0 | showering/shower-enclosures
2026-08-05 18:56:35,576 INFO  scraper.vendor:   NEW Richmond 1620 x 690 x 760mm (430mm Depth) Freestanding Bath  | £593.0 | baths/freestanding
2026-08-05 18:56:37,825 INFO  scraper.vendor:   NEW Richmond 1620 x 690 x 760mm (430mm Depth) Freestanding Bath  | £619.0 | baths/freestanding
2026-08-05 18:56:39,870 INFO  scraper.vendor:   NEW Mortlake 1500 x 740 x 610mm (435mm Depth) Freestanding Bath  | £600.0 | baths/freestanding
2026-08-05 18:56:42,061 INFO  scraper.vendor:   NEW Mortlake 1500 x 740 x 610mm (435mm Depth) Freestanding Bath  | £627.0 | baths/freestanding
2026-08-05 18:56:44,236 INFO  scraper.vendor:   NEW Compact Pan.Rad. T.Hanger 890mm. for 1000mm. Rad Black | £70.0 | accessories
2026-08-05 18:56:46,567 INFO  scraper.vendor:   NEW Stour 690 x 500 Matt Anthracite | £207.0 | heating/towel-rails
2026-08-05 18:56:48,957 INFO  scraper.vendor:   NEW Stour 1550 x 600 Matt White | £395.0 | heating/towel-rails
2026-08-05 18:56:50,863 INFO  scraper.vendor:   NEW Stour 1550 x 500 Matt White | £364.0 | heating/towel-rails
2026-08-05 18:56:53,189 INFO  scraper.vendor:   NEW Stour 1550 x 500 Matt Black | £364.0 | heating/towel-rails
2026-08-05 18:56:55,785 INFO  scraper.vendor:   NEW Stour 1195 x 600 Matt White | £354.0 | heating/towel-rails
2026-08-05 18:56:58,063 INFO  scraper.vendor:   NEW Stour 1195 x 500 Matt White | £332.0 | heating/towel-rails
2026-08-05 18:57:00,057 INFO  scraper.vendor:   NEW Stour 690 x 600 Matt White | £222.0 | heating/towel-rails
2026-08-05 18:57:02,192 INFO  scraper.vendor:   NEW Stour 690 x 500 Matt White | £207.0 | heating/towel-rails
2026-08-05 18:57:04,495 INFO  scraper.vendor:   NEW Stour 1550 x 600 Brushed Brass | £782.0 | heating/towel-rails
2026-08-05 18:57:06,701 INFO  scraper.vendor:   NEW Stour 1550 x 500 Brushed Brass | £731.0 | heating/towel-rails
2026-08-05 18:57:09,119 INFO  scraper.vendor:   NEW Stour 1195 x 600 Brushed Brass | £626.0 | heating/towel-rails
2026-08-05 18:57:11,208 INFO  scraper.vendor:   NEW Stour 1195 x 500 Brushed Brass | £594.0 | heating/towel-rails
2026-08-05 18:57:13,230 INFO  scraper.vendor:   NEW Stour 690 x 600 Brushed Brass | £403.0 | heating/towel-rails
2026-08-05 18:57:15,229 INFO  scraper.vendor:   NEW Stour 690 x 500 Brushed Brass | £373.0 | heating/towel-rails
2026-08-05 18:57:17,260 INFO  scraper.vendor:   NEW Compact Pan.Rad. T.Hanger 690mm. for 800mm. Rad Black | £65.0 | accessories
2026-08-05 18:57:18,996 INFO  scraper.vendor:   NEW Compact Pan.Rad. T.Hanger 490mm. for 600mm. Rad Black | £59.0 | accessories
2026-08-05 18:57:21,219 INFO  scraper.vendor:   NEW Stour 1195 x 600 Matt Black | £354.0 | heating/towel-rails
2026-08-05 18:57:23,057 INFO  scraper.vendor:   NEW Compact Pan.Rad. T.Hanger 890mm. for 1000mm. Rad Anthracite | £70.0 | accessories
2026-08-05 18:57:25,565 INFO  scraper.vendor:   NEW Stour 1195 x 500 Matt Black | £332.0 | heating/towel-rails
2026-08-05 18:57:28,062 INFO  scraper.vendor:   NEW Compact Pan.Rad. T.Hanger 690mm. for 800mm. Rad Anthracite | £65.0 | accessories
2026-08-05 18:57:29,976 INFO  scraper.vendor:   NEW Compact Pan.Rad. T.Hanger 490mm. for 600mm. Rad Anthracite | £59.0 | accessories
2026-08-05 18:57:32,070 INFO  scraper.vendor:   NEW Stour 690 x 600 Matt Black | £222.0 | heating/towel-rails
2026-08-05 18:57:34,521 INFO  scraper.vendor:   NEW Compact Pan.Rad. T.Hanger 890mm. for 1000mm. Rad Gloss White | £70.0 | accessories
2026-08-05 18:57:36,866 INFO  scraper.vendor:   NEW Compact Pan.Rad. T.Hanger 690mm. for 800mm. Rad Gloss White | £65.0 | accessories
2026-08-05 18:57:38,826 INFO  scraper.vendor:   NEW Stour 690 x 500 Matt Black | £207.0 | heating/towel-rails
2026-08-05 18:57:40,744 INFO  scraper.vendor:   NEW Compact Pan.Rad. T.Hanger 490mm. for 600mm. Rad Gloss White | £59.0 | accessories
2026-08-05 18:57:42,933 INFO  scraper.vendor:   NEW Stour 1550 x 600 Matt Anthracite | £395.0 | heating/towel-rails
2026-08-05 18:57:44,794 INFO  scraper.vendor:   NEW Stour 1550 x 600 Chrome | £479.0 | heating/towel-rails
2026-08-05 18:57:47,227 INFO  scraper.vendor:   NEW Stour 1550 x 500 Matt Anthracite | £364.0 | heating/towel-rails
2026-08-05 18:57:49,473 INFO  scraper.vendor:   NEW Stour 1550 x 500 Chrome | £450.0 | heating/towel-rails
2026-08-05 18:57:51,501 INFO  scraper.vendor:   NEW Stour 1195 x 600 Matt Anthracite | £354.0 | heating/towel-rails
2026-08-05 18:57:53,527 INFO  scraper.vendor:   NEW Stour 1195 x 600 Chrome | £401.0 | heating/towel-rails
2026-08-05 18:57:55,622 INFO  scraper.vendor:   NEW Stour 1195 x 500 Matt Anthracite | £332.0 | heating/towel-rails
2026-08-05 18:57:57,631 INFO  scraper.vendor:   NEW Stour 1195 x 500 Chrome | £382.0 | heating/towel-rails
2026-08-05 18:57:59,528 INFO  scraper.vendor:   NEW Stour 690 x 600 Matt Anthracite | £222.0 | heating/towel-rails
2026-08-05 18:58:01,698 INFO  scraper.vendor:   NEW Stour 690 x 500 Chrome | £242.0 | heating/towel-rails
2026-08-05 18:58:04,303 INFO  scraper.vendor:   NEW Stour 690 x 600 Chrome | £265.0 | heating/towel-rails
2026-08-05 18:58:06,441 INFO  scraper.vendor:   NEW Stour 1550 x 600 Matt Black | £395.0 | heating/towel-rails
2026-08-05 18:58:08,702 INFO  scraper.vendor:   NEW Vantage 2000 8mm Easy Clean 2000mm x 800mm Walk-In Shower Pa | £341.0 | showering/shower-enclosures
2026-08-05 18:58:10,838 INFO  scraper.vendor:   NEW Vantage 2000 8mm Easy Clean 2000mm x 800mm Walk-In Shower Pa | £318.0 | showering/shower-enclosures
2026-08-05 18:58:12,646 INFO  scraper.vendor:   NEW Vantage 2000 8mm Easy Clean 2000mm x 1100mm Walk-In Shower P | £495.0 | showering/shower-enclosures
2026-08-05 18:58:14,663 INFO  scraper.vendor:   NEW Vantage 2000 8mm Easy Clean 2000mm x 1100mm Walk-In Shower P | £439.0 | showering/shower-enclosures
2026-08-05 18:58:16,663 INFO  scraper.vendor:   NEW Vantage 2000 8mm Easy Clean 2000mm x 1100mm Walk-In Shower P | £408.0 | showering/shower-enclosures
2026-08-05 18:58:18,394 INFO  scraper.vendor:   NEW Vantage 2000 8mm Easy Clean 2000mm x 1000mm Walk-In Shower P | £457.0 | showering/shower-enclosures
2026-08-05 18:58:20,238 INFO  scraper.vendor:   NEW Vantage 2000 8mm Easy Clean 2000mm x 1000mm Walk-In Shower P | £407.0 | showering/shower-enclosures
2026-08-05 18:58:22,251 INFO  scraper.vendor:   NEW Vantage 2000 8mm Easy Clean 2000mm x 1000mm Walk-In Shower P | £378.0 | showering/shower-enclosures
2026-08-05 18:58:24,326 INFO  scraper.vendor:   NEW Vantage 2000 8mm Easy Clean 2000mm x 900mm Walk-In Shower Pa | £419.0 | showering/shower-enclosures
2026-08-05 18:58:26,360 INFO  scraper.vendor:   NEW Vantage 2000 8mm Easy Clean 2000mm x 900mm Walk-In Shower Pa | £373.0 | showering/shower-enclosures
2026-08-05 18:58:28,162 INFO  scraper.vendor:   NEW Vantage 2000 8mm Easy Clean 2000mm x 900mm Walk-In Shower Pa | £347.0 | showering/shower-enclosures
2026-08-05 18:58:30,203 INFO  scraper.vendor:   NEW Vantage 2000 8mm Easy Clean 2000mm x 800mm Walk-In Shower Pa | £385.0 | showering/shower-enclosures
2026-08-05 18:58:32,580 INFO  scraper.vendor:   NEW Portland Single Ended (SE) 1700 x 700 x 440mm 5mm Bath - Mat | £476.0 | baths/single-ended
2026-08-05 18:58:34,515 INFO  scraper.vendor:   NEW Portland Single Ended (SE) 1700 x 750 x 440mm 5mm Bath - Mat | £580.0 | baths/single-ended
2026-08-05 18:58:36,423 INFO  scraper.vendor:   NEW Portland Single Ended (SE) 1800 x 800 x 440mm 5mm Bath - Mat | £692.0 | baths/single-ended
2026-08-05 18:58:38,624 INFO  scraper.vendor:   NEW Corniche 2000 1100x900mm Right Hand Offset Quadrant Shower E | £781.0 | showering/shower-enclosures
2026-08-05 18:58:40,811 INFO  scraper.vendor:   NEW Corniche 2000 1100x800mm Right Hand Offset Quadrant Shower E | £764.0 | showering/shower-enclosures
2026-08-05 18:58:42,736 INFO  scraper.vendor:   NEW Corniche 2000 1000x900mm Right Hand Offset Quadrant Shower E | £761.0 | showering/shower-enclosures
2026-08-05 18:58:44,731 INFO  scraper.vendor:   NEW Corniche 2000 1000x800mm Right Hand Offset Quadrant Shower E | £744.0 | showering/shower-enclosures
2026-08-05 18:58:46,558 INFO  scraper.vendor:   NEW Corniche 2000 900x800mm Right Hand Offset Quadrant Shower En | £724.0 | showering/shower-enclosures
2026-08-05 18:58:48,307 INFO  scraper.vendor:   NEW Corniche 2000 1100x900mm Left Hand Offset Quadrant Shower En | £781.0 | showering/shower-enclosures
2026-08-05 18:58:50,412 INFO  scraper.vendor:   NEW Corniche 2000 1100x800mm Left Hand Offset Quadrant Shower En | £764.0 | showering/shower-enclosures
2026-08-05 18:58:52,301 INFO  scraper.vendor:   NEW Corniche 2000 1000x900mm Left Hand Offset Quadrant Shower En | £761.0 | showering/shower-enclosures
2026-08-05 18:58:54,827 INFO  scraper.vendor:   NEW Corniche 2000 1000x800mm Left Hand Offset Quadrant Shower En | £744.0 | showering/shower-enclosures
2026-08-05 18:58:56,646 INFO  scraper.vendor:   NEW Corniche 2000 900x800mm Left Hand Offset Quadrant Shower Enc | £724.0 | showering/shower-enclosures
2026-08-05 18:58:58,596 INFO  scraper.vendor:   NEW Corniche 2000 1100x900mm Right Hand Offset Quadrant Shower E | £735.0 | showering/shower-enclosures
2026-08-05 18:59:00,657 INFO  scraper.vendor:   NEW Corniche 2000 1100x800mm Right Hand Offset Quadrant Shower E | £721.0 | showering/shower-enclosures
2026-08-05 18:59:02,821 INFO  scraper.vendor:   NEW Corniche 2000 1000x900mm Right Hand Offset Quadrant Shower E | £718.0 | showering/shower-enclosures
2026-08-05 18:59:04,968 INFO  scraper.vendor:   NEW Imperia 3 Column Radiator 1800 x 380mm Matt Black | £356.0 | heating/radiators
2026-08-05 18:59:07,307 INFO  scraper.vendor:   NEW Imperia 3 Column Radiator 1800 x 290mm Matt Black | £276.0 | heating/radiators
2026-08-05 18:59:09,334 INFO  scraper.vendor:   NEW Imperia 3 Column Radiator 600 x 1460mm Matt Black | £565.0 | heating/radiators
2026-08-05 18:59:11,759 INFO  scraper.vendor:   NEW Imperia 3 Column Radiator 600 x 1145mm Matt Black | £490.0 | heating/radiators
2026-08-05 18:59:14,035 INFO  scraper.vendor:   NEW Imperia 3 Column Radiator 600 x 1010mm Matt Black | £401.0 | heating/radiators
2026-08-05 18:59:16,430 INFO  scraper.vendor:   NEW Imperia 3 Column Radiator 600 x 830mm Matt Black | £364.0 | heating/radiators
2026-08-05 18:59:18,465 INFO  scraper.vendor:   NEW Imperia 3 Column Radiator 600 x 605mm Matt Black | £276.0 | heating/radiators
2026-08-05 18:59:20,588 INFO  scraper.vendor:   NEW Imperia 3 Column Radiator 600 x 560mm Matt Black | £237.0 | heating/radiators
2026-08-05 18:59:22,802 INFO  scraper.vendor:   NEW Imperia 3 Column Radiator 600 x 515mm Matt Black | £219.0 | heating/radiators
2026-08-05 18:59:24,821 INFO  scraper.vendor:   NEW Imperia 3 Column Radiator 600 x 470mm Matt Black | £203.0 | heating/radiators
2026-08-05 18:59:27,460 INFO  scraper.vendor:   NEW Imperia 3 Column Radiator 600 x 425mm Matt Black | £187.0 | heating/radiators
2026-08-05 18:59:29,506 INFO  scraper.vendor:   NEW Imperia 3 Column Radiator 300 x 1370mm Matt Black | £393.0 | heating/radiators
2026-08-05 18:59:31,618 INFO  scraper.vendor:   NEW Imperia 3 Column Radiator 300 x 1145mm Matt Black | £333.0 | heating/radiators
2026-08-05 18:59:33,745 INFO  scraper.vendor:   NEW Imperia 2 Column Radiator 1800 x 470mm Matt Black | £356.0 | heating/radiators
2026-08-05 18:59:36,101 INFO  scraper.vendor:   NEW Imperia 2 Column Radiator 1800 x 380mm Matt Black | £296.0 | heating/radiators
2026-08-05 18:59:38,383 INFO  scraper.vendor:   NEW Imperia 2 Column Radiator 1800 x 290mm Matt Black | £227.0 | heating/radiators
2026-08-05 18:59:40,265 INFO  scraper.vendor:   NEW Imperia 2 Column Radiator 600 x 1460mm Matt Black | £476.0 | heating/radiators
2026-08-05 18:59:42,187 INFO  scraper.vendor:   NEW Imperia 2 Column Radiator 600 x 1145mm Matt Black | £415.0 | heating/radiators
2026-08-05 18:59:44,463 INFO  scraper.vendor:   NEW Imperia 2 Column Radiator 600 x 1010mm Matt Black | £338.0 | heating/radiators
2026-08-05 18:59:46,282 INFO  scraper.vendor:   NEW Imperia 3 Column Radiator 1800 x 470mm Matt Black | £428.0 | heating/radiators
2026-08-05 18:59:48,343 INFO  scraper.vendor:   NEW Imperia 2 Column Radiator 600 x 830mm Matt Black | £310.0 | heating/radiators
2026-08-05 18:59:50,705 INFO  scraper.vendor:   NEW Imperia 2 Column Radiator 600 x 605mm Matt Black | £236.0 | heating/radiators
2026-08-05 18:59:53,029 INFO  scraper.vendor:   NEW Imperia 2 Column Radiator 600 x 560mm Matt Black | £200.0 | heating/radiators
2026-08-05 18:59:55,495 INFO  scraper.vendor:   NEW Imperia 2 Column Radiator 600 x 515mm Matt Black | £185.0 | heating/radiators
2026-08-05 18:59:57,440 INFO  scraper.vendor:   NEW Biscay Double Ended (DE) 1800 x 800 x 440mm 5mm Bath - Matt  | £717.0 | baths/double-ended
2026-08-05 18:59:59,468 INFO  scraper.vendor:   NEW Imperia 2 Column Radiator 600 x 470mm Matt Black | £172.0 | heating/radiators
2026-08-05 19:00:01,341 INFO  scraper.vendor:   NEW Portland Single Ended (SE) Twin Grip (TG) 1700 x 700 x 440mm | £483.0 | baths/single-ended
2026-08-05 19:00:03,378 INFO  scraper.vendor:   NEW Imperia 2 Column Radiator 600 x 425mm Matt Black | £158.0 | heating/radiators
2026-08-05 19:00:05,986 INFO  scraper.vendor:   NEW Imperia 2 Column Radiator 300 x 1370mm Matt Black | £340.0 | heating/radiators
2026-08-05 19:00:08,832 INFO  scraper.vendor:   NEW Imperia 2 Column Radiator 300 x 1145mm Matt Black | £288.0 | heating/radiators
2026-08-05 19:00:11,309 INFO  scraper.vendor:   NEW Rockall Single Ended (SE) 1650 x 700 x 440mm 5mm Bath - Matt | £476.0 | baths/single-ended
2026-08-05 19:00:13,423 INFO  scraper.vendor:   NEW Rockall Single Ended (SE) 1675 x 700 x 440mm 5mm Bath - Matt | £476.0 | baths/single-ended
2026-08-05 19:00:15,330 INFO  scraper.vendor:   NEW Malin Single Ended (SE) 1700 x 700 x 440mm 5mm Bath - Matt W | £515.0 | baths/single-ended
2026-08-05 19:00:17,236 INFO  scraper.vendor:   NEW Malin Single Ended (SE) 1800 x 700 x 440mm 5mm Bath - Matt W | £699.0 | baths/single-ended
2026-08-05 19:00:19,532 INFO  scraper.vendor:   NEW Violla 590 x 1000 Stainless Steel Towel Rail Polished | £332.0 | heating/towel-rails
2026-08-05 19:00:21,631 INFO  scraper.vendor:   NEW Rivassa Towel Hanger 315mm Chrome | £91.0 | accessories
2026-08-05 19:00:23,715 INFO  scraper.vendor:   NEW Portland 1800x700x350mm Low Level TG Eco Beauforte Bath | £741.0 | baths/single-ended
2026-08-05 19:00:25,682 INFO  scraper.vendor:   NEW Biscay Reef 1600x800x440 Double ended 5mm Bath | £531.0 | baths/double-ended
2026-08-05 19:00:27,582 INFO  scraper.vendor:   NEW Biscay Reef 1700x800x440 Double ended 5mm Bath | £531.0 | baths/double-ended
2026-08-05 19:00:29,536 INFO  scraper.vendor:   NEW Biscay Reef 1800x800x440 Double ended 5mm Bath | £584.0 | baths/double-ended
2026-08-05 19:00:31,326 INFO  scraper.vendor:   NEW Portland 1500x700x350 Twin Grip (TG) Low Level Eco 5mm Bath  | £351.0 | baths/single-ended
2026-08-05 19:00:33,940 INFO  scraper.vendor:   NEW Portland 1600x700x350 Twin Grip (TG) Low Level Eco 5mm Bath  | £351.0 | baths/single-ended
2026-08-05 19:00:37,354 INFO  scraper.vendor:   NEW Portland 1800x700x350 Twin Grip (TG) Low Level Eco 5mm  Bath | £441.0 | baths/single-ended
2026-08-05 19:00:40,281 INFO  scraper.vendor:   NEW Biscay Reef 1600x800x440mm Double Ended Beauforte Bath | £867.0 | baths/double-ended
2026-08-05 19:00:42,295 INFO  scraper.vendor:   NEW Biscay Reef 1700x800x440mm Double Ended Beauforte Bath | £867.0 | baths/double-ended
2026-08-05 19:00:44,756 INFO  scraper.vendor:   NEW Biscay Reef 1800x800x440mm Double Ended Beauforte Bath | £973.0 | baths/double-ended
2026-08-05 19:00:46,665 INFO  scraper.vendor:   NEW Portland 1500x700x350mm Low Level TG Eco Beauforte Bath | £629.0 | baths/single-ended
2026-08-05 19:00:48,698 INFO  scraper.vendor:   NEW Portland 1600x700x350mm Low Level TG Eco Beauforte Bath | £629.0 | baths/single-ended
2026-08-05 19:00:51,078 INFO  scraper.vendor:   NEW Biava Dry Element Towel Rail 1100x500mm On/Off Bt. Matt Blac | £249.0 | heating/towel-rails
2026-08-05 19:00:53,127 INFO  scraper.vendor:   NEW Biava Dry Element Towel Rail 1100x600mm Matt Black | £262.0 | heating/towel-rails
2026-08-05 19:00:55,849 INFO  scraper.vendor:   NEW Biava Dry Element Towel Rail 1100x500mm Matt Black | £226.0 | heating/towel-rails
2026-08-05 19:00:58,273 INFO  scraper.vendor:   NEW Biava Dry Element Towel Rail 700x600mm Matt Black | £191.0 | heating/towel-rails
2026-08-05 19:01:00,395 INFO  scraper.vendor:   NEW Biava Dry Element Towel Rail 700x500mm Matt Black | £171.0 | heating/towel-rails
2026-08-05 19:01:03,031 INFO  scraper.vendor:   NEW Imperia 2 Column Multirail 612 x 1000mm Matt Black | £290.0 | heating/towel-rails
2026-08-05 19:01:05,481 INFO  scraper.vendor:   NEW Imperia 2 Column Multirail 612 x 800mm Matt Black | £254.0 | heating/towel-rails
2026-08-05 19:01:08,082 INFO  scraper.vendor:   NEW Imperia 2 Column Multirail 1430 x 600mm Matt Anthracite | £471.0 | heating/towel-rails
2026-08-05 19:01:10,601 INFO  scraper.vendor:   NEW Warrington 600 x 1444 Radiator Type20 Matt Anthracite | £507.0 | heating/radiators
2026-08-05 19:01:12,898 INFO  scraper.vendor:   NEW Warrington Towel Hanger 300mm Brushed Brass | £72.0 | accessories
2026-08-05 19:01:14,966 INFO  scraper.vendor:   NEW Warrington 600 x 1444 Radiator Type20 Gloss White | £493.0 | heating/radiators
2026-08-05 19:01:17,243 INFO  scraper.vendor:   NEW Warrington Towel Hanger 239mm Brushed Brass | £67.0 | accessories
2026-08-05 19:01:20,019 INFO  scraper.vendor:   NEW Warrington 1800 x 684 Radiator Type20 Matt Black | £595.0 | heating/radiators
2026-08-05 19:01:22,253 INFO  scraper.vendor:   NEW Warrington 1800 x 684 Radiator Type20 Matt Anthracite | £595.0 | heating/radiators
2026-08-05 19:01:24,872 INFO  scraper.vendor:   NEW Wendover Straight Stainless Steel Multirail 1800 x 600 Brush | £419.0 | heating/towel-rails
2026-08-05 19:01:27,380 INFO  scraper.vendor:   NEW Warrington 1800 x 684 Radiator Type20 Gloss White | £580.0 | heating/radiators
2026-08-05 19:01:29,715 INFO  scraper.vendor:   NEW Warrington 600 x 1668 Radiator Type10 Matt Black | £359.0 | heating/radiators
2026-08-05 19:01:32,180 INFO  scraper.vendor:   NEW Wendover Straight Stainless Steel Multirail 1800 x 500 Brush | £389.0 | heating/towel-rails
2026-08-05 19:01:35,041 INFO  scraper.vendor:   NEW Wendover Straight Stainless Steel Multirail 1200 x 600 Brush | £305.0 | heating/towel-rails
2026-08-05 19:01:36,939 INFO  scraper.vendor:   NEW Warrington 600 x 1668 Radiator Type10 Matt Anthracite | £359.0 | heating/radiators
2026-08-05 19:01:39,339 INFO  scraper.vendor:   NEW Warrington 600 x 1668 Radiator Type10 Gloss White | £349.0 | heating/radiators
2026-08-05 19:01:41,973 INFO  scraper.vendor:   NEW Wendover Straight Stainless Steel Multirail 1200 x 500 Brush | £284.0 | heating/towel-rails
2026-08-05 19:01:44,612 INFO  scraper.vendor:   NEW Wendover Straight Stainless Steel Multirail 800 x 600 Brushe | £223.0 | heating/towel-rails
2026-08-05 19:01:46,306 INFO  scraper.vendor:   NEW Warrington 600 x 1440 Radiator Type10 Matt Black | £314.0 | heating/radiators
2026-08-05 19:01:48,520 INFO  scraper.vendor:   NEW Wendover Straight Stainless Steel Multirail 800 x 500 Brushe | £209.0 | heating/towel-rails
2026-08-05 19:01:50,714 INFO  scraper.vendor:   NEW Warrington 600 x 1440 Radiator Type10 Matt Anthracite | £314.0 | heating/radiators
2026-08-05 19:01:52,599 INFO  scraper.vendor:   NEW Wendover Straight Stainless Steel Multirail 1800 x 600 Mirro | £396.0 | heating/towel-rails
2026-08-05 19:01:54,809 INFO  scraper.vendor:   NEW Warrington 600 x 1672 Radiator Type20 Gloss White | £565.0 | heating/radiators
2026-08-05 19:01:56,587 INFO  scraper.vendor:   NEW Warrington 600 x 1440 Radiator Type10 Gloss White | £306.0 | heating/radiators
2026-08-05 19:01:59,185 INFO  scraper.vendor:   NEW Wendover Straight Stainless Steel Multirail 1800 x 500 Mirro | £366.0 | heating/towel-rails
2026-08-05 19:02:01,325 INFO  scraper.vendor:   NEW Warrington 600 x 1444 Radiator Type20 Matt Black | £507.0 | heating/radiators
2026-08-05 19:02:03,883 INFO  scraper.vendor:   NEW Warrington 1800 x 680 Radiator Type10 Matt Black | £350.0 | heating/radiators
2026-08-05 19:02:06,408 INFO  scraper.vendor:   NEW Wendover Straight Stainless Steel Multirail 1200 x 600 Mirro | £289.0 | heating/towel-rails
2026-08-05 19:02:08,831 INFO  scraper.vendor:   NEW Warrington 1800 x 680 Radiator Type10 Matt Anthracite | £350.0 | heating/radiators
2026-08-05 19:02:11,114 INFO  scraper.vendor:   NEW Warrington 1800 x 680 Radiator Type10 Gloss White | £341.0 | heating/radiators
2026-08-05 19:02:13,447 INFO  scraper.vendor:   NEW Wendover Straight Stainless Steel Multirail 1200 x 500 Mirro | £268.0 | heating/towel-rails
2026-08-05 19:02:15,626 INFO  scraper.vendor:   NEW Imperia 2 Column Multirail 1430 x 600mm Matt Black | £471.0 | heating/towel-rails
2026-08-05 19:02:18,297 INFO  scraper.vendor:   NEW Wendover Straight Stainless Steel Multirail 800 x 600 Mirror | £213.0 | heating/towel-rails
2026-08-05 19:02:20,878 INFO  scraper.vendor:   NEW Wendover Straight Stainless Steel Multirail 800 x 500 Mirror | £198.0 | heating/towel-rails
2026-08-05 19:02:23,536 INFO  scraper.vendor:   NEW Imperia 2 Column Multirail 1140 x 600mm Matt Black | £397.0 | heating/towel-rails
2026-08-05 19:02:25,616 INFO  scraper.vendor:   NEW Brockworth All Electric Towel Rail 1200 x 500mm Matt Black | £429.0 | heating/towel-rails
2026-08-05 19:02:27,627 INFO  scraper.vendor:   NEW Imperia 2 Column Multirail 832 x 600mm Matt Black | £279.0 | heating/towel-rails
2026-08-05 19:02:30,207 INFO  scraper.vendor:   NEW Imperia 2 Column Multirail 1430 x 500mm Matt Black | £452.0 | heating/towel-rails
2026-08-05 19:02:33,327 INFO  scraper.vendor:   NEW Brockworth All Electric Towel Rail 1200 x 500mm Matt Anthrac | £429.0 | heating/towel-rails
2026-08-05 19:02:36,400 INFO  scraper.vendor:   NEW Brockworth All Electric Towel Rail 1200 x 500mm Matt White | £429.0 | heating/towel-rails
2026-08-05 19:02:39,857 INFO  scraper.vendor:   NEW Imperia 2 Column Multirail 1140 x 500mm Matt Black | £382.0 | heating/towel-rails
2026-08-05 19:02:43,148 INFO  scraper.vendor:   NEW Warrington 1800 x 604 Radiator Type10 Brushed Brass | £648.0 | heating/radiators
2026-08-05 19:02:47,764 INFO  scraper.vendor:   NEW Imperia 2 Column Multirail 832 x 500mm Matt Black | £268.0 | heating/towel-rails
2026-08-05 19:02:52,257 INFO  scraper.vendor:   NEW Warrington 1800 x 528 Radiator Type10 Brushed Brass | £596.0 | heating/radiators
2026-08-05 19:02:55,592 INFO  scraper.vendor:   NEW Warrington 1800 x 452 Radiator Type10 Brushed Brass | £543.0 | heating/radiators
2026-08-05 19:02:58,645 INFO  scraper.vendor:   NEW Warrington 1800 x 376 Radiator Type10 Brushed Brass | £491.0 | heating/radiators
2026-08-05 19:03:01,381 INFO  scraper.vendor:   NEW Warrington 1800 x 300 Radiator Type10 Brushed Brass | £438.0 | heating/radiators
2026-08-05 19:03:03,733 INFO  scraper.vendor:   NEW Vantage 2000 8mm Easy Clean  2000x1300mm Walk-In Shower Pane | £536.0 | showering/shower-enclosures
2026-08-05 19:03:05,819 INFO  scraper.vendor:   NEW Vantage 2000 8mm Easy Clean  2000x1300mm Walk-In Shower Pane | £510.0 | showering/shower-enclosures
2026-08-05 19:03:08,079 INFO  scraper.vendor:   NEW Vantage 2000 8mm Easy Clean  2000x1200mm Walk-In Shower Pane | £514.0 | showering/shower-enclosures
2026-08-05 19:03:10,350 INFO  scraper.vendor:   NEW Vantage 2000 8mm Easy Clean  2000x1200mm Walk-In Shower Pane | £500.0 | showering/shower-enclosures
2026-08-05 19:03:12,775 INFO  scraper.vendor:   NEW Vantage 2000 8mm Easy Clean  2000x1200mm Walk-In Shower Pane | £477.0 | showering/shower-enclosures
2026-08-05 19:03:15,227 INFO  scraper.vendor:   NEW Warrington Towel Hanger 500mm Brushed Brass | £89.0 | accessories
2026-08-05 19:03:17,703 INFO  scraper.vendor:   NEW Warrington Towel Hanger 380mm Brushed Brass | £78.0 | accessories
2026-08-05 19:03:19,720 INFO  scraper.vendor:   NEW Imperia 2 Column Multirail 1430 x 500mm Matt Anthracite | £452.0 | heating/towel-rails
2026-08-05 19:03:22,053 INFO  scraper.vendor:   NEW Imperia 2 Column Multirail 1140 x 500mm Matt Anthracite | £382.0 | heating/towel-rails
2026-08-05 19:03:24,245 INFO  scraper.vendor:   NEW Imperia 2 Column Multirail 832 x 500mm Matt Anthracite | £268.0 | heating/towel-rails
2026-08-05 19:03:26,948 INFO  scraper.vendor:   NEW Imperia 2 Column Multirail 612 x 1000mm Matt Anthracite | £290.0 | heating/towel-rails
2026-08-05 19:03:29,024 INFO  scraper.vendor:   NEW Imperia 2 Column Multirail 612 x 800mm Matt Anthracite | £254.0 | heating/towel-rails
2026-08-05 19:03:31,490 INFO  scraper.vendor:   NEW Imperia 2 Column Multirail 1430 x 600mm Gloss White | £471.0 | heating/towel-rails
2026-08-05 19:03:33,980 INFO  scraper.vendor:   NEW Warrington 600 x 1672 Radiator Type20 Matt Black | £581.0 | heating/radiators
2026-08-05 19:03:36,610 INFO  scraper.vendor:   NEW Imperia 2 Column Multirail 1140 x 600mm Gloss White | £397.0 | heating/towel-rails
2026-08-05 19:03:38,952 INFO  scraper.vendor:   NEW Warrington 600 x 1672 Radiator Type20 Matt Anthracite | £581.0 | heating/radiators
2026-08-05 19:03:41,275 INFO  scraper.vendor:   NEW Imperia 2 Column Multirail 832 x 600mm Gloss White | £279.0 | heating/towel-rails
2026-08-05 19:03:43,265 INFO  scraper.vendor:   NEW Vantage 2000 8mm Easy Clean 2000x1500mm Walk-In Shower Panel | £570.0 | showering/shower-enclosures
2026-08-05 19:03:45,308 INFO  scraper.vendor:   NEW Imperia 2 Column Multirail 1430 x 500mm Gloss White | £452.0 | heating/towel-rails
2026-08-05 19:03:47,283 INFO  scraper.vendor:   NEW Vantage 2000 Easy Clean 2000x1300mm Walk-In Shower Panel - B | £510.0 | showering/shower-enclosures
2026-08-05 19:03:48,962 INFO  scraper.vendor:   NEW Vantage 2000 8mm Easy Clean 2000x1500mm Walk-In Shower Panel | £544.0 | showering/shower-enclosures
2026-08-05 19:03:51,194 INFO  scraper.vendor:   NEW Imperia 2 Column Multirail 1140 x 500mm Gloss White | £382.0 | heating/towel-rails
2026-08-05 19:03:53,462 INFO  scraper.vendor:   NEW Vantage 2000 Easy Clean 2000x1300mm Walk-In Shower Panel - M | £486.0 | showering/shower-enclosures
2026-08-05 19:03:55,804 INFO  scraper.vendor:   NEW Imperia 2 Column Multirail 832 x 500mm Gloss White | £268.0 | heating/towel-rails
2026-08-05 19:03:57,901 INFO  scraper.vendor:   NEW Vantage 2000 8mm Easy Clean 2000x1500mm Walk-In Shower Panel | £549.0 | showering/shower-enclosures
2026-08-05 19:04:00,217 INFO  scraper.vendor:   NEW Imperia 2 Column Multirail 612 x 1000mm Gloss White | £290.0 | heating/towel-rails
2026-08-05 19:04:01,889 INFO  scraper.vendor:   NEW Vantage 2000 8mm Easy Clean 2000x1300mm Walk-In Shower Panel | £491.0 | showering/shower-enclosures
2026-08-05 19:04:04,413 INFO  scraper.vendor:   NEW Imperia 2 Column Multirail 612 x 800mm Gloss White | £254.0 | heating/towel-rails
2026-08-05 19:04:06,822 INFO  scraper.vendor:   NEW Vantage 2000 8mm Easy Clean  2000x1600mm Walk-In Shower Pane | £657.0 | showering/shower-enclosures
2026-08-05 19:04:09,058 INFO  scraper.vendor:   NEW Vantage 2000 8mm Easy Clean  2000x1600mm Walk-In Shower Pane | £639.0 | showering/shower-enclosures
2026-08-05 19:04:10,768 INFO  scraper.vendor:   NEW Vantage 2000 8mm Easy Clean  2000x1600mm Walk-In Shower Pane | £608.0 | showering/shower-enclosures
2026-08-05 19:04:13,335 INFO  scraper.vendor:   NEW Vantage 2000 8mm Easy Clean  2000x1400mm Walk-In Shower Pane | £585.0 | showering/shower-enclosures
2026-08-05 19:04:15,857 INFO  scraper.vendor:   NEW Isbourne 940 x 507 Brushed Brass / Gloss White | £646.0 | heating/towel-rails
2026-08-05 19:04:18,018 INFO  scraper.vendor:   NEW Vantage 2000 8mm Easy Clean  2000x1400mm Walk-In Shower Pane | £571.0 | showering/shower-enclosures
2026-08-05 19:04:20,503 INFO  scraper.vendor:   NEW Vantage 2000 8mm Easy Clean  2000x1400mm Walk-In Shower Pane | £543.0 | showering/shower-enclosures
2026-08-05 19:04:23,041 INFO  scraper.vendor:   NEW Isbourne 940 x 507 Chrome / Matt Black | £448.0 | heating/towel-rails
2026-08-05 19:04:24,959 INFO  scraper.vendor:   NEW Vantage 2000 8mm Easy Clean  2000x1300mm Walk-In Shower Pane | £550.0 | showering/shower-enclosures
2026-08-05 19:04:26,850 INFO  scraper.vendor:   NEW Isbourne 940 x 507 Chrome / Matt Anthracite | £448.0 | heating/towel-rails
2026-08-05 19:04:29,097 INFO  scraper.vendor:   NEW Isbourne 940 x 507 Chrome / Gloss White | £448.0 | heating/towel-rails
2026-08-05 19:04:31,258 INFO  scraper.vendor:   NEW Imperia 2 Column Multirail 1140 x 600mm Matt Anthracite | £397.0 | heating/towel-rails
2026-08-05 19:04:33,671 INFO  scraper.vendor:   NEW Sandford 1650x740x580mm (445mm Depth) Freestanding Bath -  W | £1036.0 | baths/freestanding
2026-08-05 19:04:36,180 INFO  scraper.vendor:   NEW Avon 960 x 500 Brushed Brass / Gloss White | £583.0 | heating/towel-rails
2026-08-05 19:04:38,548 INFO  scraper.vendor:   NEW Imperia 2 Column Multirail 832 x 600mm Matt Anthracite | £279.0 | heating/towel-rails
2026-08-05 19:04:41,195 INFO  scraper.vendor:   NEW Avon 960 x 429 Brushed Brass / Gloss White | £551.0 | heating/towel-rails
2026-08-05 19:04:43,485 INFO  scraper.vendor:   NEW Sandford 1600x740x580mm (440mm Depth) Freestanding Bath -  W | £1024.0 | baths/freestanding
2026-08-05 19:04:45,340 INFO  scraper.vendor:   NEW Sandford 1500x740x580mm (440mm Depth) Freestanding Bath -  W | £986.0 | baths/freestanding
2026-08-05 19:04:47,140 INFO  scraper.vendor:   NEW Isleworth 1650x750x580mm (430mm Depth) Freestanding Bath - W | £1234.0 | baths/freestanding
2026-08-05 19:04:49,621 INFO  scraper.vendor:   NEW Isleworth 1500x750x580mm (445mm Depth) Freestanding Bath - W | £1195.0 | baths/freestanding
2026-08-05 19:04:51,583 INFO  scraper.vendor:   NEW Vantage 2000 Easy Clean 2000x1500mm Slider Shower Door - Bru | £564.0 | showering/shower-enclosures
2026-08-05 19:04:53,318 INFO  scraper.vendor:   NEW Vantage 2000 Easy Clean 2000x1500mm Slider Shower Door - Mat | £529.0 | showering/shower-enclosures
2026-08-05 19:04:55,409 INFO  scraper.vendor:   NEW Vantage 2000 Easy Clean 2000x1500mm Slider Shower Door - Chr | £480.0 | showering/shower-enclosures
2026-08-05 19:04:57,396 INFO  scraper.vendor:   NEW Vantage 2000 Easy Clean 2000x1300mm Slider Shower Door -  Br | £530.0 | showering/shower-enclosures
2026-08-05 19:04:59,519 INFO  scraper.vendor:   NEW Vantage 2000 Easy Clean 2000x1300mm Slider Shower Door - Mat | £496.0 | showering/shower-enclosures
2026-08-05 19:05:01,289 INFO  scraper.vendor:   NEW Henley 1650x780x600mm (455mm Depth) Freestanding Bath - Whit | £1329.0 | baths/freestanding
2026-08-05 19:05:03,383 INFO  scraper.vendor:   NEW Vantage 2000 Easy Clean 2000x1300mm Slider Shower Door - Chr | £447.0 | showering/shower-enclosures
2026-08-05 19:05:05,928 INFO  scraper.vendor:   NEW Kingswood Slimline 600 x 810 Aluminium Radiator Matt Anthrac | £289.0 | heating/radiators
2026-08-05 19:05:08,253 INFO  scraper.vendor:   NEW Kingswood Slimline 600 x 610 Aluminium Radiator Matt Anthrac | £226.0 | heating/radiators
2026-08-05 19:05:10,735 INFO  scraper.vendor:   NEW Kingswood Slimline 600 x 510 Aluminium Radiator Matt Anthrac | £195.0 | heating/radiators
2026-08-05 19:05:12,707 INFO  scraper.vendor:   NEW Kingswood Slimline 600 x 410 Aluminium Radiator Matt Anthrac | £165.0 | heating/radiators
2026-08-05 19:05:14,958 INFO  scraper.vendor:   NEW Kingswood Slimline 600 x 1410 Aluminium Radiator Matt White | £465.0 | heating/radiators
2026-08-05 19:05:16,993 INFO  scraper.vendor:   NEW Kingswood Slimline 600 x 1210 Aluminium Radiator Matt White | £416.0 | heating/radiators
2026-08-05 19:05:19,273 INFO  scraper.vendor:   NEW Kingswood Slimline 600 x 1010 Aluminium Radiator Matt White | £352.0 | heating/radiators
2026-08-05 19:05:21,316 INFO  scraper.vendor:   NEW Kingswood Slimline 600 x 810 Aluminium Radiator Matt White | £289.0 | heating/radiators
2026-08-05 19:05:23,575 INFO  scraper.vendor:   NEW Kingswood Slimline 600 x 610 Aluminium Radiator Matt White | £226.0 | heating/radiators
2026-08-05 19:05:25,764 INFO  scraper.vendor:   NEW Kingswood Slimline 600 x 510 Aluminium Radiator Matt White | £195.0 | heating/radiators
2026-08-05 19:05:27,701 INFO  scraper.vendor:   NEW Kingswood Slimline 600 x 410 Aluminium Radiator Matt White | £165.0 | heating/radiators
2026-08-05 19:05:29,651 INFO  scraper.vendor:   NEW Kingswood Slimline 1800 x 610 Aluminium Radiator Matt Black | £498.0 | heating/radiators
2026-08-05 19:05:32,222 INFO  scraper.vendor:   NEW Kingswood Slimline 1800 x 510 Aluminium Radiator Matt Black | £425.0 | heating/radiators
2026-08-05 19:05:34,236 INFO  scraper.vendor:   NEW Kingswood Slimline 1800 x 410 Aluminium Radiator Matt Black | £350.0 | heating/radiators
2026-08-05 19:05:36,326 INFO  scraper.vendor:   NEW Kingswood Slimline 1800 x 310 Aluminium Radiator Matt Black | £277.0 | heating/radiators
2026-08-05 19:05:38,815 INFO  scraper.vendor:   NEW Kingswood Slimline 600 x 1010 Aluminium Radiator Matt Black | £352.0 | heating/radiators
2026-08-05 19:05:41,232 INFO  scraper.vendor:   NEW Kingswood Slimline 1800 x 610 Aluminium Radiator Matt Anthra | £498.0 | heating/radiators
2026-08-05 19:05:43,174 INFO  scraper.vendor:   NEW Kingswood Slimline 600 x 810 Aluminium Radiator Matt Black | £289.0 | heating/radiators
2026-08-05 19:05:45,137 INFO  scraper.vendor:   NEW Kingswood Slimline 1800 x 510 Aluminium Radiator Matt Anthra | £425.0 | heating/radiators
2026-08-05 19:05:47,363 INFO  scraper.vendor:   NEW Kingswood Slimline 1800 x 410 Aluminium Radiator Matt Anthra | £350.0 | heating/radiators
2026-08-05 19:05:49,420 INFO  scraper.vendor:   NEW Kingswood Slimline 1800 x 310 Aluminium Radiator Matt Anthra | £277.0 | heating/radiators
2026-08-05 19:05:51,979 INFO  scraper.vendor:   NEW Kingswood Slimline 1800 x 610 Aluminium Radiator Matt White | £498.0 | heating/radiators
2026-08-05 19:05:54,162 INFO  scraper.vendor:   NEW Kingswood Slimline 1800 x 510 Aluminium Radiator Matt White | £425.0 | heating/radiators
2026-08-05 19:05:56,268 INFO  scraper.vendor:   NEW Kingswood Slimline 1800 x 410 Aluminium Radiator Matt White | £350.0 | heating/radiators
2026-08-05 19:05:58,408 INFO  scraper.vendor:   NEW Kingswood Slimline 1800 x 310 Aluminium Radiator Matt White | £277.0 | heating/radiators
2026-08-05 19:06:00,775 INFO  scraper.vendor:   NEW Addington Aluminium 600 x 1772 Radiator Type20 Matt Anthraci | £1009.0 | heating/radiators
2026-08-05 19:06:03,198 INFO  scraper.vendor:   NEW Addington Aluminium 600 x 1624 Radiator Type20 Matt Anthraci | £928.0 | heating/radiators
2026-08-05 19:06:05,405 INFO  scraper.vendor:   NEW Addington Aluminium 600 x 1402 Radiator Type20 Matt Anthraci | £807.0 | heating/radiators
2026-08-05 19:06:07,703 INFO  scraper.vendor:   NEW Addington Aluminium 600 x 1772 Radiator Type20 Gloss White | £1009.0 | heating/radiators
2026-08-05 19:06:09,885 INFO  scraper.vendor:   NEW Addington Aluminium 600 x 1624 Radiator Type20 Gloss White | £928.0 | heating/radiators
2026-08-05 19:06:12,127 INFO  scraper.vendor:   NEW Addington Aluminium 600 x 1402 Radiator Type20 Gloss White | £807.0 | heating/radiators
2026-08-05 19:06:14,580 INFO  scraper.vendor:   NEW Addington Aluminium 1800 x 662 Radiator Type20 Matt Anthraci | £976.0 | heating/radiators
2026-08-05 19:06:16,567 INFO  scraper.vendor:   NEW Addington Aluminium 1800 x 662 Radiator Type20 Gloss White | £976.0 | heating/radiators
2026-08-05 19:06:18,587 INFO  scraper.vendor:   NEW Addington Aluminium 600 x 1772 Radiator Type10 Matt Anthraci | £727.0 | heating/radiators
2026-08-05 19:06:21,161 INFO  scraper.vendor:   NEW Addington Aluminium 600 x 1624 Radiator Type10 Matt Anthraci | £669.0 | heating/radiators
2026-08-05 19:06:23,582 INFO  scraper.vendor:   NEW Queenswood 1800 x 388 Aluminium Radiator Matt Anthracite | £416.0 | heating/radiators
2026-08-05 19:06:25,622 INFO  scraper.vendor:   NEW Addington Aluminium 600 x 1402 Radiator Type10 Matt Anthraci | £583.0 | heating/radiators
2026-08-05 19:06:27,682 INFO  scraper.vendor:   NEW Queenswood 1800 x 291 Aluminium Radiator Matt Anthracite | £320.0 | heating/radiators
2026-08-05 19:06:30,064 INFO  scraper.vendor:   NEW Addington Aluminium 600 x 1772 Radiator Type10 Gloss White | £727.0 | heating/radiators
2026-08-05 19:06:32,164 INFO  scraper.vendor:   NEW Addington Aluminium 600 x 1624 Radiator Type10 Gloss White | £669.0 | heating/radiators
2026-08-05 19:06:34,354 INFO  scraper.vendor:   NEW Queenswood 600 x 1649 Aluminium Radiator Matt White | £803.0 | heating/radiators
2026-08-05 19:06:36,484 INFO  scraper.vendor:   NEW Addington Aluminium 600 x 1402 Radiator Type10 Gloss White | £583.0 | heating/radiators
2026-08-05 19:06:38,682 INFO  scraper.vendor:   NEW Queenswood 600 x 1455 Aluminium Radiator Matt White | £711.0 | heating/radiators
2026-08-05 19:06:40,970 INFO  scraper.vendor:   NEW Queenswood 600 x 1067 Aluminium Radiator Matt Black | £515.0 | heating/radiators
2026-08-05 19:06:43,238 INFO  scraper.vendor:   NEW Addington Aluminium 1800 x 662 Radiator Type10 Matt Anthraci | £622.0 | heating/radiators
2026-08-05 19:06:45,612 INFO  scraper.vendor:   NEW Addington Aluminium 1800 x 662 Radiator Type10 Gloss White | £622.0 | heating/radiators
2026-08-05 19:06:48,269 INFO  scraper.vendor:   NEW Queenswood 600 x 873 Aluminium Radiator Matt Black | £435.0 | heating/radiators
2026-08-05 19:06:50,446 INFO  scraper.vendor:   NEW Queenswood 600 x 1261 Aluminium Radiator Matt White | £607.0 | heating/radiators
2026-08-05 19:06:52,939 INFO  scraper.vendor:   NEW Queenswood 600 x 1067 Aluminium Radiator Matt White | £515.0 | heating/radiators
2026-08-05 19:06:54,799 INFO  scraper.vendor:   NEW Guardia 600 x 1800 Aluminium Radiator Matt Black | £1061.0 | heating/radiators
2026-08-05 19:06:57,291 INFO  scraper.vendor:   NEW Queenswood 600 x 679 Aluminium Radiator Matt Black | £346.0 | heating/radiators
2026-08-05 19:06:59,410 INFO  scraper.vendor:   NEW Queenswood 600 x 873 Aluminium Radiator Matt White | £435.0 | heating/radiators
2026-08-05 19:07:01,521 INFO  scraper.vendor:   NEW Guardia 600 x 1800 Aluminium Radiator Matt Anthracite | £1061.0 | heating/radiators
2026-08-05 19:07:03,618 INFO  scraper.vendor:   NEW Queenswood 600 x 582 Aluminium Radiator Matt Black | £310.0 | heating/radiators
2026-08-05 19:07:05,531 INFO  scraper.vendor:   NEW Guardia 600 x 1800 Aluminium Radiator Matt Grey | £1061.0 | heating/radiators
2026-08-05 19:07:07,772 INFO  scraper.vendor:   NEW Queenswood 600 x 485 Aluminium Radiator Matt Black | £265.0 | heating/radiators
2026-08-05 19:07:10,031 INFO  scraper.vendor:   NEW Queenswood 600 x 679 Aluminium Radiator Matt White | £346.0 | heating/radiators
2026-08-05 19:07:12,511 INFO  scraper.vendor:   NEW Guardia 600 x 1800 Aluminium Radiator Matt White | £1061.0 | heating/radiators
2026-08-05 19:07:14,669 INFO  scraper.vendor:   NEW Queenswood 1800 x 582 Aluminium Radiator Matt Black | £621.0 | heating/radiators
2026-08-05 19:07:17,169 INFO  scraper.vendor:   NEW Queenswood 600 x 582 Aluminium Radiator Matt White | £310.0 | heating/radiators
2026-08-05 19:07:19,289 INFO  scraper.vendor:   NEW Guardia 600 x 1610 Aluminium Radiator Matt Black | £953.0 | heating/radiators
2026-08-05 19:07:21,573 INFO  scraper.vendor:   NEW Queenswood 600 x 485 Aluminium Radiator Matt White | £265.0 | heating/radiators
2026-08-05 19:07:23,740 INFO  scraper.vendor:   NEW Queenswood 1800 x 485 Aluminium Radiator Matt Black | £501.0 | heating/radiators
2026-08-05 19:07:26,118 INFO  scraper.vendor:   NEW Queenswood 1800 x 582 Aluminium Radiator Matt White | £621.0 | heating/radiators
2026-08-05 19:07:28,612 INFO  scraper.vendor:   NEW Queenswood 1800 x 388 Aluminium Radiator Matt Black | £416.0 | heating/radiators
2026-08-05 19:07:30,732 INFO  scraper.vendor:   NEW Queenswood 1800 x 485 Aluminium Radiator Matt White | £501.0 | heating/radiators
2026-08-05 19:07:32,595 INFO  scraper.vendor:   NEW Queenswood 1800 x 291 Aluminium Radiator Matt Black | £320.0 | heating/radiators
2026-08-05 19:07:34,536 INFO  scraper.vendor:   NEW Queenswood 1800 x 388 Aluminium Radiator Matt White | £416.0 | heating/radiators
2026-08-05 19:07:36,749 INFO  scraper.vendor:   NEW Queenswood 600 x 1649 Aluminium Radiator Matt Anthracite | £803.0 | heating/radiators
2026-08-05 19:07:38,998 INFO  scraper.vendor:   NEW Queenswood 1800 x 291 Aluminium Radiator Matt White | £320.0 | heating/radiators
2026-08-05 19:07:41,108 INFO  scraper.vendor:   NEW Queenswood 600 x 1455 Aluminium Radiator Matt Anthracite | £711.0 | heating/radiators
2026-08-05 19:07:43,611 INFO  scraper.vendor:   NEW Queenswood 600 x 1261 Aluminium Radiator Matt Anthracite | £607.0 | heating/radiators
2026-08-05 19:07:45,728 INFO  scraper.vendor:   NEW Queenswood 600 x 1067 Aluminium Radiator Matt Anthracite | £515.0 | heating/radiators
2026-08-05 19:07:48,039 INFO  scraper.vendor:   NEW Queenswood 600 x 873 Aluminium Radiator Matt Anthracite | £435.0 | heating/radiators
2026-08-05 19:07:50,009 INFO  scraper.vendor:   NEW Queenswood 600 x 679 Aluminium Radiator Matt Anthracite | £346.0 | heating/radiators
2026-08-05 19:07:51,964 INFO  scraper.vendor:   NEW Corsair 900x900mm Quad 25mm Shower Tray - White | £212.0 | showering/shower-trays
2026-08-05 19:07:53,871 INFO  scraper.vendor:   NEW Corsair 800x800mm Quad 25mm Shower Tray-  White | £207.0 | showering/shower-trays
2026-08-05 19:07:55,947 INFO  scraper.vendor:   NEW Corsair 1700 x 900mm 25mm Rectangular Shower Tray - White | £408.0 | showering/shower-trays
2026-08-05 19:07:58,066 INFO  scraper.vendor:   NEW Corsair 1700 x 800mm 25mm Rectangular Shower Tray - White | £408.0 | showering/shower-trays
2026-08-05 19:07:59,732 INFO  scraper.vendor:   NEW Corsair 1700 x 760mm 25mm Rectangular Shower Tray - White | £408.0 | showering/shower-trays
2026-08-05 19:08:01,415 INFO  scraper.vendor:   NEW Corsair 1000 x 1000mm Square 25mm Shower Tray - White | £263.0 | showering/shower-trays
2026-08-05 19:08:03,136 INFO  scraper.vendor:   NEW Corsair 1700 x 700mm 25mm Rectangular Shower Tray - White | £408.0 | showering/shower-trays
2026-08-05 19:08:05,249 INFO  scraper.vendor:   NEW Corsair 900 x 900mm Square 25mm Shower Tray - White | £181.0 | showering/shower-trays
2026-08-05 19:08:07,088 INFO  scraper.vendor:   NEW Corsair 1600 x 900mm 25mm Rectangular Shower Tray - White | £402.0 | showering/shower-trays
2026-08-05 19:08:08,882 INFO  scraper.vendor:   NEW Corsair 1600 x 800mm 25mm Rectangular Shower Tray - White | £402.0 | showering/shower-trays
2026-08-05 19:08:11,079 INFO  scraper.vendor:   NEW Corsair 800 x 800mm Square 25mm Shower Tray - White | £170.0 | showering/shower-trays
2026-08-05 19:08:13,017 INFO  scraper.vendor:   NEW Corsair 1500 x 900mm 25mm Rectangular Shower Tray - White | £383.0 | showering/shower-trays
2026-08-05 19:08:14,988 INFO  scraper.vendor:   NEW Corsair 760 x 760mm Square 25mm Shower Tray - White | £145.0 | showering/shower-trays
2026-08-05 19:08:17,344 INFO  scraper.vendor:   NEW Corsair 1500 x 800mm 25mm Rectangular Shower Tray - White | £376.0 | showering/shower-trays
2026-08-05 19:08:19,276 INFO  scraper.vendor:   NEW Corsair 700 x 700mm Square 25mm Shower Tray - White | £145.0 | showering/shower-trays
2026-08-05 19:08:21,132 INFO  scraper.vendor:   NEW Kingswood Slimline 600 x 610 Aluminium Radiator Matt Black | £226.0 | heating/radiators
2026-08-05 19:08:23,159 INFO  scraper.vendor:   NEW Corsair 1500 x 760mm 25mm Rectangular Shower Tray - White | £371.0 | showering/shower-trays
2026-08-05 19:08:24,982 INFO  scraper.vendor:   NEW Corsair 1400 x 900mm 25mm Rectangular Shower Tray - White | £365.0 | showering/shower-trays
2026-08-05 19:08:27,225 INFO  scraper.vendor:   NEW Kingswood Slimline 600 x 510 Aluminium Radiator Matt Black | £195.0 | heating/radiators
2026-08-05 19:08:29,590 INFO  scraper.vendor:   NEW Corsair 1400 x 800mm 25mm Rectangular Shower Tray - White | £358.0 | showering/shower-trays
2026-08-05 19:08:31,517 INFO  scraper.vendor:   NEW Corsair Anti-Slip 900 x 900mm Square 25mm Shower Tray - Whit | £250.0 | showering/shower-trays
2026-08-05 19:08:33,970 INFO  scraper.vendor:   NEW Kingswood Slimline 600 x 410 Aluminium Radiator Matt Black | £165.0 | heating/radiators
2026-08-05 19:08:36,217 INFO  scraper.vendor:   NEW Malmesbury Towel Hanger 565mm Matt Black | £76.0 | accessories
2026-08-05 19:08:38,225 INFO  scraper.vendor:   NEW Corsair Anti Slip 800 x 800mm Square 25mm Shower Tray - Whit | £238.0 | showering/shower-trays
2026-08-05 19:08:40,215 INFO  scraper.vendor:   NEW Corsair 1400 x 760mm 25mm Rectangular Shower Tray - White | £352.0 | showering/shower-trays
2026-08-05 19:08:41,972 INFO  scraper.vendor:   NEW Kingswood Slimline 600 x 1410 Aluminium Radiator Matt Anthra | £465.0 | heating/radiators
2026-08-05 19:08:43,985 INFO  scraper.vendor:   NEW Malmesbury Towel Hanger 470mm Matt Black | £72.0 | accessories
2026-08-05 19:08:46,437 INFO  scraper.vendor:   NEW Corsair Anti-Slip 760 x760mm square 25mm Shower Tray - White | £228.0 | showering/shower-trays
2026-08-05 19:08:48,739 INFO  scraper.vendor:   NEW Kingswood Slimline 600 x 1210 Aluminium Radiator Matt Anthra | £416.0 | heating/radiators
2026-08-05 19:08:50,733 INFO  scraper.vendor:   NEW Corsair 1300 x 900mm 25mm Rectangular Shower Tray - White | £311.0 | showering/shower-trays
2026-08-05 19:08:52,910 INFO  scraper.vendor:   NEW Malmesbury Towel Hanger 375mm Matt Black | £63.0 | accessories
2026-08-05 19:08:54,661 INFO  scraper.vendor:   NEW Corsair 1300 x 800mm 25mm Rectangular Shower Tray - White | £295.0 | showering/shower-trays
2026-08-05 19:08:56,250 INFO  scraper.vendor:   NEW Corsair Anti-Slip 700 x 700mm square 25mm Shower Tray - Whit | £226.0 | showering/shower-trays
2026-08-05 19:08:58,108 INFO  scraper.vendor:   NEW Kingswood Slimline 600 x 1010 Aluminium Radiator Matt Anthra | £352.0 | heating/radiators
2026-08-05 19:09:00,234 INFO  scraper.vendor:   NEW Malmesbury Towel Hanger 280mm Matt Black | £56.0 | accessories
2026-08-05 19:09:01,991 INFO  scraper.vendor:   NEW Corsair 1200 x 900mm Offset Quad Right Hand (RH) 25mm Shower | £282.0 | showering/shower-trays
2026-08-05 19:09:04,102 INFO  scraper.vendor:   NEW Corsair 1300 x 760mm 25mm Rectangular Shower Tray - White | £282.0 | showering/shower-trays
2026-08-05 19:09:06,429 INFO  scraper.vendor:   NEW Corsair 1200 x 900mm Offset Quad Left Hand (LH)  25mm Shower | £282.0 | showering/shower-trays
2026-08-05 19:09:08,827 INFO  scraper.vendor:   NEW Malmesbury Towel Hanger 185mm Matt Black | £47.0 | accessories
2026-08-05 19:09:10,475 INFO  scraper.vendor:   NEW Corsair 1200 x 900mm 25mm Rectangular Shower Tray - White | £251.0 | showering/shower-trays
2026-08-05 19:09:13,019 INFO  scraper.vendor:   NEW Malmesbury 1800 x 565 Aluminium Radiator Matt Black | £613.0 | heating/radiators
2026-08-05 19:09:14,884 INFO  scraper.vendor:   NEW Corsair 1200 x 800mm Offset Quad Right Hand (RH) 25mm Shower | £271.0 | showering/shower-trays
2026-08-05 19:09:16,500 INFO  scraper.vendor:   NEW Corsair 1200 x 800mm 25mm Rectangular Shower Tray - White | £251.0 | showering/shower-trays
2026-08-05 19:09:18,726 INFO  scraper.vendor:   NEW Malmesbury 1800 x 470 Aluminium Radiator Matt Black | £509.0 | heating/radiators
2026-08-05 19:09:20,283 INFO  scraper.vendor:   NEW Corsair 1200 x 800mm Offset Quad Left Hand (LH)  25mm Shower | £271.0 | showering/shower-trays
2026-08-05 19:09:22,259 INFO  scraper.vendor:   NEW Corsair Anti-Slip 1600 x 900mm 25mm Rectangular Shower Tray  | £501.0 | showering/shower-trays
2026-08-05 19:09:24,990 INFO  scraper.vendor:   NEW Malmesbury 1800 x 375 Aluminium Radiator Matt Black | £416.0 | heating/radiators
2026-08-05 19:09:27,156 INFO  scraper.vendor:   NEW Corsair 1200 x 760mm 25mm Rectangular Shower Tray - White | £251.0 | showering/shower-trays
2026-08-05 19:09:29,100 INFO  scraper.vendor:   NEW Corsair 1100 x 800mm Offset Quad Right Hand (RH) 25mm Shower | £250.0 | showering/shower-trays
2026-08-05 19:09:31,716 INFO  scraper.vendor:   NEW Malmesbury 1800 x 280 Aluminium Radiator Matt Black | £327.0 | heating/radiators
2026-08-05 19:09:33,516 INFO  scraper.vendor:   NEW Corsair 1100 x 800mm Offset Quad Left Hand (LH) 25mm Shower  | £250.0 | showering/shower-trays
2026-08-05 19:09:35,477 INFO  scraper.vendor:   NEW Corsair 1200 x 700mm 25mm Rectangular Shower Tray - White | £251.0 | showering/shower-trays
2026-08-05 19:09:37,617 INFO  scraper.vendor:   NEW Corsair 1100 x 900mm 25mm Rectangular Shower Tray - White | £251.0 | showering/shower-trays
2026-08-05 19:09:39,892 INFO  scraper.vendor:   NEW Malmesbury 1800 x 185 Aluminium Radiator Matt Black | £231.0 | heating/radiators
2026-08-05 19:09:41,697 INFO  scraper.vendor:   NEW Corsair 1100 x 800mm 25mm Rectangular Shower Tray - White | £251.0 | showering/shower-trays
2026-08-05 19:09:43,851 INFO  scraper.vendor:   NEW Corsair 1000 x 900mm 25mm Rectangular Shower Tray - White | £239.0 | showering/shower-trays
2026-08-05 19:09:46,071 INFO  scraper.vendor:   NEW Kingswood Slimline 600 x 1410 Aluminium Radiator Matt Black | £465.0 | heating/radiators
2026-08-05 19:09:48,120 INFO  scraper.vendor:   NEW Kingswood Slimline 600 x 1210 Aluminium Radiator Matt Black | £416.0 | heating/radiators
2026-08-05 19:09:50,258 INFO  scraper.vendor:   NEW Guardia 600 x 1610 Aluminium Radiator Matt Anthracite | £953.0 | heating/radiators
2026-08-05 19:09:52,740 INFO  scraper.vendor:   NEW Guardia 600 x 1610 Aluminium Radiator Matt Grey | £953.0 | heating/radiators
2026-08-05 19:09:55,183 INFO  scraper.vendor:   NEW Guardia 600 x 1610 Aluminium Radiator Matt White | £953.0 | heating/radiators
2026-08-05 19:09:57,383 INFO  scraper.vendor:   NEW Queenswood 600 x 582 Aluminium Radiator Matt Anthracite | £310.0 | heating/radiators
2026-08-05 19:09:59,388 INFO  scraper.vendor:   NEW Queenswood 600 x 485 Aluminium Radiator Matt Anthracite | £265.0 | heating/radiators
2026-08-05 19:10:01,580 INFO  scraper.vendor:   NEW Guardia 1800 x 660 Aluminium Radiator Matt Black | £995.0 | heating/radiators
2026-08-05 19:10:03,950 INFO  scraper.vendor:   NEW Guardia 1800 x 660 Aluminium Radiator Matt Anthracite | £995.0 | heating/radiators
2026-08-05 19:10:06,031 INFO  scraper.vendor:   NEW Queenswood 1800 x 582 Aluminium Radiator Matt Anthracite | £621.0 | heating/radiators
2026-08-05 19:10:08,108 INFO  scraper.vendor:   NEW Queenswood 1800 x 485 Aluminium Radiator Matt Anthracite | £501.0 | heating/radiators
2026-08-05 19:10:09,809 INFO  scraper.vendor:   NEW Guardia 1800 x 660 Aluminium Radiator Matt Grey | £995.0 | heating/radiators
2026-08-05 19:10:11,722 INFO  scraper.vendor:   NEW Guardia 1800 x 660 Aluminium Radiator Matt White | £995.0 | heating/radiators
2026-08-05 19:10:14,211 INFO  scraper.vendor:   NEW Queenswood 600 x 1649 Aluminium Radiator Matt Black | £803.0 | heating/radiators
2026-08-05 19:10:16,401 INFO  scraper.vendor:   NEW Queenswood 600 x 1455 Aluminium Radiator Matt Black | £711.0 | heating/radiators
2026-08-05 19:10:18,499 INFO  scraper.vendor:   NEW Queenswood 600 x 1261 Aluminium Radiator Matt Black | £607.0 | heating/radiators
2026-08-05 19:10:20,342 INFO  scraper.vendor:   NEW Crossland  1600 x 800mm Rectangular Shower tray with Slate F | £535.0 | showering/shower-trays
2026-08-05 19:10:22,080 INFO  scraper.vendor:   NEW Crossland  1600 x 700mm Rectangular  Shower Tray with Slate  | £524.0 | showering/shower-trays
2026-08-05 19:10:24,235 INFO  scraper.vendor:   NEW Crossland  1200 x 700mm Rectangular Shower Tray with Slate F | £336.0 | showering/shower-trays
2026-08-05 19:10:26,295 INFO  scraper.vendor:   NEW Crossland  1600 x 700mm Rectangular  Shower tray with Slate  | £524.0 | showering/shower-trays
2026-08-05 19:10:28,774 INFO  scraper.vendor:   NEW Corsair Anti-Slip 1600 x 800mm 25mm Rectangular Shower Tray  | £495.0 | showering/shower-trays
2026-08-05 19:10:30,908 INFO  scraper.vendor:   NEW Crossland  1200 x 700mm Rectangular Shower Tray with Slate F | £336.0 | showering/shower-trays
2026-08-05 19:10:33,013 INFO  scraper.vendor:   NEW Crossland  1600 x 700mm Rectangular  Shower tray with Slate  | £524.0 | showering/shower-trays
2026-08-05 19:10:34,762 INFO  scraper.vendor:   NEW Crossland  1000 x 800mm Rectangular Shower Tray with Slate F | £315.0 | showering/shower-trays
2026-08-05 19:10:36,348 INFO  scraper.vendor:   NEW Crossland  1500 x 900mm Rectangular  Shower Tray with Slate  | £522.0 | showering/shower-trays
2026-08-05 19:10:38,553 INFO  scraper.vendor:   NEW Corsair Anti-Slip 1500 x 800mm 25mm Rectangular Shower Tray  | £476.0 | showering/shower-trays
2026-08-05 19:10:40,391 INFO  scraper.vendor:   NEW Crossland  1000 x 800mm Rectangular Shower Tray with Slate F | £315.0 | showering/shower-trays
2026-08-05 19:10:42,064 INFO  scraper.vendor:   NEW Crossland  1500 x 900mm Rectangular  Shower tray with Slate  | £522.0 | showering/shower-trays
2026-08-05 19:10:44,007 INFO  scraper.vendor:   NEW Crossland  1000 x 800mm Rectangular Shower Tray with Slate F | £315.0 | showering/shower-trays
2026-08-05 19:10:45,740 INFO  scraper.vendor:   NEW Corsair Anti-Slip 1400 x 900mm 25mm Rectangular Shower Tray  | £479.0 | showering/shower-trays
2026-08-05 19:10:47,462 INFO  scraper.vendor:   NEW Crossland  1500 x 900mm Rectangular  Shower tray with Slate  | £522.0 | showering/shower-trays
2026-08-05 19:10:49,408 INFO  scraper.vendor:   NEW Crossland  900 x 900mm Square  Shower Tray with Slate Finish | £310.0 | showering/shower-trays
2026-08-05 19:10:51,214 INFO  scraper.vendor:   NEW Corsair 1000x1000mm Quad 25mm Shower Tray - White | £251.0 | showering/shower-trays
2026-08-05 19:10:52,853 INFO  scraper.vendor:   NEW Crossland  1500 x 800mm Rectangular  Shower Tray with Slate  | £514.0 | showering/shower-trays
2026-08-05 19:10:55,255 INFO  scraper.vendor:   NEW Corsair Anti-Slip 1400 x 800mm 25mm Rectangular Shower Tray  | £472.0 | showering/shower-trays
2026-08-05 19:10:57,077 INFO  scraper.vendor:   NEW Crossland  900 x 900mm Square  Shower Tray with Slate Finish | £310.0 | showering/shower-trays
2026-08-05 19:10:59,241 INFO  scraper.vendor:   NEW Crossland  1500 x 800mm Rectangular  Shower Tray with Slate  | £514.0 | showering/shower-trays
2026-08-05 19:11:01,016 INFO  scraper.vendor:   NEW Corsair 1000 x 800mm 25mm Rectangular Shower Tray - White | £222.0 | showering/shower-trays
2026-08-05 19:11:03,198 INFO  scraper.vendor:   NEW Crossland  900 x 900mm Square  Shower Tray with Slate Finish | £310.0 | showering/shower-trays
2026-08-05 19:11:04,849 INFO  scraper.vendor:   NEW Crossland  1500 x 800mm Rectangular  Shower Tray with Slate  | £514.0 | showering/shower-trays
2026-08-05 19:11:06,489 INFO  scraper.vendor:   NEW Corsair 1000 x 760mm 25mm Rectangular Shower Tray White | £222.0 | showering/shower-trays
2026-08-05 19:11:08,451 INFO  scraper.vendor:   NEW Corsair Anti-Slip 1200 x 900mm 25mm Rectangular Shower Tray  | £298.0 | showering/shower-trays
2026-08-05 19:11:10,380 INFO  scraper.vendor:   NEW Corsair 900 x 800mm 25mm Rectangular Shower Tray - White | £208.0 | showering/shower-trays
2026-08-05 19:11:12,207 INFO  scraper.vendor:   NEW Crossland  800 x 800mm Square  Shower Tray with Slate Finish | £289.0 | showering/shower-trays
2026-08-05 19:11:14,341 INFO  scraper.vendor:   NEW Corsair Anti-Slip 1200 x 800mm 25mm Rectangular Shower Tray  | £288.0 | showering/shower-trays
2026-08-05 19:11:16,326 INFO  scraper.vendor:   NEW Crossland  1400 x 900mm Rectangular  Shower Tray with Slate  | £517.0 | showering/shower-trays
2026-08-05 19:11:18,650 INFO  scraper.vendor:   NEW Corsair Anit-Slip 1200 x 760mm 25mm Rectangular Shower Tray  | £287.0 | showering/shower-trays
2026-08-05 19:11:20,927 INFO  scraper.vendor:   NEW Crossland  800 x 800mm Square  Shower Tray with Slate Finish | £289.0 | showering/shower-trays
2026-08-05 19:11:22,662 INFO  scraper.vendor:   NEW Corsair 900 x 760mm 25mm Rectangular Shower Tray - White | £208.0 | showering/shower-trays
2026-08-05 19:11:24,250 INFO  scraper.vendor:   NEW Crossland  1400 x 900mm Rectangular  Shower Tray with Slate  | £517.0 | showering/shower-trays
2026-08-05 19:11:25,939 INFO  scraper.vendor:   NEW Crossland  800 x 800mm Square  Shower Tray with Slate Finish | £289.0 | showering/shower-trays
2026-08-05 19:11:27,846 INFO  scraper.vendor:   NEW Corsair Anti-Slip 1200 x 700mm 25mm Rectangular Shower Tray  | £294.0 | showering/shower-trays
2026-08-05 19:11:29,750 INFO  scraper.vendor:   NEW Crossland  1400 x 900mm Rectangular  Shower Tray with Slate  | £517.0 | showering/shower-trays
2026-08-05 19:11:32,101 INFO  scraper.vendor:   NEW Corsair Anti-Slip 1200 x 900mm Offset Quad Right Hand (RH) 2 | £359.0 | showering/shower-trays
2026-08-05 19:11:34,396 INFO  scraper.vendor:   NEW Corsair Anti-Slip 1100 x 900mm 25mm Rectangular Shower Tray  | £284.0 | showering/shower-trays
2026-08-05 19:11:36,743 INFO  scraper.vendor:   NEW Crossland 1400 x 800mm Rectangular  Shower Tray with Slate F | £510.0 | showering/shower-trays
2026-08-05 19:11:38,684 INFO  scraper.vendor:   NEW Corsair Anti-Slip 1200 x 900mm Offset Quad Left Hand (LH) 25 | £359.0 | showering/shower-trays
2026-08-05 19:11:40,741 INFO  scraper.vendor:   NEW Corsair Anti-Slip 1100 x 800mm 25mm Rectangular Shower Tray  | £281.0 | showering/shower-trays
2026-08-05 19:11:42,583 INFO  scraper.vendor:   NEW Crossland  1400 x 800mm Rectangular  Shower Tray with Slate  | £510.0 | showering/shower-trays
2026-08-05 19:11:44,413 INFO  scraper.vendor:   NEW Corsair Anti-Slip 1000 x 900mm 25mm Rectangular Shower Tray  | £280.0 | showering/shower-trays
2026-08-05 19:11:46,577 INFO  scraper.vendor:   NEW Corsair Anti-Slip 1200 x 800mm Offset Quad Right Hand (RH) 2 | £354.0 | showering/shower-trays
2026-08-05 19:11:48,751 INFO  scraper.vendor:   NEW Crossland  1400 x 800mm Rectangular  Shower Tray with Slate  | £510.0 | showering/shower-trays
2026-08-05 19:11:50,563 INFO  scraper.vendor:   NEW Corsair Anti-Slip 1000 x 800mm 25mm Rectangular Shower Tray  | £267.0 | showering/shower-trays
2026-08-05 19:11:52,372 INFO  scraper.vendor:   NEW Corsair Anti-Slip 1200 x 800mm Offset Quad Left Hand (LH) 25 | £354.0 | showering/shower-trays
2026-08-05 19:11:54,247 INFO  scraper.vendor:   NEW Crossland  1400 x 700mm Rectangular  Shower Tray with Slate  | £495.0 | showering/shower-trays
2026-08-05 19:11:56,135 INFO  scraper.vendor:   NEW Corsair Anti-Slip 900 x 800mm 25mm Rectangular Shower Tray - | £257.0 | showering/shower-trays
2026-08-05 19:11:58,466 INFO  scraper.vendor:   NEW Corsair Anti-Slip 1100 x 800mm Offset Quad Right Hand (RH) 2 | £332.0 | showering/shower-trays
2026-08-05 19:12:00,222 INFO  scraper.vendor:   NEW Corsair Anti-Slip 900 x 760mm 25mm Rectangular Shower Tray - | £256.0 | showering/shower-trays
2026-08-05 19:12:02,030 INFO  scraper.vendor:   NEW Crossland  1400 x 700mm Rectangular  Shower Tray with Slate  | £495.0 | showering/shower-trays
2026-08-05 19:12:04,099 INFO  scraper.vendor:   NEW Corsair Anti-Slip 1100 x 800mm Offset Quad Left Hand (LH) 25 | £332.0 | showering/shower-trays
2026-08-05 19:12:05,625 INFO  scraper.vendor:   NEW Corsair Anti-Slip 1000 x 1000mm Square 25mm Shower Tray - Wh | £342.0 | showering/shower-trays
2026-08-05 19:12:07,762 INFO  scraper.vendor:   NEW Crossland  1400 x 700mm Rectangular  Shower Tray with Slate  | £495.0 | showering/shower-trays
2026-08-05 19:12:09,732 INFO  scraper.vendor:   NEW Corsair Anti-Slip 1000x1000mm Quad 25mm Shower Tray - White | £342.0 | showering/shower-trays
2026-08-05 19:12:11,596 INFO  scraper.vendor:   NEW Crossland  1200 x 900mm Rectangular  Shower Tray with Slate  | £360.0 | showering/shower-trays
2026-08-05 19:12:13,591 INFO  scraper.vendor:   NEW Corsair Anti-Slip 900x900mm Quad 25mm Shower Tray - White | £250.0 | showering/shower-trays
2026-08-05 19:12:15,758 INFO  scraper.vendor:   NEW Crossland  1200 x 900mm Rectangular  Shower Tray with Slate  | £360.0 | showering/shower-trays
2026-08-05 19:12:17,745 INFO  scraper.vendor:   NEW Corsair Anti-Slip 800x800mm Quad 25mm Shower Tray - White | £238.0 | showering/shower-trays
2026-08-05 19:12:19,737 INFO  scraper.vendor:   NEW Crossland  1600 x 800mm Rectangular Shower tray with Slate F | £535.0 | showering/shower-trays
2026-08-05 19:12:21,768 INFO  scraper.vendor:   NEW Crossland  1200 x 900mm Rectangular  Shower Tray with Slate  | £360.0 | showering/shower-trays
2026-08-05 19:12:23,981 INFO  scraper.vendor:   NEW Corsair Anti-Slip 1700 x 900mm 25mm Rectangular Shower Tray  | £587.0 | showering/shower-trays
2026-08-05 19:12:26,382 INFO  scraper.vendor:   NEW Crossland  1200 x 800mm Rectangular Shower Tray with Slate F | £348.0 | showering/shower-trays
2026-08-05 19:12:28,721 INFO  scraper.vendor:   NEW Crossland  1200 x 800mm Rectangular Shower Tray with Slate F | £348.0 | showering/shower-trays
2026-08-05 19:12:31,201 INFO  scraper.vendor:   NEW Corsair Anti-Slip 1700 x 800mm 25mm Rectangular Shower Tray  | £557.0 | showering/shower-trays
2026-08-05 19:12:33,083 INFO  scraper.vendor:   NEW Crossland  1200 x 800mm Rectangular Shower Tray with Slate F | £348.0 | showering/shower-trays
2026-08-05 19:12:34,881 INFO  scraper.vendor:   NEW Corsair Anti-Slip 1700 x 700mm 25mm Rectangular Shower Tray  | £555.0 | showering/shower-trays
2026-08-05 19:12:36,773 INFO  scraper.vendor:   NEW Crossland  1200 x 700mm Rectangular Shower Tray with Slate F | £336.0 | showering/shower-trays
2026-08-05 19:12:39,024 INFO  scraper.vendor:   NEW Keynsham Type 22 Panel Radiator 600 x 1200 with Flat Designe | £1228.84 | heating/radiators
2026-08-05 19:12:40,956 INFO  scraper.vendor:   NEW Keynsham Type 22 Panel Radiator 600 x 1000 with Flat Designe | £1046.69 | heating/radiators
2026-08-05 19:12:42,963 INFO  scraper.vendor:   NEW Keynsham Type 22 Panel Radiator 600 x 800 with Flat Designer | £870.56 | heating/radiators
2026-08-05 19:12:44,820 INFO  scraper.vendor:   NEW Keynsham Type 22 Panel Radiator 600 x 600 with Flat Designer | £728.44 | heating/radiators
2026-08-05 19:12:46,816 INFO  scraper.vendor:   NEW Keynsham Type 22 Panel Radiator 600 x 500 with Flat Designer | £635.83 | heating/radiators
2026-08-05 19:12:48,994 INFO  scraper.vendor:   NEW Keynsham Type 22 Panel Radiator 600 x 400 with Flat Designer | £545.28 | heating/radiators
2026-08-05 19:12:50,830 INFO  scraper.vendor:   NEW Keynsham Type 22 Panel Radiator 600 x 400 with Lined Designe | £611.1 | heating/radiators
2026-08-05 19:12:53,189 INFO  scraper.vendor:   NEW Keynsham Type 22 Panel Radiator 600 x 1200 with Lined Design | £1239.84 | heating/radiators
2026-08-05 19:12:55,114 INFO  scraper.vendor:   NEW Keynsham Type 22 Panel Radiator 600 x 1000 with Lined Design | £1056.69 | heating/radiators
2026-08-05 19:12:57,390 INFO  scraper.vendor:   NEW Keynsham Type 22 Panel Radiator 600 x 800 with Lined Designe | £881.56 | heating/radiators
2026-08-05 19:12:59,309 INFO  scraper.vendor:   NEW Keynsham Type 22 Panel Radiator 600 x 600 with Lined Designe | £738.44 | heating/radiators
2026-08-05 19:13:01,593 INFO  scraper.vendor:   NEW Keynsham Type 22 Panel Radiator 600 x 500 with Lined Designe | £646.83 | heating/radiators
2026-08-05 19:13:03,828 INFO  scraper.vendor:   NEW Keynsham Type 22 Panel Radiator 600 x 400 with Lined Designe | £556.28 | heating/radiators
2026-08-05 19:13:06,051 INFO  scraper.vendor:   NEW Keynsham Type 22 Panel Radiator 600 x 1200 with Flat Designe | £1351.33 | heating/radiators
2026-08-05 19:13:08,144 INFO  scraper.vendor:   NEW Keynsham Type 22 Panel Radiator 600 x 1000 with Flat Designe | £1151.26 | heating/radiators
2026-08-05 19:13:10,319 INFO  scraper.vendor:   NEW Wendover Straight Multirail 1200 x 500 Black Gold | £282.0 | heating/towel-rails
2026-08-05 19:13:12,523 INFO  scraper.vendor:   NEW Keynsham Type 22 Panel Radiator 600 x 800 with Flat Designer | £957.22 | heating/radiators
2026-08-05 19:13:14,942 INFO  scraper.vendor:   NEW Wendover Straight Multirail 1200 x 400 Black Gold | £269.0 | heating/towel-rails
2026-08-05 19:13:17,139 INFO  scraper.vendor:   NEW Keynsham Type 22 Panel Radiator 600 x 600 with Flat Designer | £800.18 | heating/radiators
2026-08-05 19:13:19,525 INFO  scraper.vendor:   NEW Wendover Straight Multirail 800 x 600 Black Gold | £205.0 | heating/towel-rails
2026-08-05 19:13:22,043 INFO  scraper.vendor:   NEW Keynsham Type 22 Panel Radiator 600 x 400 with Flat Designer | £599.1 | heating/radiators
2026-08-05 19:13:24,660 INFO  scraper.vendor:   NEW Wendover Straight Multirail 800 x 500 Black Gold | £197.0 | heating/towel-rails
2026-08-05 19:13:26,684 INFO  scraper.vendor:   NEW Keynsham Type 22 Panel Radiator 600 x 1200 with Flat Designe | £1351.33 | heating/radiators
2026-08-05 19:13:29,518 INFO  scraper.vendor:   NEW Wendover Straight Multirail 800 x 400 Black Gold | £185.0 | heating/towel-rails
2026-08-05 19:13:31,547 INFO  scraper.vendor:   NEW Keynsham Type 22 Panel Radiator 600 x 1000 with Flat Designe | £1151.26 | heating/radiators
2026-08-05 19:13:34,054 INFO  scraper.vendor:   NEW Keynsham Type 22 Panel Radiator 600 x 1200 with Lined Design | £1363.33 | heating/radiators
2026-08-05 19:13:36,508 INFO  scraper.vendor:   NEW Keynsham Type 22 Panel Radiator 600 x 800 with Flat Designer | £957.22 | heating/radiators
2026-08-05 19:13:38,855 INFO  scraper.vendor:   NEW Keynsham Type 22 Panel Radiator 600 x 600 with Flat Designer | £800.18 | heating/radiators
2026-08-05 19:13:40,828 INFO  scraper.vendor:   NEW Keynsham Type 22 Panel Radiator 600 x 400 with Flat Designer | £599.1 | heating/radiators
2026-08-05 19:13:43,109 INFO  scraper.vendor:   NEW Keynsham Type 22 Panel Radiator 600 x 1000 with Lined Design | £1163.26 | heating/radiators
2026-08-05 19:13:45,033 INFO  scraper.vendor:   NEW Keynsham Type 22 Panel Radiator 600 x 800 with Lined Designe | £969.22 | heating/radiators
2026-08-05 19:13:46,828 INFO  scraper.vendor:   NEW Keynsham Type 22 Panel Radiator 600 x 600 with Lined Designe | £812.18 | heating/radiators
2026-08-05 19:13:49,009 INFO  scraper.vendor:   NEW Keynsham Type 22 Panel Radiator 600 x 400 with Lined Designe | £611.1 | heating/radiators
2026-08-05 19:13:50,929 INFO  scraper.vendor:   NEW Keynsham Type 22 Panel Radiator 600 x 1200 with Lined Design | £1363.33 | heating/radiators
2026-08-05 19:13:53,305 INFO  scraper.vendor:   NEW Wendover Straight Multirail 1800 x 400 Brushed Gunmetal | £479.0 | heating/towel-rails
2026-08-05 19:13:55,224 INFO  scraper.vendor:   NEW Keynsham Type 22 Panel Radiator 600 x 1000 with Lined Design | £1163.26 | heating/radiators
2026-08-05 19:13:57,599 INFO  scraper.vendor:   NEW Wendover Straight Multirail 1200 x 600 Brushed Gunmetal | £350.0 | heating/towel-rails
2026-08-05 19:13:59,600 INFO  scraper.vendor:   NEW Keynsham Type 22 Panel Radiator 600 x 800 with Lined Designe | £969.22 | heating/radiators
2026-08-05 19:14:02,044 INFO  scraper.vendor:   NEW Keynsham Type 22 Panel Radiator 600 x 600 with Lined Designe | £812.18 | heating/radiators
2026-08-05 19:14:04,249 INFO  scraper.vendor:   NEW Wendover Straight Multirail 1200 x 500 Brushed Gunmetal | £335.0 | heating/towel-rails
2026-08-05 19:14:06,858 INFO  scraper.vendor:   NEW Wendover Straight Multirail 1200 x 400 Brushed Gunmetal | £321.0 | heating/towel-rails
2026-08-05 19:14:08,984 INFO  scraper.vendor:   NEW Wendover Straight Multirail 800 x 600 Brushed Gunmetal | £244.0 | heating/towel-rails
2026-08-05 19:14:11,420 INFO  scraper.vendor:   NEW Wendover Straight Multirail 800 x 500 Brushed Gunmetal | £234.0 | heating/towel-rails
2026-08-05 19:14:13,688 INFO  scraper.vendor:   NEW Wendover Straight Multirail 800 x 400 Brushed Gunmetal | £221.0 | heating/towel-rails
2026-08-05 19:14:15,566 INFO  scraper.vendor:   NEW Wendover Straight Multirail 1800 x 600 - Black Gold | £431.0 | heating/towel-rails
2026-08-05 19:14:17,832 INFO  scraper.vendor:   NEW Wendover Straight Multirail 1800 x 500 Black Gold | £412.0 | heating/towel-rails
2026-08-05 19:14:20,109 INFO  scraper.vendor:   NEW Wendover Straight Multirail 1800 x 400 Black Gold | £402.0 | heating/towel-rails
2026-08-05 19:14:22,368 INFO  scraper.vendor:   NEW Wendover Straight Multirail 1200 x 600 Black Gold | £294.0 | heating/towel-rails
2026-08-05 19:14:25,042 INFO  scraper.vendor:   NEW Wendover Straight Multirail 1800 x 600 Brushed Gunmetal | £513.0 | heating/towel-rails
2026-08-05 19:14:27,489 INFO  scraper.vendor:   NEW Wendover Straight Multirail 1800 x 500 Brushed Gunmetal | £492.0 | heating/towel-rails
2026-08-05 19:14:29,412 INFO  scraper.vendor:   NEW Crossland  1200 x 900mm Right Hand (RH) Offset Quad Shower T | £360.0 | showering/shower-trays
2026-08-05 19:14:31,397 INFO  scraper.vendor:   NEW Crossland  1200 x 900mm Right Hand (RH) Offset Quad Shower T | £360.0 | showering/shower-trays
2026-08-05 19:14:33,774 INFO  scraper.vendor:   NEW Crossland  1200 x 900mm Left Hand (LH) Offset Quad Shower Tr | £360.0 | showering/shower-trays
2026-08-05 19:14:35,869 INFO  scraper.vendor:   NEW Crossland  1200 x 900mm Left Hand (LH) Offset Quad Shower Tr | £360.0 | showering/shower-trays
2026-08-05 19:14:37,767 INFO  scraper.vendor:   NEW Crossland  1200 x 900mm Left Hand (LH) Offset Quad Shower Tr | £360.0 | showering/shower-trays
2026-08-05 19:14:40,100 INFO  scraper.vendor:   NEW Crossland  900x900mm Quad Shower Tray with Slate Finish - Wh | £310.0 | showering/shower-trays
2026-08-05 19:14:42,324 INFO  scraper.vendor:   NEW Crossland  900x900mm Quad Shower Tray with Slate Finish  - G | £310.0 | showering/shower-trays
2026-08-05 19:14:44,301 INFO  scraper.vendor:   NEW Radcot 1650 x 750 x 590mm (450mm Depth) Right Hand (RH) Bath | £1259.0 | baths/freestanding
2026-08-05 19:14:46,281 INFO  scraper.vendor:   NEW Crossland  900x900mm Quad Shower Tray with Slate  Finish - B | £310.0 | showering/shower-trays
2026-08-05 19:14:48,592 INFO  scraper.vendor:   NEW Crossland  800x800mm Quad Shower Tray with Slate Finsih - Wh | £289.0 | showering/shower-trays
2026-08-05 19:14:50,971 INFO  scraper.vendor:   NEW Radcot 1650 x 750 x 590mm (450mm Depth) Left Hand (LH) Bath  | £1259.0 | baths/freestanding
2026-08-05 19:14:52,763 INFO  scraper.vendor:   NEW Crossland  800x800mm Quad Shower Tray with Slate Finish  - G | £289.0 | showering/shower-trays
2026-08-05 19:14:54,817 INFO  scraper.vendor:   NEW Crossland  800x800mm Quad Shower Tray with Slate Finish  - B | £289.0 | showering/shower-trays
2026-08-05 19:14:57,059 INFO  scraper.vendor:   NEW Crossland  1700 x 900mm Rectangular  Shower Tray with Slate  | £568.0 | showering/shower-trays
2026-08-05 19:14:59,036 INFO  scraper.vendor:   NEW Crossland  1700 x 90mm Rectangular Shower tray with Slate Fi | £568.0 | showering/shower-trays
2026-08-05 19:15:01,174 INFO  scraper.vendor:   NEW Crossland  1700 x 900mm Rectangular Shower tray with Slate F | £568.0 | showering/shower-trays
2026-08-05 19:15:03,201 INFO  scraper.vendor:   NEW Crossland  1700 x 800mm Rectangular Shower Tray with Slate F | £556.0 | showering/shower-trays
2026-08-05 19:15:05,001 INFO  scraper.vendor:   NEW Crossland  1700 x 800mm Rectangular Shower tray with Slate F | £556.0 | showering/shower-trays
2026-08-05 19:15:06,952 INFO  scraper.vendor:   NEW Crossland  1700 x 800mm Rectangular Shower tray with Slate F | £556.0 | showering/shower-trays
2026-08-05 19:15:09,037 INFO  scraper.vendor:   NEW Crossland  1700 x 700mm Rectangular Shower Tray with Slate F | £544.0 | showering/shower-trays
2026-08-05 19:15:10,961 INFO  scraper.vendor:   NEW Crossland  1700 x 700mm Rectangular Shower tray with Slate F | £544.0 | showering/shower-trays
2026-08-05 19:15:12,542 INFO  scraper.vendor:   NEW Crossland  1700 x 700mm Rectangular Shower tray with Slate F | £544.0 | showering/shower-trays
2026-08-05 19:15:14,665 INFO  scraper.vendor:   NEW Crossland  1200 x 900mm Right Hand (RH) Offset Quad Shower T | £360.0 | showering/shower-trays
2026-08-05 19:15:16,462 INFO  scraper.vendor:   NEW Crossland  1600 x 900mm Rectangular Shower Tray with Slate F | £541.0 | showering/shower-trays
2026-08-05 19:15:18,162 INFO  scraper.vendor:   NEW Crossland  1600 x 900mm Rectangular Shower tray with Slate F | £541.0 | showering/shower-trays
2026-08-05 19:15:20,133 INFO  scraper.vendor:   NEW Crossland  1600 x 900mm Rectangular Shower tray with Slate F | £541.0 | showering/shower-trays
2026-08-05 19:15:22,417 INFO  scraper.vendor:   NEW Crossland  1600 x 800mm Rectangular Shower Tray with Slate F | £535.0 | showering/shower-trays
2026-08-05 19:15:24,165 INFO  scraper.vendor:   NEW Corniche 2000 8mm Soft Close Walk in 1600 Slider RH  Brushed | £528.0 | showering/shower-enclosures
2026-08-05 19:15:25,876 INFO  scraper.vendor:   NEW Corniche 2000 8mm Soft Close Walk in 1400 Slider RH  Brushed | £500.0 | showering/shower-enclosures
2026-08-05 19:15:27,733 ERROR scraper.vendor: [eastbrook] error on https://www.eastbrooktrade.com/sliding-shower-doors/corniche-2000-8mm-easy-clean-2000mm-x-1200mm-soft-close-walk-in-slider-right-hand-rh-shower-door-brushed-brass
Traceback (most recent call last):
  File "C:\Users\Eamon\Desktop\bathroom-3d\apps\api\.venv\Lib\site-packages\sqlalchemy\engine\base.py", line 1969, in _exec_single_context
    self.dialect.do_execute(
  File "C:\Users\Eamon\Desktop\bathroom-3d\apps\api\.venv\Lib\site-packages\sqlalchemy\engine\default.py", line 952, in do_execute
    cursor.execute(statement, parameters)
psycopg2.errors.StringDataRightTruncation: value too long for type character varying(100)


The above exception was the direct cause of the following exception:

Traceback (most recent call last):
  File "C:\Users\Eamon\Desktop\bathroom-3d\packages\scraper\vendors\base.py", line 207, in _process_product
    self._persist(product, cat_key, db, retailer_id)
  File "C:\Users\Eamon\Desktop\bathroom-3d\packages\scraper\vendors\base.py", line 281, in _persist
    result = dbapi.upsert_product(db, row, retailer_id)
             ^^^^^^^^^^^^^^^^^^^^^^^^^^^^^^^^^^^^^^^^^^
  File "C:\Users\Eamon\Desktop\bathroom-3d\packages\scraper\shared\db.py", line 128, in upsert_product
    db.flush()
  File "C:\Users\Eamon\Desktop\bathroom-3d\apps\api\.venv\Lib\site-packages\sqlalchemy\orm\session.py", line 4353, in flush
    self._flush(objects)
  File "C:\Users\Eamon\Desktop\bathroom-3d\apps\api\.venv\Lib\site-packages\sqlalchemy\orm\session.py", line 4488, in _flush
    with util.safe_reraise():
  File "C:\Users\Eamon\Desktop\bathroom-3d\apps\api\.venv\Lib\site-packages\sqlalchemy\util\langhelpers.py", line 122, in __exit__
    raise exc_value.with_traceback(exc_tb)
  File "C:\Users\Eamon\Desktop\bathroom-3d\apps\api\.venv\Lib\site-packages\sqlalchemy\orm\session.py", line 4449, in _flush
    flush_context.execute()
  File "C:\Users\Eamon\Desktop\bathroom-3d\apps\api\.venv\Lib\site-packages\sqlalchemy\orm\unitofwork.py", line 465, in execute
    rec.execute(self)
  File "C:\Users\Eamon\Desktop\bathroom-3d\apps\api\.venv\Lib\site-packages\sqlalchemy\orm\unitofwork.py", line 641, in execute
    util.preloaded.orm_persistence.save_obj(
  File "C:\Users\Eamon\Desktop\bathroom-3d\apps\api\.venv\Lib\site-packages\sqlalchemy\orm\persistence.py", line 94, in save_obj
    _emit_insert_statements(
  File "C:\Users\Eamon\Desktop\bathroom-3d\apps\api\.venv\Lib\site-packages\sqlalchemy\orm\persistence.py", line 1234, in _emit_insert_statements
    result = connection.execute(
             ^^^^^^^^^^^^^^^^^^^
  File "C:\Users\Eamon\Desktop\bathroom-3d\apps\api\.venv\Lib\site-packages\sqlalchemy\engine\base.py", line 1421, in execute
    return meth(
           ^^^^^
  File "C:\Users\Eamon\Desktop\bathroom-3d\apps\api\.venv\Lib\site-packages\sqlalchemy\sql\elements.py", line 526, in _execute_on_connection
    return connection._execute_clauseelement(
           ^^^^^^^^^^^^^^^^^^^^^^^^^^^^^^^^^^
  File "C:\Users\Eamon\Desktop\bathroom-3d\apps\api\.venv\Lib\site-packages\sqlalchemy\engine\base.py", line 1643, in _execute_clauseelement
    ret = self._execute_context(
          ^^^^^^^^^^^^^^^^^^^^^^
  File "C:\Users\Eamon\Desktop\bathroom-3d\apps\api\.venv\Lib\site-packages\sqlalchemy\engine\base.py", line 1848, in _execute_context
    return self._exec_single_context(
           ^^^^^^^^^^^^^^^^^^^^^^^^^^
  File "C:\Users\Eamon\Desktop\bathroom-3d\apps\api\.venv\Lib\site-packages\sqlalchemy\engine\base.py", line 1988, in _exec_single_context
    self._handle_dbapi_exception(
  File "C:\Users\Eamon\Desktop\bathroom-3d\apps\api\.venv\Lib\site-packages\sqlalchemy\engine\base.py", line 2365, in _handle_dbapi_exception
    raise sqlalchemy_exception.with_traceback(exc_info[2]) from e
  File "C:\Users\Eamon\Desktop\bathroom-3d\apps\api\.venv\Lib\site-packages\sqlalchemy\engine\base.py", line 1969, in _exec_single_context
    self.dialect.do_execute(
  File "C:\Users\Eamon\Desktop\bathroom-3d\apps\api\.venv\Lib\site-packages\sqlalchemy\engine\default.py", line 952, in do_execute
    cursor.execute(statement, parameters)
sqlalchemy.exc.DataError: (psycopg2.errors.StringDataRightTruncation) value too long for type character varying(100)

[SQL: INSERT INTO products (retailer_id, retailer_sku, retailer_url, name, brand, category_id, category, description, price_gbp, price_note, price_is_from, width_mm, height_mm, depth_mm, diameter_mm, weight_kg, dimensions_confidence, placeholder_kind, finishes, colours, sizes, variant_data, model_url, model_status, model_method, model_polygons, model_file_kb, needs_model_update, main_image_url, thumbnail_url, active, in_stock, first_scraped_at, last_scraped_at, created_at, updated_at) VALUES (%(retailer_id)s, %(retailer_sku)s, %(retailer_url)s, %(name)s, %(brand)s, %(category_id)s, %(category)s, %(description)s, %(price_gbp)s, %(price_note)s, %(price_is_from)s, %(width_mm)s, %(height_mm)s, %(depth_mm)s, %(diameter_mm)s, %(weight_kg)s, %(dimensions_confidence)s, %(placeholder_kind)s, %(finishes)s::JSONB, %(colours)s::JSONB, %(sizes)s::JSONB, %(variant_data)s::JSONB, %(model_url)s, %(model_status)s, %(model_method)s, %(model_polygons)s, %(model_file_kb)s, %(needs_model_update)s, %(main_image_url)s, %(thumbnail_url)s, %(active)s, %(in_stock)s, %(first_scraped_at)s, %(last_scraped_at)s, %(created_at)s, %(updated_at)s) RETURNING products.id]
[parameters: {'retailer_id': 11, 'retailer_sku': 'corniche-2000-8mm-easy-clean-2000mm-x-1200mm-soft-close-walk-in-slider-right-hand-rh-shower-door-brushed-brass', 'retailer_url': 'https://www.eastbrooktrade.com/sliding-shower-doors/corniche-2000-8mm-easy-clean-2000mm-x-1200mm-soft-close-walk-in-slider-right-hand-rh-shower-door-brushed-brass', 'name': 'Corniche 2000 8mm Easy Clean 2000mm x 1200mm Soft Close Walk in  Slider Right Hand (RH) Shower Door -Brushed Brass', 'brand': 'EastBrook', 'category_id': 54, 'category': 'showering/shower-enclosures', 'description': None, 'price_gbp': 473.0, 'price_note': None, 'price_is_from': False, 'width_mm': None, 'height_mm': None, 'depth_mm': None, 'diameter_mm': None, 'weight_kg': None, 'dimensions_confidence': 'medium', 'placeholder_kind': 'generic_shape', 'finishes': '[]', 'colours': '[]', 'sizes': '[]', 'variant_data': '{}', 'model_url': None, 'model_status': 'pending', 'model_method': None, 'model_polygons': None, 'model_file_kb': None, 'needs_model_update': False, 'main_image_url': '/products/eastbrook/corniche-2000-8mm-easy-clean-2000mm-x-1200mm-soft-close-walk-in-slider-right-hand-rh-shower-door-brushed-brass/img_00.webp', 'thumbnail_url': '/products/eastbrook/corniche-2000-8mm-easy-clean-2000mm-x-1200mm-soft-close-walk-in-slider-right-hand-rh-shower-door-brushed-brass/img_00_thumb.webp', 'active': True, 'in_stock': None, 'first_scraped_at': datetime.datetime(2026, 8, 5, 18, 15, 27, 731982, tzinfo=datetime.timezone.utc), 'last_scraped_at': datetime.datetime(2026, 8, 5, 18, 15, 27, 731982, tzinfo=datetime.timezone.utc), 'created_at': datetime.datetime(2026, 8, 5, 18, 15, 27, 731982, tzinfo=datetime.timezone.utc), 'updated_at': datetime.datetime(2026, 8, 5, 18, 15, 27, 731982, tzinfo=datetime.timezone.utc)}]
(Background on this error at: https://sqlalche.me/e/20/9h9h)
2026-08-05 19:15:29,699 ERROR scraper.vendor: [eastbrook] error on https://www.eastbrooktrade.com/sliding-shower-doors/corniche-2000-8mm-soft-close-walk-in-1600-slider-lh-brushed-brass
Traceback (most recent call last):
  File "C:\Users\Eamon\Desktop\bathroom-3d\packages\scraper\vendors\base.py", line 207, in _process_product
    self._persist(product, cat_key, db, retailer_id)
  File "C:\Users\Eamon\Desktop\bathroom-3d\packages\scraper\vendors\base.py", line 281, in _persist
    result = dbapi.upsert_product(db, row, retailer_id)
             ^^^^^^^^^^^^^^^^^^^^^^^^^^^^^^^^^^^^^^^^^^
  File "C:\Users\Eamon\Desktop\bathroom-3d\packages\scraper\shared\db.py", line 82, in upsert_product
    existing = db.scalar(
               ^^^^^^^^^^
  File "C:\Users\Eamon\Desktop\bathroom-3d\apps\api\.venv\Lib\site-packages\sqlalchemy\orm\session.py", line 2421, in scalar
    return self._execute_internal(
           ^^^^^^^^^^^^^^^^^^^^^^^
  File "C:\Users\Eamon\Desktop\bathroom-3d\apps\api\.venv\Lib\site-packages\sqlalchemy\orm\session.py", line 2261, in _execute_internal
    conn = self._connection_for_bind(bind)
           ^^^^^^^^^^^^^^^^^^^^^^^^^^^^^^^
  File "C:\Users\Eamon\Desktop\bathroom-3d\apps\api\.venv\Lib\site-packages\sqlalchemy\orm\session.py", line 2113, in _connection_for_bind
    return trans._connection_for_bind(engine, execution_options)
           ^^^^^^^^^^^^^^^^^^^^^^^^^^^^^^^^^^^^^^^^^^^^^^^^^^^^^
  File "<string>", line 2, in _connection_for_bind
  File "C:\Users\Eamon\Desktop\bathroom-3d\apps\api\.venv\Lib\site-packages\sqlalchemy\orm\state_changes.py", line 101, in _go
    self._raise_for_prerequisite_state(fn.__name__, current_state)
  File "C:\Users\Eamon\Desktop\bathroom-3d\apps\api\.venv\Lib\site-packages\sqlalchemy\orm\session.py", line 975, in _raise_for_prerequisite_state
    raise sa_exc.PendingRollbackError(
sqlalchemy.exc.PendingRollbackError: This Session's transaction has been rolled back due to a previous exception during flush. To begin a new transaction with this Session, first issue Session.rollback(). Original exception was: (psycopg2.errors.StringDataRightTruncation) value too long for type character varying(100)

[SQL: INSERT INTO products (retailer_id, retailer_sku, retailer_url, name, brand, category_id, category, description, price_gbp, price_note, price_is_from, width_mm, height_mm, depth_mm, diameter_mm, weight_kg, dimensions_confidence, placeholder_kind, finishes, colours, sizes, variant_data, model_url, model_status, model_method, model_polygons, model_file_kb, needs_model_update, main_image_url, thumbnail_url, active, in_stock, first_scraped_at, last_scraped_at, created_at, updated_at) VALUES (%(retailer_id)s, %(retailer_sku)s, %(retailer_url)s, %(name)s, %(brand)s, %(category_id)s, %(category)s, %(description)s, %(price_gbp)s, %(price_note)s, %(price_is_from)s, %(width_mm)s, %(height_mm)s, %(depth_mm)s, %(diameter_mm)s, %(weight_kg)s, %(dimensions_confidence)s, %(placeholder_kind)s, %(finishes)s::JSONB, %(colours)s::JSONB, %(sizes)s::JSONB, %(variant_data)s::JSONB, %(model_url)s, %(model_status)s, %(model_method)s, %(model_polygons)s, %(model_file_kb)s, %(needs_model_update)s, %(main_image_url)s, %(thumbnail_url)s, %(active)s, %(in_stock)s, %(first_scraped_at)s, %(last_scraped_at)s, %(created_at)s, %(updated_at)s) RETURNING products.id]
[parameters: {'retailer_id': 11, 'retailer_sku': 'corniche-2000-8mm-easy-clean-2000mm-x-1200mm-soft-close-walk-in-slider-right-hand-rh-shower-door-brushed-brass', 'retailer_url': 'https://www.eastbrooktrade.com/sliding-shower-doors/corniche-2000-8mm-easy-clean-2000mm-x-1200mm-soft-close-walk-in-slider-right-hand-rh-shower-door-brushed-brass', 'name': 'Corniche 2000 8mm Easy Clean 2000mm x 1200mm Soft Close Walk in  Slider Right Hand (RH) Shower Door -Brushed Brass', 'brand': 'EastBrook', 'category_id': 54, 'category': 'showering/shower-enclosures', 'description': None, 'price_gbp': 473.0, 'price_note': None, 'price_is_from': False, 'width_mm': None, 'height_mm': None, 'depth_mm': None, 'diameter_mm': None, 'weight_kg': None, 'dimensions_confidence': 'medium', 'placeholder_kind': 'generic_shape', 'finishes': '[]', 'colours': '[]', 'sizes': '[]', 'variant_data': '{}', 'model_url': None, 'model_status': 'pending', 'model_method': None, 'model_polygons': None, 'model_file_kb': None, 'needs_model_update': False, 'main_image_url': '/products/eastbrook/corniche-2000-8mm-easy-clean-2000mm-x-1200mm-soft-close-walk-in-slider-right-hand-rh-shower-door-brushed-brass/img_00.webp', 'thumbnail_url': '/products/eastbrook/corniche-2000-8mm-easy-clean-2000mm-x-1200mm-soft-close-walk-in-slider-right-hand-rh-shower-door-brushed-brass/img_00_thumb.webp', 'active': True, 'in_stock': None, 'first_scraped_at': datetime.datetime(2026, 8, 5, 18, 15, 27, 731982, tzinfo=datetime.timezone.utc), 'last_scraped_at': datetime.datetime(2026, 8, 5, 18, 15, 27, 731982, tzinfo=datetime.timezone.utc), 'created_at': datetime.datetime(2026, 8, 5, 18, 15, 27, 731982, tzinfo=datetime.timezone.utc), 'updated_at': datetime.datetime(2026, 8, 5, 18, 15, 27, 731982, tzinfo=datetime.timezone.utc)}]
(Background on this error at: https://sqlalche.me/e/20/9h9h) (Background on this error at: https://sqlalche.me/e/20/7s2a)
2026-08-05 19:15:31,606 ERROR scraper.vendor: [eastbrook] error on https://www.eastbrooktrade.com/sliding-shower-doors/corniche-2000-8mm-soft-close-walk-in-1400-slider-lh-brushed-brass
Traceback (most recent call last):
  File "C:\Users\Eamon\Desktop\bathroom-3d\packages\scraper\vendors\base.py", line 207, in _process_product
    self._persist(product, cat_key, db, retailer_id)
  File "C:\Users\Eamon\Desktop\bathroom-3d\packages\scraper\vendors\base.py", line 281, in _persist
    result = dbapi.upsert_product(db, row, retailer_id)
             ^^^^^^^^^^^^^^^^^^^^^^^^^^^^^^^^^^^^^^^^^^
  File "C:\Users\Eamon\Desktop\bathroom-3d\packages\scraper\shared\db.py", line 82, in upsert_product
    existing = db.scalar(
               ^^^^^^^^^^
  File "C:\Users\Eamon\Desktop\bathroom-3d\apps\api\.venv\Lib\site-packages\sqlalchemy\orm\session.py", line 2421, in scalar
    return self._execute_internal(
           ^^^^^^^^^^^^^^^^^^^^^^^
  File "C:\Users\Eamon\Desktop\bathroom-3d\apps\api\.venv\Lib\site-packages\sqlalchemy\orm\session.py", line 2261, in _execute_internal
    conn = self._connection_for_bind(bind)
           ^^^^^^^^^^^^^^^^^^^^^^^^^^^^^^^
  File "C:\Users\Eamon\Desktop\bathroom-3d\apps\api\.venv\Lib\site-packages\sqlalchemy\orm\session.py", line 2113, in _connection_for_bind
    return trans._connection_for_bind(engine, execution_options)
           ^^^^^^^^^^^^^^^^^^^^^^^^^^^^^^^^^^^^^^^^^^^^^^^^^^^^^
  File "<string>", line 2, in _connection_for_bind
  File "C:\Users\Eamon\Desktop\bathroom-3d\apps\api\.venv\Lib\site-packages\sqlalchemy\orm\state_changes.py", line 101, in _go
    self._raise_for_prerequisite_state(fn.__name__, current_state)
  File "C:\Users\Eamon\Desktop\bathroom-3d\apps\api\.venv\Lib\site-packages\sqlalchemy\orm\session.py", line 975, in _raise_for_prerequisite_state
    raise sa_exc.PendingRollbackError(
sqlalchemy.exc.PendingRollbackError: This Session's transaction has been rolled back due to a previous exception during flush. To begin a new transaction with this Session, first issue Session.rollback(). Original exception was: (psycopg2.errors.StringDataRightTruncation) value too long for type character varying(100)

[SQL: INSERT INTO products (retailer_id, retailer_sku, retailer_url, name, brand, category_id, category, description, price_gbp, price_note, price_is_from, width_mm, height_mm, depth_mm, diameter_mm, weight_kg, dimensions_confidence, placeholder_kind, finishes, colours, sizes, variant_data, model_url, model_status, model_method, model_polygons, model_file_kb, needs_model_update, main_image_url, thumbnail_url, active, in_stock, first_scraped_at, last_scraped_at, created_at, updated_at) VALUES (%(retailer_id)s, %(retailer_sku)s, %(retailer_url)s, %(name)s, %(brand)s, %(category_id)s, %(category)s, %(description)s, %(price_gbp)s, %(price_note)s, %(price_is_from)s, %(width_mm)s, %(height_mm)s, %(depth_mm)s, %(diameter_mm)s, %(weight_kg)s, %(dimensions_confidence)s, %(placeholder_kind)s, %(finishes)s::JSONB, %(colours)s::JSONB, %(sizes)s::JSONB, %(variant_data)s::JSONB, %(model_url)s, %(model_status)s, %(model_method)s, %(model_polygons)s, %(model_file_kb)s, %(needs_model_update)s, %(main_image_url)s, %(thumbnail_url)s, %(active)s, %(in_stock)s, %(first_scraped_at)s, %(last_scraped_at)s, %(created_at)s, %(updated_at)s) RETURNING products.id]
[parameters: {'retailer_id': 11, 'retailer_sku': 'corniche-2000-8mm-easy-clean-2000mm-x-1200mm-soft-close-walk-in-slider-right-hand-rh-shower-door-brushed-brass', 'retailer_url': 'https://www.eastbrooktrade.com/sliding-shower-doors/corniche-2000-8mm-easy-clean-2000mm-x-1200mm-soft-close-walk-in-slider-right-hand-rh-shower-door-brushed-brass', 'name': 'Corniche 2000 8mm Easy Clean 2000mm x 1200mm Soft Close Walk in  Slider Right Hand (RH) Shower Door -Brushed Brass', 'brand': 'EastBrook', 'category_id': 54, 'category': 'showering/shower-enclosures', 'description': None, 'price_gbp': 473.0, 'price_note': None, 'price_is_from': False, 'width_mm': None, 'height_mm': None, 'depth_mm': None, 'diameter_mm': None, 'weight_kg': None, 'dimensions_confidence': 'medium', 'placeholder_kind': 'generic_shape', 'finishes': '[]', 'colours': '[]', 'sizes': '[]', 'variant_data': '{}', 'model_url': None, 'model_status': 'pending', 'model_method': None, 'model_polygons': None, 'model_file_kb': None, 'needs_model_update': False, 'main_image_url': '/products/eastbrook/corniche-2000-8mm-easy-clean-2000mm-x-1200mm-soft-close-walk-in-slider-right-hand-rh-shower-door-brushed-brass/img_00.webp', 'thumbnail_url': '/products/eastbrook/corniche-2000-8mm-easy-clean-2000mm-x-1200mm-soft-close-walk-in-slider-right-hand-rh-shower-door-brushed-brass/img_00_thumb.webp', 'active': True, 'in_stock': None, 'first_scraped_at': datetime.datetime(2026, 8, 5, 18, 15, 27, 731982, tzinfo=datetime.timezone.utc), 'last_scraped_at': datetime.datetime(2026, 8, 5, 18, 15, 27, 731982, tzinfo=datetime.timezone.utc), 'created_at': datetime.datetime(2026, 8, 5, 18, 15, 27, 731982, tzinfo=datetime.timezone.utc), 'updated_at': datetime.datetime(2026, 8, 5, 18, 15, 27, 731982, tzinfo=datetime.timezone.utc)}]
(Background on this error at: https://sqlalche.me/e/20/9h9h) (Background on this error at: https://sqlalche.me/e/20/7s2a)

[ERROR] eastbrook: This Session's transaction has been rolled back due to a previous exception during flush. To begin a new transaction with this Session, first issue Session.rollback(). Original exception was: (psycopg2.errors.StringDataRightTruncation) value too long for type character varying(100)

[SQL: INSERT INTO products (retailer_id, retailer_sku, retailer_url, name, brand, category_id, category, description, price_gbp, price_note, price_is_from, width_mm, height_mm, depth_mm, diameter_mm, weight_kg, dimensions_confidence, placeholder_kind, finishes, colours, sizes, variant_data, model_url, model_status, model_method, model_polygons, model_file_kb, needs_model_update, main_image_url, thumbnail_url, active, in_stock, first_scraped_at, last_scraped_at, created_at, updated_at) VALUES (%(retailer_id)s, %(retailer_sku)s, %(retailer_url)s, %(name)s, %(brand)s, %(category_id)s, %(category)s, %(description)s, %(price_gbp)s, %(price_note)s, %(price_is_from)s, %(width_mm)s, %(height_mm)s, %(depth_mm)s, %(diameter_mm)s, %(weight_kg)s, %(dimensions_confidence)s, %(placeholder_kind)s, %(finishes)s::JSONB, %(colours)s::JSONB, %(sizes)s::JSONB, %(variant_data)s::JSONB, %(model_url)s, %(model_status)s, %(model_method)s, %(model_polygons)s, %(model_file_kb)s, %(needs_model_update)s, %(main_image_url)s, %(thumbnail_url)s, %(active)s, %(in_stock)s, %(first_scraped_at)s, %(last_scraped_at)s, %(created_at)s, %(updated_at)s) RETURNING products.id]
[parameters: {'retailer_id': 11, 'retailer_sku': 'corniche-2000-8mm-easy-clean-2000mm-x-1200mm-soft-close-walk-in-slider-right-hand-rh-shower-door-brushed-brass', 'retailer_url': 'https://www.eastbrooktrade.com/sliding-shower-doors/corniche-2000-8mm-easy-clean-2000mm-x-1200mm-soft-close-walk-in-slider-right-hand-rh-shower-door-brushed-brass', 'name': 'Corniche 2000 8mm Easy Clean 2000mm x 1200mm Soft Close Walk in  Slider Right Hand (RH) Shower Door -Brushed Brass', 'brand': 'EastBrook', 'category_id': 54, 'category': 'showering/shower-enclosures', 'description': None, 'price_gbp': 473.0, 'price_note': None, 'price_is_from': False, 'width_mm': None, 'height_mm': None, 'depth_mm': None, 'diameter_mm': None, 'weight_kg': None, 'dimensions_confidence': 'medium', 'placeholder_kind': 'generic_shape', 'finishes': '[]', 'colours': '[]', 'sizes': '[]', 'variant_data': '{}', 'model_url': None, 'model_status': 'pending', 'model_method': None, 'model_polygons': None, 'model_file_kb': None, 'needs_model_update': False, 'main_image_url': '/products/eastbrook/corniche-2000-8mm-easy-clean-2000mm-x-1200mm-soft-close-walk-in-slider-right-hand-rh-shower-door-brushed-brass/img_00.webp', 'thumbnail_url': '/products/eastbrook/corniche-2000-8mm-easy-clean-2000mm-x-1200mm-soft-close-walk-in-slider-right-hand-rh-shower-door-brushed-brass/img_00_thumb.webp', 'active': True, 'in_stock': None, 'first_scraped_at': datetime.datetime(2026, 8, 5, 18, 15, 27, 731982, tzinfo=datetime.timezone.utc), 'last_scraped_at': datetime.datetime(2026, 8, 5, 18, 15, 27, 731982, tzinfo=datetime.timezone.utc), 'created_at': datetime.datetime(2026, 8, 5, 18, 15, 27, 731982, tzinfo=datetime.timezone.utc), 'updated_at': datetime.datetime(2026, 8, 5, 18, 15, 27, 731982, tzinfo=datetime.timezone.utc)}]
(Background on this error at: https://sqlalche.me/e/20/9h9h) (Background on this error at: https://sqlalche.me/e/20/7s2a)

=== Summary ===
  eastbrook: {'error': "This Session's transaction has been rolled back due to a previous exception during flush. To begin a new transaction with this Session, first issue Session.rollback(). Original exception was: (psycopg2.errors.StringDataRightTruncation) value too long for type character varying(100)\n\n[SQL: INSERT INTO products (retailer_id, retailer_sku, retailer_url, name, brand, category_id, category, description, price_gbp, price_note, price_is_from, width_mm, height_mm, depth_mm, diameter_mm, weight_kg, dimensions_confidence, placeholder_kind, finishes, colours, sizes, variant_data, model_url, model_status, model_method, model_polygons, model_file_kb, needs_model_update, main_image_url, thumbnail_url, active, in_stock, first_scraped_at, last_scraped_at, created_at, updated_at) VALUES (%(retailer_id)s, %(retailer_sku)s, %(retailer_url)s, %(name)s, %(brand)s, %(category_id)s, %(category)s, %(description)s, %(price_gbp)s, %(price_note)s, %(price_is_from)s, %(width_mm)s, %(height_mm)s, %(depth_mm)s, %(diameter_mm)s, %(weight_kg)s, %(dimensions_confidence)s, %(placeholder_kind)s, %(finishes)s::JSONB, %(colours)s::JSONB, %(sizes)s::JSONB, %(variant_data)s::JSONB, %(model_url)s, %(model_status)s, %(model_method)s, %(model_polygons)s, %(model_file_kb)s, %(needs_model_update)s, %(main_image_url)s, %(thumbnail_url)s, %(active)s, %(in_stock)s, %(first_scraped_at)s, %(last_scraped_at)s, %(created_at)s, %(updated_at)s) RETURNING products.id]\n[parameters: {'retailer_id': 11, 'retailer_sku': 'corniche-2000-8mm-easy-clean-2000mm-x-1200mm-soft-close-walk-in-slider-right-hand-rh-shower-door-brushed-brass', 'retailer_url': 'https://www.eastbrooktrade.com/sliding-shower-doors/corniche-2000-8mm-easy-clean-2000mm-x-1200mm-soft-close-walk-in-slider-right-hand-rh-shower-door-brushed-brass', 'name': 'Corniche 2000 8mm Easy Clean 2000mm x 1200mm Soft Close Walk in  Slider Right Hand (RH) Shower Door -Brushed Brass', 'brand': 'EastBrook', 'category_id': 54, 'category': 'showering/shower-enclosures', 'description': None, 'price_gbp': 473.0, 'price_note': None, 'price_is_from': False, 'width_mm': None, 'height_mm': None, 'depth_mm': None, 'diameter_mm': None, 'weight_kg': None, 'dimensions_confidence': 'medium', 'placeholder_kind': 'generic_shape', 'finishes': '[]', 'colours': '[]', 'sizes': '[]', 'variant_data': '{}', 'model_url': None, 'model_status': 'pending', 'model_method': None, 'model_polygons': None, 'model_file_kb': None, 'needs_model_update': False, 'main_image_url': '/products/eastbrook/corniche-2000-8mm-easy-clean-2000mm-x-1200mm-soft-close-walk-in-slider-right-hand-rh-shower-door-brushed-brass/img_00.webp', 'thumbnail_url': '/products/eastbrook/corniche-2000-8mm-easy-clean-2000mm-x-1200mm-soft-close-walk-in-slider-right-hand-rh-shower-door-brushed-brass/img_00_thumb.webp', 'active': True, 'in_stock': None, 'first_scraped_at': datetime.datetime(2026, 8, 5, 18, 15, 27, 731982, tzinfo=datetime.timezone.utc), 'last_scraped_at': datetime.datetime(2026, 8, 5, 18, 15, 27, 731982, tzinfo=datetime.timezone.utc), 'created_at': datetime.datetime(2026, 8, 5, 18, 15, 27, 731982, tzinfo=datetime.timezone.utc), 'updated_at': datetime.datetime(2026, 8, 5, 18, 15, 27, 731982, tzinfo=datetime.timezone.utc)}]\n(Background on this error at: https://sqlalche.me/e/20/9h9h) (Background on this error at: https://sqlalche.me/e/20/7s2a)"}
