Found 2000 pending; 2000 have a generator slot.

[7530] Tunstall V Towel Hanger 280mm Matt Anthracite -> shelf
  ✓ model_7530.glb (18 polys)

[7531] Tunstall V Towel Hanger 280mm Matt White -> shelf
  ✓ model_7531.glb (18 polys)

[7532] Multirail Straight Towel Hanger 750mm Chrome -> towel-rail
  ✓ model_7532.glb (408 polys)

[7533] Multirail Straight Towel Hanger 750mm Gloss White -> towel-rail
  ✓ model_7533.glb (408 polys)

[7534] Multirail Straight Towel Hanger 600mm Matt White -> towel-rail
  ✓ model_7534.glb (408 polys)

[7535] Multirail Straight Towel Hanger 600mm Gloss White -> towel-rail
  ✓ model_7535.glb (408 polys)

[7536] Multirail Straight Towel Hanger 500mm Chrome -> towel-rail
  ✓ model_7536.glb (408 polys)

[7537] Multirail Straight Towel Hanger 500mm Matt Anthracite -> towel-rail
  ✓ model_7537.glb (408 polys)

[7538] Multirail Straight Towel Hanger 500mm Matt White -> towel-rail
  ✓ model_7538.glb (408 polys)

[7539] Multirail Straight Towel Hanger 450mm Chrome -> towel-rail
  ✓ model_7539.glb (408 polys)

[7540] Multirail Straight Towel Hanger 450mm Gloss White -> towel-rail
  ✓ model_7540.glb (408 polys)

[7541] Multirail Straight Towel Hanger 400mm Matt White -> towel-rail
  ✓ model_7541.glb (408 polys)

[7542] Tunstall V Towel Hanger 420mm Matt Black -> shelf
  ✓ model_7542.glb (18 polys)

[7543] Multirail Straight Towel Hanger 400mm Gloss White -> towel-rail
  ✓ model_7543.glb (408 polys)

[7544] Tunstall V Towel Hanger 420mm Matt Anthracite -> shelf
  ✓ model_7544.glb (18 polys)

[7545] Tunstall V Towel Hanger 420mm Matt White -> shelf
  ✓ model_7545.glb (18 polys)

[7546] Multirail Straight Towel Hanger 300mm Chrome -> towel-rail
  ✓ model_7546.glb (408 polys)

[7547] Multirail Straight Towel Hanger 300mm Gloss White -> towel-rail
  ✓ model_7547.glb (408 polys)

[7548] Triangle Towel Hanger 470mm Matt Anthracite -> shelf
  ✓ model_7548.glb (18 polys)

[7549] Triangle Towel Hanger 375mm Matt Anthracite -> shelf
  ✓ model_7549.glb (18 polys)

[7550] Multirail Straight Towel Hanger 600mm Matt Grey -> towel-rail
  ✓ model_7550.glb (408 polys)

[7551] Multirail Straight Towel Hanger 500mm Matt Grey -> towel-rail
  ✓ model_7551.glb (408 polys)

[7552] Multirail Straight Towel Hanger 400mm Matt Grey -> towel-rail
  ✓ model_7552.glb (408 polys)

[7553] Circle Towel Hanger 565mm Chrome -> shelf
  ✓ model_7553.glb (18 polys)

[7554] Circle Towel Hanger 470mm Chrome -> shelf
  ✓ model_7554.glb (18 polys)

[7555] Circle Towel Hanger 375mm Chrome -> shelf
  ✓ model_7555.glb (18 polys)

[7556] Circle Towel Hanger 565mm Matt Black -> shelf
  ✓ model_7556.glb (18 polys)

[7557] Circle Towel Hanger 470mm Matt Black -> shelf
  ✓ model_7557.glb (18 polys)

[7558] Circle Towel Hanger 375mm Matt Black -> shelf
  ✓ model_7558.glb (18 polys)

[7559] Circle Towel Hanger 565mm Matt Anthracite -> shelf
  ✓ model_7559.glb (18 polys)

[7560] Circle Towel Hanger 470mm Matt Anthracite -> shelf
  ✓ model_7560.glb (18 polys)

[7561] Circle Towel Hanger 375mm Matt Anthracite -> shelf
  ✓ model_7561.glb (18 polys)

[7562] Circle Towel Hanger 565mm Matt White -> shelf
  ✓ model_7562.glb (18 polys)

[7563] Circle Towel Hanger 470mm Matt White -> shelf
  ✓ model_7563.glb (18 polys)

[7564] Circle Towel Hanger 375mm Matt White -> shelf
  ✓ model_7564.glb (18 polys)

[7565] Triangle Towel Hanger 565mm Chrome -> shelf
  ✓ model_7565.glb (18 polys)

[7566] Triangle Towel Hanger 470mm Chrome -> shelf
  ✓ model_7566.glb (18 polys)

[7567] Triangle Towel Hanger 375mm Chrome -> shelf
  ✓ model_7567.glb (18 polys)

[7568] Triangle Towel Hanger 565mm Matt Black -> shelf
  ✓ model_7568.glb (18 polys)

[7569] Triangle Towel Hanger 470mm Matt Black -> shelf
  ✓ model_7569.glb (18 polys)

[7570] Triangle Towel Hanger 375mm Matt Black -> shelf
  ✓ model_7570.glb (18 polys)

[7571] Triangle Towel Hanger 565mm Matt Anthracite -> shelf
  ✓ model_7571.glb (18 polys)

[7572] Type 11 Compact Panel Radiator 500 x 900 Gloss White -> radiator
  ✓ model_7572.glb (286 polys)

[7573] Type 11 Compact Panel Radiator 500 x 700 Gloss White -> radiator
  ✓ model_7573.glb (286 polys)

[7574] Type 11 Compact Panel Radiator 500 x 600 Gloss White -> radiator
  ✓ model_7574.glb (286 polys)

[7575] Type 11 Compact Panel Radiator 500 x 400 Gloss White -> radiator
  ✓ model_7575.glb (286 polys)

[7576] Type 11 Compact Panel Radiator 400 x 1800 Gloss White -> radiator
  ✓ model_7576.glb (286 polys)

[7577] Type 11 Compact Panel Radiator 600 x 900 Gloss White -> radiator
  ✓ model_7577.glb (286 polys)

[7578] Type 11 Compact Panel Radiator 600 x 700 Gloss White -> radiator
  ✓ model_7578.glb (286 polys)

[7579] Type 11 Compact Panel Radiator 400 x 1000 Gloss White -> radiator
  ✓ model_7579.glb (286 polys)

[7580] Type 11 Compact Panel Radiator 400 x 900 Gloss White -> radiator
  ✓ model_7580.glb (286 polys)

[7581] Type 11 Compact Panel Radiator 400 x 800 Gloss White -> radiator
  ✓ model_7581.glb (286 polys)

[7582] Type 11 Compact Panel Radiator 500 x 2000 Gloss White -> radiator
  ✓ model_7582.glb (286 polys)

[7583] Type 11 Compact Panel Radiator 400 x 700 Gloss White -> radiator
  ✓ model_7583.glb (286 polys)

[7584] Type 11 Compact Panel Radiator 400 x 600 Gloss White -> radiator
  ✓ model_7584.glb (286 polys)

[7585] Type 11 Compact Panel Radiator 500 x 1600 Gloss White -> radiator
  ✓ model_7585.glb (286 polys)

[7586] Type 11 Compact Panel Radiator 400 x 400 Gloss White -> radiator
  ✓ model_7586.glb (286 polys)

[7587] Type 11 Compact Panel Radiator 500 x 1500 Gloss White -> radiator
  ✓ model_7587.glb (286 polys)

[7588] Type 11 Compact Panel Radiator 500 x 1400 Gloss White -> radiator
  ✓ model_7588.glb (286 polys)

[7589] Type 11 Compact Panel Radiator 500 x 1300 Gloss White -> radiator
  ✓ model_7589.glb (286 polys)

[7590] Type 11 Compact Panel Radiator 300 x 1400 Gloss White -> radiator
  ✓ model_7590.glb (286 polys)

[7591] Type 11 Compact Panel Radiator 300 x 1200 Gloss White -> radiator
  ✓ model_7591.glb (286 polys)

[7592] Type 11 Compact Panel Radiator 500 x 1100 Gloss White -> radiator
  ✓ model_7592.glb (286 polys)

[7593] Type 11 Compact Panel Radiator 500 x 1000 Gloss White -> radiator
  ✓ model_7593.glb (286 polys)

[7594] Type 11 Compact Panel Radiator 300 x 800 Gloss White -> radiator
  ✓ model_7594.glb (286 polys)

[7595] Type 21 Compact Panel Radiator 400 x 1200 Gloss White -> radiator
  ✓ model_7595.glb (286 polys)

[7596] Type 21 Compact Panel Radiator 400 x 1100 Gloss White -> radiator
  ✓ model_7596.glb (286 polys)

[7597] Type 21 Compact Panel Radiator 400 x 1000 Gloss White -> radiator
  ✓ model_7597.glb (286 polys)

[7598] Type 21 Compact Panel Radiator 400 x 900 Gloss White -> radiator
  ✓ model_7598.glb (286 polys)

[7599] Type 21 Compact Panel Radiator 400 x 800 Gloss White -> radiator
  ✓ model_7599.glb (286 polys)

[7600] Type 21 Compact Panel Radiator 400 x 700 Gloss White -> radiator
  ✓ model_7600.glb (286 polys)

[7601] Type 21 Compact Panel Radiator 500 x 2000 Gloss White -> radiator
  ✓ model_7601.glb (286 polys)

[7602] Type 21 Compact Panel Radiator 500 x 1800 Gloss White -> radiator
  ✓ model_7602.glb (286 polys)

[7603] Type 21 Compact Panel Radiator 400 x 600 Gloss White -> radiator
  ✓ model_7603.glb (286 polys)

[7604] Type 11 Compact Panel Radiator 300 x 500 Gloss White -> radiator
  ✓ model_7604.glb (286 polys)

[7605] Type 21 Compact Panel Radiator 500 x 1600 Gloss White -> radiator
  ✓ model_7605.glb (286 polys)

[7606] Type 21 Compact Panel Radiator 500 x 1400 Gloss White -> radiator
  ✓ model_7606.glb (286 polys)

[7607] Type 21 Compact Panel Radiator 400 x 400 Gloss White -> radiator
  ✓ model_7607.glb (286 polys)

[7608] Type 11 Compact Panel Radiator 400 x 1600 Gloss White -> radiator
  ✓ model_7608.glb (286 polys)

[7609] Type 21 Compact Panel Radiator 500 x 1100 Gloss White -> radiator
  ✓ model_7609.glb (286 polys)

[7610] Type 11 Compact Panel Radiator 600 x 1600 Matt Black -> radiator
  ✓ model_7610.glb (286 polys)

[7611] Type 21 Compact Panel Radiator 500 x 900 Gloss White -> radiator
  ✓ model_7611.glb (286 polys)

[7612] Type 11 Compact Panel Radiator 600 x 1400 Matt Black -> radiator
  ✓ model_7612.glb (286 polys)

[7613] Type 21 Compact Panel Radiator 500 x 800 Gloss White -> radiator
  ✓ model_7613.glb (286 polys)

[7614] Type 11 Compact Panel Radiator 600 x 1200 Matt Black -> radiator
  ✓ model_7614.glb (286 polys)

[7615] Type 21 Compact Panel Radiator 500 x 700 Gloss White -> radiator
  ✓ model_7615.glb (286 polys)

[7616] Type 21 Compact Panel Radiator 500 x 600 Gloss White -> radiator
  ✓ model_7616.glb (286 polys)

[7617] Type 11 Compact Panel Radiator 600 x 1000 Matt Black -> radiator
  ✓ model_7617.glb (286 polys)

[7618] Type 21 Compact Panel Radiator 500 x 400 Gloss White -> radiator
  ✓ model_7618.glb (286 polys)

[7619] Type 21 Compact Panel Radiator 400 x 2000 Gloss White -> radiator
  ✓ model_7619.glb (286 polys)

[7620] Type 21 Compact Panel Radiator 400 x 1800 Gloss White -> radiator
  ✓ model_7620.glb (286 polys)

[7621] Type 11 Compact Panel Radiator 600 x 1800 Matt Anthracite -> radiator
  ✓ model_7621.glb (286 polys)

[7622] Type 11 Compact Panel Radiator 600 x 1600 Matt Anthracite -> radiator
  ✓ model_7622.glb (286 polys)

[7623] Type 11 Compact Panel Radiator 600 x 1400 Matt Anthracite -> radiator
  ✓ model_7623.glb (286 polys)

[7624] Type 11 Compact Panel Radiator 600 x 1000 Matt Anthracite -> radiator
  ✓ model_7624.glb (286 polys)

[7625] Type 11 Compact Panel Radiator 600 x 800 Matt Anthracite -> radiator
  ✓ model_7625.glb (286 polys)

[7626] Type 22 Compact Panel Radiator 300 x 800 Gloss White -> radiator
  ✓ model_7626.glb (286 polys)

[7627] Type 22 Compact Panel Radiator 300 x 400 Gloss White -> radiator
  ✓ model_7627.glb (286 polys)

[7628] Type 11 Compact Panel Radiator 600 x 400 Matt Anthracite -> radiator
  ✓ model_7628.glb (286 polys)

[7629] Type 21 Compact Panel Radiator 600 x 1800 Matt Black -> radiator
  ✓ model_7629.glb (286 polys)

[7630] Type 11 Compact Panel Radiator 600 x 2000 Gloss White -> radiator
  ✓ model_7630.glb (286 polys)

[7631] Type 11 Compact Panel Radiator 600 x 1800 Gloss White -> radiator
  ✓ model_7631.glb (286 polys)

[7632] Type 21 Compact Panel Radiator 600 x 1400 Matt Black -> radiator
  ✓ model_7632.glb (286 polys)

[7633] Type 22 Compact Panel Radiator 400 x 1800 Gloss White -> radiator
  ✓ model_7633.glb (286 polys)

[7634] Type 21 Compact Panel Radiator 600 x 1200 Matt Black -> radiator
  ✓ model_7634.glb (286 polys)

[7635] Type 22 Compact Panel Radiator 400 x 1600 Gloss White -> radiator
  ✓ model_7635.glb (286 polys)

[7636] Type 11 Compact Panel Radiator 600 x 1500 Gloss White -> radiator
  ✓ model_7636.glb (286 polys)

[7637] Type 11 Compact Panel Radiator 600 x 1400 Gloss White -> radiator
  ✓ model_7637.glb (286 polys)

[7638] Type 11 Compact Panel Radiator 600 x 1300 Gloss White -> radiator
  ✓ model_7638.glb (286 polys)

[7639] Type 22 Compact Panel Radiator 400 x 1100 Gloss White -> radiator
  ✓ model_7639.glb (286 polys)

[7640] Type 22 Compact Panel Radiator 400 x 1000 Gloss White -> radiator
  ✓ model_7640.glb (286 polys)

[7641] Type 22 Compact Panel Radiator 400 x 900 Gloss White -> radiator
  ✓ model_7641.glb (286 polys)

[7642] Type 21 Compact Panel Radiator 600 x 1800 Matt Anthracite -> radiator
  ✓ model_7642.glb (286 polys)

[7643] Type 22 Compact Panel Radiator 400 x 800 Gloss White -> radiator
  ✓ model_7643.glb (286 polys)

[7644] Type 21 Compact Panel Radiator 600 x 1600 Matt Anthracite -> radiator
  ✓ model_7644.glb (286 polys)

[7645] Type 21 Compact Panel Radiator 600 x 1400 Matt Anthracite -> radiator
  ✓ model_7645.glb (286 polys)

[7646] Type 22 Compact Panel Radiator 400 x 600 Gloss White -> radiator
  ✓ model_7646.glb (286 polys)

[7647] Type 21 Compact Panel Radiator 600 x 1200 Matt Anthracite -> radiator
  ✓ model_7647.glb (286 polys)

[7648] Type 22 Compact Panel Radiator 400 x 500 Gloss White -> radiator
  ✓ model_7648.glb (286 polys)

[7649] Type 21 Compact Panel Radiator 600 x 1000 Matt Anthracite -> radiator
  ✓ model_7649.glb (286 polys)

[7650] Type 22 Compact Panel Radiator 400 x 400 Gloss White -> radiator
  ✓ model_7650.glb (286 polys)

[7651] Type 21 Compact Panel Radiator 600 x 800 Matt Anthracite -> radiator
  ✓ model_7651.glb (286 polys)

[7652] Type 22 Compact Panel Radiator 300 x 1600 Gloss White -> radiator
  ✓ model_7652.glb (286 polys)

[7653] Type 21 Compact Panel Radiator 600 x 400 Matt Anthracite -> radiator
  ✓ model_7653.glb (286 polys)

[7654] Type 22 Compact Panel Radiator 300 x 1400 Gloss White -> radiator
  ✓ model_7654.glb (286 polys)

[7655] Type 21 Compact Panel Radiator 600 x 2000 Gloss White -> radiator
  ✓ model_7655.glb (286 polys)

[7656] Type 21 Compact Panel Radiator 600 x 1800 Gloss White -> radiator
  ✓ model_7656.glb (286 polys)

[7657] Type 22 Compact Panel Radiator 300 x 1000 Gloss White -> radiator
  ✓ model_7657.glb (286 polys)

[7658] Type 21 Compact Panel Radiator 600 x 1500 Gloss White -> radiator
  ✓ model_7658.glb (286 polys)

[7659] Type 22 Compact Panel Radiator 500 x 1000 Gloss White -> radiator
  ✓ model_7659.glb (286 polys)

[7660] Type 22 Compact Panel Radiator 600 x 400 Matt Anthracite -> radiator
  ✓ model_7660.glb (286 polys)

[7661] Type 22 Compact Panel Radiator 500 x 900 Gloss White -> radiator
  ✓ model_7661.glb (286 polys)

[7662] Type 22 Compact Panel Radiator 500 x 700 Gloss White -> radiator
  ✓ model_7662.glb (286 polys)

[7663] Type 22 Compact Panel Radiator 600 x 1500 Gloss White -> radiator
  ✓ model_7663.glb (286 polys)

[7664] Type 22 Compact Panel Radiator 500 x 600 Gloss White -> radiator
  ✓ model_7664.glb (286 polys)

[7665] Type 22 Compact Panel Radiator 500 x 500 Gloss White -> radiator
  ✓ model_7665.glb (286 polys)

[7666] Type 22 Compact Panel Radiator 400 x 2000 Gloss White -> radiator
  ✓ model_7666.glb (286 polys)

[7667] Type 22 Compact Panel Radiator 600 x 1800 Matt Black -> radiator
  ✓ model_7667.glb (286 polys)

[6341] Addington II Radiator 1400 x 596 Type10 Chrome -> radiator
  ✓ model_6341.glb (286 polys)

[7668] Type 22 Compact Panel Radiator 600 x 1100 Gloss White -> radiator
  ✓ model_7668.glb (286 polys)

[7669] Type 22 Compact Panel Radiator 600 x 1400 Matt Black -> radiator
  ✓ model_7669.glb (286 polys)

[7670] Type 22 Compact Panel Radiator 600 x 400 Gloss White -> radiator
  ✓ model_7670.glb (286 polys)

[7671] Type 22 Compact Panel Radiator 600 x 1800 Matt Anthracite -> radiator
  ✓ model_7671.glb (286 polys)

[7672] Type 22 Compact Panel Radiator 600 x 1600 Matt Anthracite -> radiator
  ✓ model_7672.glb (286 polys)

[7673] Type 22 Compact Panel Radiator 600 x 1200 Matt Anthracite -> radiator
  ✓ model_7673.glb (286 polys)

[7674] Type 22 Compact Panel Radiator 600 x 1000 Matt Anthracite -> radiator
  ✓ model_7674.glb (286 polys)

[7675] Type 22 Compact Panel Radiator 600 x 800 Matt Anthracite -> radiator
  ✓ model_7675.glb (286 polys)

[7676] Type 22 Compact Panel Radiator 500 x 1400 Gloss White -> radiator
  ✓ model_7676.glb (286 polys)

[7677] Type 22 Compact Panel Radiator 500 x 1100 Gloss White -> radiator
  ✓ model_7677.glb (286 polys)

[7678] Wendover Curved Multirail 1600 x 400 Gloss White -> towel-rail
  ✓ model_7678.glb (408 polys)

[7679] Wendover Curved Multirail 1600 x 400 Chrome -> towel-rail
  ✓ model_7679.glb (408 polys)

[7680] Wendover Curved Multirail 1200 x 600 Chrome -> towel-rail
  ✓ model_7680.glb (408 polys)

[7681] Wendover Curved Multirail 1200 x 400 Gloss White -> towel-rail
  ✓ model_7681.glb (408 polys)

[7682] Wendover Curved Multirail 1000 x 500 Gloss White -> towel-rail
  ✓ model_7682.glb (408 polys)

[7683] Wendover Curved Multirail 1000 x 400 Gloss White -> towel-rail
  ✓ model_7683.glb (408 polys)

[7684] Wendover Curved Multirail 1000 x 400 Chrome -> towel-rail
  ✓ model_7684.glb (408 polys)

[7685] Wendover Curved Multirail 800 x 600 Gloss White -> towel-rail
  ✓ model_7685.glb (408 polys)

[7686] Wendover Curved Multirail 800 x 500 Gloss White -> towel-rail
  ✓ model_7686.glb (408 polys)

[7687] Wendover Curved Multirail 800 x 400 Gloss White -> towel-rail
  ✓ model_7687.glb (408 polys)

[7688] Wendover Straight Multirail 800 x 600 Gloss White -> towel-rail
  ✓ model_7688.glb (408 polys)

[7689] Wendover Curved Multirail 1600 x 500 Gloss White -> towel-rail
  ✓ model_7689.glb (408 polys)

[7690] Wendover Curved Multirail 800 x 400 Chrome -> towel-rail
  ✓ model_7690.glb (408 polys)

[7691] Wendover Straight Multirail 1200 x 300 Gloss White -> towel-rail
  ✓ model_7691.glb (408 polys)

[7692] Wendover Straight Multirail 1000 x 300 Gloss White -> towel-rail
  ✓ model_7692.glb (408 polys)

[7693] Wendover Straight Multirail 600 x 300 Gloss White -> towel-rail
  ✓ model_7693.glb (408 polys)

[7694] Wendover Straight Multirail 600 x 600 Gloss White -> towel-rail
  ✓ model_7694.glb (408 polys)

[7695] Wendover Straight Multirail 1600 x 500 Gloss White -> towel-rail
  ✓ model_7695.glb (408 polys)

[7696] Wendover Straight Multirail 1600 x 400 Gloss White -> towel-rail
  ✓ model_7696.glb (408 polys)

[7697] Wendover Straight Multirail 1800 x 750 Gloss White -> towel-rail
  ✓ model_7697.glb (408 polys)

[7698] Wendover Straight Multirail 600 x 750 Gloss White -> towel-rail
  ✓ model_7698.glb (408 polys)

[7699] Wendover Curved Multirail 1800 x 400 Gloss White -> towel-rail
  ✓ model_7699.glb (408 polys)

[7700] Wendover Curved Multirail 1800 x 400 Chrome -> towel-rail
  ✓ model_7700.glb (408 polys)

[6342] Addington II Radiator 1400 x 522 Type10 Chrome -> radiator
  ✓ model_6342.glb (286 polys)

[7701] Wendover Straight Multirail 800 x 750 Chrome -> towel-rail
  ✓ model_7701.glb (408 polys)

[7702] Biava Square 1800x600 Gloss White -> towel-rail
  ✓ model_7702.glb (408 polys)

[7703] Wendover Curved Multirail 600 x 750 Chrome -> towel-rail
  ✓ model_7703.glb (408 polys)

[7704] Biava Square 1200x600 Gloss White -> towel-rail
  ✓ model_7704.glb (408 polys)

[6385] Addington II Towel Rail 790 x 400 Type10 Chrome -> towel-rail
  ✓ model_6385.glb (408 polys)

[7705] Biava Square 600x600 Gloss White -> towel-rail
  ✓ model_7705.glb (408 polys)

[7706] Wendover Curved Multirail 600 x 600 Gloss White -> towel-rail
  ✓ model_7706.glb (408 polys)

[7707] Biava Square 1200x500 Gloss White -> towel-rail
  ✓ model_7707.glb (408 polys)

[7708] Wendover Curved Multirail 600 x 500 Gloss White -> towel-rail
  ✓ model_7708.glb (408 polys)

[7709] Biava Square 600x500 Gloss White -> towel-rail
  ✓ model_7709.glb (408 polys)

[7710] Staverton Tube on Tube 1800x500 Gloss White -> towel-rail
  ✓ model_7710.glb (408 polys)

[7711] Wendover Curved Multirail 600 x 400 Gloss White -> towel-rail
  ✓ model_7711.glb (408 polys)

[7712] Staverton Tube on Tube 1200x500 Gloss White -> towel-rail
  ✓ model_7712.glb (408 polys)

[7713] Biava Square 1800x400 Gloss White -> towel-rail
  ✓ model_7713.glb (408 polys)

[7714] Wendover Curved Multirail 1800 x 750 Gloss White -> towel-rail
  ✓ model_7714.glb (408 polys)

[7715] Biava Square 1200x400 Gloss White -> towel-rail
  ✓ model_7715.glb (408 polys)

[7716] Staverton Tube on Tube 600x500 Gloss White -> towel-rail
  ✓ model_7716.glb (408 polys)

[7717] Biava Square 600x400 Gloss White -> towel-rail
  ✓ model_7717.glb (408 polys)

[7718] Staverton Tube on Tube 1800x400 Gloss White -> towel-rail
  ✓ model_7718.glb (408 polys)

[7719] Wendover Curved Multirail 1200 x 750 Gloss White -> towel-rail
  ✓ model_7719.glb (408 polys)

[7720] Biava Square 1800x600 Chrome -> towel-rail
  ✓ model_7720.glb (408 polys)

[7721] Wendover Curved Multirail 1000 x 750 Gloss White -> towel-rail
  ✓ model_7721.glb (408 polys)

[7722] Staverton Tube on Tube 1200x400 Gloss White -> towel-rail
  ✓ model_7722.glb (408 polys)

[7723] Biava Square 600x600 Chrome -> towel-rail
  ✓ model_7723.glb (408 polys)

[7724] Staverton Tube on Tube 600x400 Gloss White -> towel-rail
  ✓ model_7724.glb (408 polys)

[7725] Biava Square 1800x500 Chrome -> towel-rail
  ✓ model_7725.glb (408 polys)

[7726] Wendover Straight Multirail 1800 x 300 Chrome -> towel-rail
  ✓ model_7726.glb (408 polys)

[7727] Staverton Tube on Tube 1800x600 Chrome Chrome -> towel-rail
  ✓ model_7727.glb (408 polys)

[7728] Biava Square 1200x500 Chrome -> towel-rail
  ✓ model_7728.glb (408 polys)

[7729] Staverton Tube on Tube 1200x600 Chrome -> towel-rail
  ✓ model_7729.glb (408 polys)

[7730] Biava Square 600x500 Chrome -> towel-rail
  ✓ model_7730.glb (408 polys)

[7731] Wendover Straight Multirail 1000 x 300 Chrome -> towel-rail
  ✓ model_7731.glb (408 polys)

[7732] Biava Square 1800x400 Chrome -> towel-rail
  ✓ model_7732.glb (408 polys)

[7733] Biava Square 1200x400 Chrome -> towel-rail
  ✓ model_7733.glb (408 polys)

[7734] Staverton Tube on Tube 1800x500 Chrome -> towel-rail
  ✓ model_7734.glb (408 polys)

[7735] Biava Square 600x400 Chrome -> towel-rail
  ✓ model_7735.glb (408 polys)

[7736] Staverton Tube on Tube 1200x500 Chrome -> towel-rail
  ✓ model_7736.glb (408 polys)

[7737] Wendover Curved Multirail 600 x 600 Chrome -> towel-rail
  ✓ model_7737.glb (408 polys)

[7738] Wendover Curved Multirail 600 x 500 Chrome -> towel-rail
  ✓ model_7738.glb (408 polys)

[7739] Staverton Tube on Tube 600x500 Chrome -> towel-rail
  ✓ model_7739.glb (408 polys)

[7740] Staverton 600x500 Chrome -> towel-rail
  ✓ model_7740.glb (408 polys)

[7741] Staverton Tube on Tube 1800x400 Chrome -> towel-rail
  ✓ model_7741.glb (408 polys)

[7742] Staverton 1800x400 Chrome -> towel-rail
  ✓ model_7742.glb (408 polys)

[7743] Wendover Curved Multirail 1800 x 750 Chrome -> towel-rail
  ✓ model_7743.glb (408 polys)

[7744] Wendover Straight Multirail 1600 x 750 Chrome -> towel-rail
  ✓ model_7744.glb (408 polys)

[7745] Staverton 600x400 Chrome -> towel-rail
  ✓ model_7745.glb (408 polys)

[7746] Sherbourne 960 x 600 Chrome -> towel-rail
  ✓ model_7746.glb (408 polys)

[7747] Tuscan Multirail 1750 x 450 Chrome -> towel-rail
  ✓ model_7747.glb (408 polys)

[7748] Tuscan Multirail 1200 x 600 Chrome -> towel-rail
  ✓ model_7748.glb (408 polys)

[7749] Tuscan Multirail 1200 x 450 Chrome -> towel-rail
  ✓ model_7749.glb (408 polys)

[7750] Tuscan Multirail 650 x 600 Chrome -> towel-rail
  ✓ model_7750.glb (408 polys)

[7751] Curved Biava Multirail 360 x 400 Chrome -> towel-rail
  ✓ model_7751.glb (408 polys)

[7752] New Leonardo 1200 x 600 Chrome -> towel-rail
  ✓ model_7752.glb (408 polys)

[7753] Tuscan Multirail 650 x 450 Chrome -> towel-rail
  ✓ model_7753.glb (408 polys)

[7754] New Leonardo 600 x 600 Chrome -> towel-rail
  ✓ model_7754.glb (408 polys)

[7755] Straight Biava Multirail 1720 x 750 Gloss White -> towel-rail
  ✓ model_7755.glb (408 polys)

[7756] Curved Biava Multirail 1720 x 750 Gloss White -> towel-rail
  ✓ model_7756.glb (408 polys)

[7757] New Leonardo 1450 x 500 Chrome -> towel-rail
  ✓ model_7757.glb (408 polys)

[7758] Curved Biava Multirail 1720 x 600 Gloss White -> towel-rail
  ✓ model_7758.glb (408 polys)

[7759] Straight Biava Multirail 1720 x 600 Gloss White -> towel-rail
  ✓ model_7759.glb (408 polys)

[7760] New Leonardo 688 x 500 Chrome -> towel-rail
  ✓ model_7760.glb (408 polys)

[7761] Curved Biava Multirail 1720 x 450 Gloss White -> towel-rail
  ✓ model_7761.glb (408 polys)

[7762] New Leonardo 1800 x 500 Chrome -> towel-rail
  ✓ model_7762.glb (408 polys)

[7763] Curved Biava Multirail 1118 x 750 Gloss White -> towel-rail
  ✓ model_7763.glb (408 polys)

[7764] Straight Biava Multirail 1118 x 750 Gloss White -> towel-rail
  ✓ model_7764.glb (408 polys)

[7765] Curved Staverton Tube on Tube 1200 x 500 Chrome -> towel-rail
  ✓ model_7765.glb (408 polys)

[7766] New Leonardo 1200 x 500 Chrome -> towel-rail
  ✓ model_7766.glb (408 polys)

[7767] Curved Staverton Tube on Tube 600 x 600 Chrome -> towel-rail
  ✓ model_7767.glb (408 polys)

[7768] Straight Biava Multirail 1118 x 450 Gloss White -> towel-rail
  ✓ model_7768.glb (408 polys)

[7769] Curved Staverton Tube on Tube 600 x 500 Chrome -> towel-rail
  ✓ model_7769.glb (408 polys)

[7770] Curved Biava Multirail 688 x 750 Gloss White -> towel-rail
  ✓ model_7770.glb (408 polys)

[7771] Curved Biava Multirail 688 x 600 Gloss White -> towel-rail
  ✓ model_7771.glb (408 polys)

[7772] New Leonardo 1200 x 400 Chrome -> towel-rail
  ✓ model_7772.glb (408 polys)

[7773] Straight Biava Multirail 688 x 600 Gloss White -> towel-rail
  ✓ model_7773.glb (408 polys)

[7774] Biava Corinium II 1200 x 600 Gloss White -> towel-rail
  ✓ model_7774.glb (408 polys)

[7775] Biava Round 600x600 Chrome -> towel-rail
  ✓ model_7775.glb (408 polys)

[7776] Biava Corinium II 1200 x 600 Chrome -> towel-rail
  ✓ model_7776.glb (408 polys)

[7777] Ascona 420 x 500 Polished Stainless Steel -> towel-rail
  ✓ model_7777.glb (408 polys)

[7778] Curved Biava Multirail 360 x 400 Gloss White -> towel-rail
  ✓ model_7778.glb (408 polys)

[7779] Biava Round 1800x500 Chrome -> towel-rail
  ✓ model_7779.glb (408 polys)

[7780] Straight Biava Multirail 360 x 400 Gloss White -> towel-rail
  ✓ model_7780.glb (408 polys)

[7781] Biava Corinium II 1200 x 500 Gloss White -> towel-rail
  ✓ model_7781.glb (408 polys)

[7782] Biava Flat Multirail 1190 x 600 Polished Stainless Steel -> towel-rail
  ✓ model_7782.glb (408 polys)

[7783] Biava Round 1200x500 Chrome -> towel-rail
  ✓ model_7783.glb (408 polys)

[7784] Imperia 2 Column Radiator 1800 x 470mm Gloss White -> radiator
  ✓ model_7784.glb (286 polys)

[7785] Biava Corinium II 1200 x 500 Chrome -> towel-rail
  ✓ model_7785.glb (408 polys)

[7786] Biava Round 600x500 Chrome -> towel-rail
  ✓ model_7786.glb (408 polys)

[7787] Straight Biava Multirail 1720 x 750 Chrome -> towel-rail
  ✓ model_7787.glb (408 polys)

[7788] Biava Flat Multirail 1190 x 500 Polished Stainless Steel -> towel-rail
  ✓ model_7788.glb (408 polys)

[7789] Biava Round 1800x400 Chrome -> towel-rail
  ✓ model_7789.glb (408 polys)

[7790] Rizano 1000 x 600 Polished Stainless Steel -> towel-rail
  ✓ model_7790.glb (408 polys)

[7791] Curved Biava Multirail 1720 x 600 Chrome -> towel-rail
  ✓ model_7791.glb (408 polys)

[7792] Staverton Tube on Tube 1800x600 Gloss White -> towel-rail
  ✓ model_7792.glb (408 polys)

[7793] Straight Biava Multirail 1720 x 600 Chrome -> towel-rail
  ✓ model_7793.glb (408 polys)

[7794] Staverton Tube on Tube 1200x600 Gloss White -> towel-rail
  ✓ model_7794.glb (408 polys)

[7795] Biava Round 1200x400 Chrome -> towel-rail
  ✓ model_7795.glb (408 polys)

[7796] Rizano 1000 x 500 Polished Stainless Steel -> towel-rail
  ✓ model_7796.glb (408 polys)

[7797] Curved Biava Multirail 1720 x 450 Chrome -> towel-rail
  ✓ model_7797.glb (408 polys)

[7798] Staverton Tube on Tube 600x600 Gloss White -> towel-rail
  ✓ model_7798.glb (408 polys)

[7799] Biava Round 600x400 Chrome -> towel-rail
  ✓ model_7799.glb (408 polys)

[7800] Mezzo Tondo 1600 x 320 Chrome -> towel-rail
  ✓ model_7800.glb (408 polys)

[7801] Staverton 1800x600 Gloss White -> towel-rail
  ✓ model_7801.glb (408 polys)

[7802] Curved Biava Multirail 1118 x 750 Chrome -> towel-rail
  ✓ model_7802.glb (408 polys)

[7803] Wendover Straight Multirail 600 x 1200 Gloss White -> towel-rail
  ✓ model_7803.glb (408 polys)

[7804] Curved Biava Multirail 1118 x 600 Chrome -> towel-rail
  ✓ model_7804.glb (408 polys)

[7805] Wendover Straight Multirail 600 x 1000 Gloss White -> towel-rail
  ✓ model_7805.glb (408 polys)

[7806] Staverton 600x600 Gloss White -> towel-rail
  ✓ model_7806.glb (408 polys)

[7807] Curved Biava Multirail 1118 x 450 Chrome -> towel-rail
  ✓ model_7807.glb (408 polys)

[7808] Staverton 1800x500 Gloss White -> towel-rail
  ✓ model_7808.glb (408 polys)

[7809] Staverton 1200x500 Gloss White -> towel-rail
  ✓ model_7809.glb (408 polys)

[7810] Curved Biava Multirail 688 x 750 Chrome -> towel-rail
  ✓ model_7810.glb (408 polys)

[7811] Straight Biava Multirail 688 x 600 Chrome -> towel-rail
  ✓ model_7811.glb (408 polys)

[7812] Staverton 600x500 Gloss White -> towel-rail
  ✓ model_7812.glb (408 polys)

[7813] Curved Biava Multirail 688 x 600 Chrome -> towel-rail
  ✓ model_7813.glb (408 polys)

[7814] Straight Biava Multirail 688 x 450 Chrome -> towel-rail
  ✓ model_7814.glb (408 polys)

[7815] Curved Staverton Tube on Tube 600 x 500 Gloss White -> towel-rail
  ✓ model_7815.glb (408 polys)

[7816] Staverton 1800x400 Gloss White -> towel-rail
  ✓ model_7816.glb (408 polys)

[7817] Curved Staverton Tube on Tube 1800 x 600 Chrome Chrome -> towel-rail
  ✓ model_7817.glb (408 polys)

[7818] Staverton 1200x400 Gloss White -> towel-rail
  ✓ model_7818.glb (408 polys)

[7819] Curved Staverton Tube on Tube 1800 x 500 Chrome -> towel-rail
  ✓ model_7819.glb (408 polys)

[7820] Staverton 1800x600 Chrome -> towel-rail
  ✓ model_7820.glb (408 polys)

[7821] Curved Staverton Tube on Tube 1200 x 600 Chrome -> towel-rail
  ✓ model_7821.glb (408 polys)

[7822] Wendover Straight Multirail 360 x 400 Gloss White -> towel-rail
  ✓ model_7822.glb (408 polys)

[7823] Staverton 1200x600 Chrome -> towel-rail
  ✓ model_7823.glb (408 polys)

[7824] New Leonardo 1800 x 600 Chrome -> towel-rail
  ✓ model_7824.glb (408 polys)

[7825] Staverton 600x600 Chrome -> towel-rail
  ✓ model_7825.glb (408 polys)

[7826] Staverton 1200x500 Chrome -> towel-rail
  ✓ model_7826.glb (408 polys)

[7827] Biava Round 1200x400 Gloss White -> towel-rail
  ✓ model_7827.glb (408 polys)

[7828] Biava Round 600x400 Gloss White -> towel-rail
  ✓ model_7828.glb (408 polys)

[7829] Biava Round 1800x600 Chrome -> towel-rail
  ✓ model_7829.glb (408 polys)

[7830] Staverton Tube on Tube 800 x 1200 Chrome -> towel-rail
  ✓ model_7830.glb (408 polys)

[7831] Staverton Tube on Tube 800 x 1000 Chrome -> towel-rail
  ✓ model_7831.glb (408 polys)

[7832] Tuscan Multirail 650 x 450 Gloss White -> towel-rail
  ✓ model_7832.glb (408 polys)

[7833] Staverton Tube on Tube 600 x 1200 Chrome -> towel-rail
  ✓ model_7833.glb (408 polys)

[7834] Tuscan Multirail 1750 x 600 Chrome -> towel-rail
  ✓ model_7834.glb (408 polys)

[7835] Pesaro 1005 x 550mm Chrome -> towel-rail
  ✓ model_7835.glb (408 polys)

[7836] Wendover Straight Multirail 1200 x 400 Matt Anthracite -> towel-rail
  ✓ model_7836.glb (408 polys)

[7837] Staverton Tube on Tube 600x400 Chrome -> towel-rail
  ✓ model_7837.glb (408 polys)

[7838] Wendover Straight Multirail 600 x 500 Matt Anthracite -> towel-rail
  ✓ model_7838.glb (408 polys)

[5961] Imperia 6 Column Radiator 300 x 830mm Matt Black -> radiator
  ✓ model_5961.glb (286 polys)

[7839] Tube on Tube 600x600 White -> towel-rail
  ✓ model_7839.glb (408 polys)

[7840] Wendover Straight Multirail 600 x 400 Matt Anthracite -> towel-rail
  ✓ model_7840.glb (408 polys)

[7841] Tube on Tube 1200x500 White -> towel-rail
  ✓ model_7841.glb (408 polys)

[7842] Tuscan Multirail 1750 x 600 Gloss White -> towel-rail
  ✓ model_7842.glb (408 polys)

[7843] Tube on Tube 600x500 White -> towel-rail
  ✓ model_7843.glb (408 polys)

[7844] Tube on Tube 600x400 White -> towel-rail
  ✓ model_7844.glb (408 polys)

[7845] Tuscan Multirail 1200 x 450 Gloss White -> towel-rail
  ✓ model_7845.glb (408 polys)

[7846] Tuscan Multirail 650 x 600 Gloss White -> towel-rail
  ✓ model_7846.glb (408 polys)

[7847] Tube on Tube 1200x600 Chrome -> towel-rail
  ✓ model_7847.glb (408 polys)

[7848] Tube on Tube 600x600 Chrome -> towel-rail
  ✓ model_7848.glb (408 polys)

[7849] Tube on Tube 1800x500 Chrome -> towel-rail
  ✓ model_7849.glb (408 polys)

[7850] Tube on Tube 1200x500 Chrome -> towel-rail
  ✓ model_7850.glb (408 polys)

[7851] Tube on Tube 600x500 Chrome -> towel-rail
  ✓ model_7851.glb (408 polys)

[7852] Tube on Tube 1800x400 Chrome -> towel-rail
  ✓ model_7852.glb (408 polys)

[7853] Tube on Tube 1200x400 Chrome -> towel-rail
  ✓ model_7853.glb (408 polys)

[7854] Tube on Tube 600x400 Chrome -> towel-rail
  ✓ model_7854.glb (408 polys)

[7855] Biava Round 1800x600 Gloss White -> towel-rail
  ✓ model_7855.glb (408 polys)

[7856] Biava Round 1200x600 Gloss White -> towel-rail
  ✓ model_7856.glb (408 polys)

[7857] Biava Round 600x600 Gloss White -> towel-rail
  ✓ model_7857.glb (408 polys)

[7858] Biava Round 1800x500 Gloss White -> towel-rail
  ✓ model_7858.glb (408 polys)

[7859] Biava Round 1200x500 Gloss White -> towel-rail
  ✓ model_7859.glb (408 polys)

[7860] Biava Round 600x500 Gloss White -> towel-rail
  ✓ model_7860.glb (408 polys)

[7861] Biscay Double Ended (DE) 1700 x 750 x 440mm RH Beauforte Bath - White -> bath
  ✓ model_7861.glb (122 polys)

[7862] Biscay Double Ended (DE) 1700 x 750 x 440mm LH Beauforte Bath - White -> bath
  ✓ model_7862.glb (122 polys)

[7863] Biscay Double Ended (DE) 1700 x 800 x 440mm RH Beauforte Bath - White -> bath
  ✓ model_7863.glb (122 polys)

[7864] Biscay Double Ended (DE) 1700 x 800 x 440mm LH Beauforte Bath - White -> bath
  ✓ model_7864.glb (122 polys)

[7865] Portland Single Ended (SE) Twin Grip (TG) 1750 x 750 x 440mm Beauforte Bath - White -> bath
  ✓ model_7865.glb (122 polys)

[7866] Portland Single Ended (SE) 1750 x 750 x 440mm  Bath - White -> bath
  ✓ model_7866.glb (122 polys)

[7867] Biscay 1700 x 700 x 440mm Right Hand (RH) Straight 5mm Shower Bath - White -> bath
  ✓ model_7867.glb (122 polys)

[7868] Biscay 1700 x 700 x 440mm Left hand (LH) Straight 5mm Shower Bath - White -> bath
  ✓ model_7868.glb (122 polys)

[7869] Rockall Single Ended (SE) 1600 x 750 x 440mm 5mm Bath - White -> bath
  ✓ model_7869.glb (122 polys)

[7870] Rockall Single Ended (SE) Twin Grip (TG) 1650 x 700 x 440mm Beauforte Bath - White -> bath
  ✓ model_7870.glb (122 polys)

[7871] Biscay 1700 x 750 x 440mm Left hand (LH) Straight 5mm Shower Bath - White -> bath
  ✓ model_7871.glb (122 polys)

[7872] Rockall Single Ended (SE) 1700 x 750 x 440mm 5mm Bath - White -> bath
  ✓ model_7872.glb (122 polys)

[7873] Biscay 1800 x 800 x 440mm Right Hand (RH) Straight 5mm Shower Bath - White -> bath
  ✓ model_7873.glb (122 polys)

[7874] Biscay 1800 x 800 x 440mm Left hand (LH) Straight 5mm Shower Bath - White -> bath
  ✓ model_7874.glb (122 polys)

[7875] Rockall Single Ended (SE) 1800 x 800 x 440mm 5mm Bath - White -> bath
  ✓ model_7875.glb (122 polys)

[7876] Rockall Single Ended (SE) Twin Grip (TG) 1700 x 700 x 440mm Beauforte Bath - White -> bath
  ✓ model_7876.glb (122 polys)

[7877] Malin Double Ended (DE) 1650 x 700 x 440mm 5mm Bath - White -> bath
  ✓ model_7877.glb (122 polys)

[7878] Rockall Single Ended (SE) Twin Grip (TG) 1700 x 800 x 440mm Beauforte Bath - White -> bath
  ✓ model_7878.glb (122 polys)

[7879] Avon 960 x 429 Chrome / Matt Black -> towel-rail
  ✓ model_7879.glb (408 polys)

[7880] Avon 960 x 429 Chrome / Matt Anthracite -> towel-rail
  ✓ model_7880.glb (408 polys)

[7881] Malin Single Ended (SE) 1500 x 700 x 440mm 5mm Bath - White -> bath
  ✓ model_7881.glb (122 polys)

[7470] Wingrave Flat Panel Towel Hanger 510mm Chrome -> shelf
  ✓ model_7470.glb (18 polys)

[7882] Rockall Single Ended (SE) Twin Grip (TG) 1800 x 800 x 440mm Beauforte Bath - White -> bath
  ✓ model_7882.glb (122 polys)

[7883] Avon 960 x 429 Chrome / Gloss White -> towel-rail
  ✓ model_7883.glb (408 polys)

[7884] Avon 960 x 500 Chrome / Matt Black -> towel-rail
  ✓ model_7884.glb (408 polys)

[7885] Rockall Single Ended (SE) Twin Grip (TG) 1900 x 900 x 440mm Beauforte Bath - White -> bath
  ✓ model_7885.glb (122 polys)

[7886] Avon 960 x 500 Chrome / Matt Anthracite -> towel-rail
  ✓ model_7886.glb (408 polys)

[7887] Shannon 1500 x 850 x 400mm Right Hand (RH) P-Shaped Beauforte Shower Bath - White -> bath
  ✓ model_7887.glb (122 polys)

[7888] Isbourne 940 x 600 Chrome / Matt Anthracite -> towel-rail
  ✓ model_7888.glb (408 polys)

[7889] Painswick 778 x 686 Towel Rail Chrome -> towel-rail
  ✓ model_7889.glb (408 polys)

[7890] Windrush 950 x 600 Chrome -> towel-rail
  ✓ model_7890.glb (408 polys)

[7891] Windrush 1550 x 600 Chrome -> towel-rail
  ✓ model_7891.glb (408 polys)

[7892] Coln 510 x 680 Chrome -> towel-rail
  ✓ model_7892.glb (408 polys)

[7893] Windrush 1550 x 500 Chrome -> towel-rail
  ✓ model_7893.glb (408 polys)

[7894] Windrush 1195 x 600 Chrome -> towel-rail
  ✓ model_7894.glb (408 polys)

[7895] Windrush 1195 x 500 Chrome -> towel-rail
  ✓ model_7895.glb (408 polys)

[7896] Frome 940 x 474 Chrome -> towel-rail
  ✓ model_7896.glb (408 polys)

[7897] Leadon 940 x 700 Chrome -> towel-rail
  ✓ model_7897.glb (408 polys)

[7898] Shannon 1500 x 850 x 400mm Left hand (LH) P-Shaped Beauforte Shower Bath - White -> bath
  ✓ model_7898.glb (122 polys)

[7899] Shannon 1700 x 850 x 400mm Right Hand (RH) P-Shaped Beauforte Shower Bath - White -> bath
  ✓ model_7899.glb (122 polys)

[7900] Malin Single Ended (SE) 1500 x 700 x 440mm Beauforte Bath - White -> bath
  ✓ model_7900.glb (122 polys)

[7901] Shannon 1700 x 850 x 400mm Left hand (LH) P-Shaped Beauforte Shower Bath - White -> bath
  ✓ model_7901.glb (122 polys)

[7902] Biscay Single Ended (SE) 1700 x 750 x 440mm Beauforte Bath - White -> bath
  ✓ model_7902.glb (122 polys)

[7903] Shannon 1500 x 850 x 400mm Left hand (LH) L-Shaped Beauforte Shower Bath - White -> bath
  ✓ model_7903.glb (122 polys)

[7904] Malin Single Ended (SE) 1700 x 750 x 440mm Beauforte Bath - White -> bath
  ✓ model_7904.glb (122 polys)

[7905] Biscay Single Ended (SE) 1800 x 800 x 440mm Beauforte Bath - White -> bath
  ✓ model_7905.glb (122 polys)

[7906] Biscay Double Ended (DE) 1600 x 725 x 440mm RH Beauforte Bath - White -> bath
  ✓ model_7906.glb (122 polys)

[7907] Rockall Single Ended (SE) 1500 x 700 x 440mm Beauforte Bath - White -> bath
  ✓ model_7907.glb (122 polys)

[7908] Biscay Double Ended (DE) 1600 x 725 x 440mm LH Beauforte Bath - White -> bath
  ✓ model_7908.glb (122 polys)

[7909] Biscay Double Ended (DE) 1700 x 700 x 440mm Beauforte Bath - White -> bath
  ✓ model_7909.glb (122 polys)

[7910] Rockall Single Ended (SE) 1400 x 700 x 440mm Beauforte Bath - White -> bath
  ✓ model_7910.glb (122 polys)

[7911] Biscay Single Ended (SE) 1700 x 700 x 440mm 5mm Bath - White -> bath
  ✓ model_7911.glb (122 polys)

[7912] Shannon 1500 x 850 x 400mm Left hand (LH) L-Shaped 4mm Shower Bath - White -> bath
  ✓ model_7912.glb (122 polys)

[7913] Rockall Single Ended (SE) 1650 x 700 x 440mm Beauforte Bath - White -> bath
  ✓ model_7913.glb (122 polys)

[7914] Biscay Single Ended (SE) 1700 x 750 x 440mm 5mm Bath - White -> bath
  ✓ model_7914.glb (122 polys)

[7915] Shannon 1700 x 850 x 400mm Right Hand (RH) L-Shaped 4mm Shower Bath - White -> bath
  ✓ model_7915.glb (122 polys)

[7916] Rockall Single Ended (SE) 1675 x 700 x 440mm Beauforte Bath - White -> bath
  ✓ model_7916.glb (122 polys)

[7917] Biscay Double Ended (DE) 1800 x 800 x 440mm Beauforte Bath - White -> bath
  ✓ model_7917.glb (122 polys)

[7918] Biscay Double Ended (DE) 1700 x 750 x 440mm 5mm Bath - White -> bath
  ✓ model_7918.glb (122 polys)

[7919] Biscay Double Ended (DE) 1800 x 800 x 440mm 5mm Bath - White -> bath
  ✓ model_7919.glb (122 polys)

[7920] Rockall Single Ended (SE) 1600 x 750 x 440mm Beauforte Bath - White -> bath
  ✓ model_7920.glb (122 polys)

[7921] Rockall Single Ended (SE) Twin Grip (TG) 1400 x 700 x 440mm Beauforte Bath - White -> bath
  ✓ model_7921.glb (122 polys)

[7471] Wingrave Flat Panel Towel Hanger 410mm Chrome -> shelf
  ✓ model_7471.glb (18 polys)

[7922] Rockall Single Ended (SE) 1700 x 750 x 440mm Beauforte Bath - White -> bath
  ✓ model_7922.glb (122 polys)

[7923] Rockall Single Ended (SE) Twin Grip (TG) 1500 x 700 x 440mm Beauforte Bath - White -> bath
  ✓ model_7923.glb (122 polys)

[7924] Rockall Single Ended (SE) 1800 x 800 x 440mm Beauforte Bath - White -> bath
  ✓ model_7924.glb (122 polys)

[7925] Biscay Double Ended (DE) 1600 x 725 x 440mm 5mm Right Hand (RH) Bath - White -> bath
  ✓ model_7925.glb (122 polys)

[7926] Rockall Single Ended (SE) 1900 x 900 x 440mm Beauforte Bath - White -> bath
  ✓ model_7926.glb (122 polys)

[7927] Rockall Single Ended (SE) Twin Grip (TG) 1600 x 700 x 440mm Beauforte Bath - White -> bath
  ✓ model_7927.glb (122 polys)

[7928] Rockall Single Ended (SE) Twin Grip (TG) 1675 x 700 x 440mm 5mm Bath - White -> bath
  ✓ model_7928.glb (122 polys)

[7929] Malin Double Ended (DE) 1750 x 750 x 440mm Beauforte Bath - White -> bath
  ✓ model_7929.glb (122 polys)

[7930] Biscay Double Ended (DE) 1700 x 800 x 440mm 5mm Right hand RH Bath - White -> bath
  ✓ model_7930.glb (122 polys)

[7931] Malin Double Ended (DE) 1650 x 700 x 440mm Beauforte Bath - White -> bath
  ✓ model_7931.glb (122 polys)

[7932] Rockall Single Ended (SE) Twin Grip (TG) 1700 x 800 x 440mm 5mm Bath - White -> bath
  ✓ model_7932.glb (122 polys)

[6414] Chesham 1524 x 813mm Freestanding Bath - White -> bath
  ✓ model_6414.glb (122 polys)

[7933] Malin Double Ended (DE) 1700 x 700 x 440mm Beauforte Bath - White -> bath
  ✓ model_7933.glb (122 polys)

[7934] Rockall Single Ended (SE) Twin Grip (TG) 1900 x 900 x 440mm 5mm Bath - White -> bath
  ✓ model_7934.glb (122 polys)

[7935] Shannon 1500 x 850 x 400mm Right Hand (RH) P-Shaped 4mm Shower Bath - White -> bath
  ✓ model_7935.glb (122 polys)

[7936] Malin Single Ended (SE) 1750 x 750 x 440mm Beauforte Bath - White -> bath
  ✓ model_7936.glb (122 polys)

[7937] Shannon 1500 x 850 x 400mm Left hand (LH) P-Shaped 4mm Shower Bath - White -> bath
  ✓ model_7937.glb (122 polys)

[7938] Shannon 1700 x 850 x 400mm Right Hand (RH) P-Shaped 4mm Shower Bath - White -> bath
  ✓ model_7938.glb (122 polys)

[7939] Shannon 1700 x 850 x 400mm Left hand (LH) P-Shaped 4mm Shower Bath - White -> bath
  ✓ model_7939.glb (122 polys)

[7940] Biscay 1800 x 800 x 440mm Left hand (LH) Straight Beauforte Shower Bath - White -> bath
  ✓ model_7940.glb (122 polys)

[7941] Biscay 1700 x 700 x 440mm Right Hand (RH) Straight Beauforte Shower Bath - White -> bath
  ✓ model_7941.glb (122 polys)

[7942] Biscay 1700 x 700 x 440mm Left hand (LH) Straight Beauforte Shower Bath - White -> bath
  ✓ model_7942.glb (122 polys)

[7943] Biscay 1700 x 750 x 440mm Left hand (LH) Straight Beauforte Shower Bath - White -> bath
  ✓ model_7943.glb (122 polys)

[7944] Biscay 1800 x 800 x 440mm Right Hand (RH) Straight Beauforte Shower Bath - White -> bath
  ✓ model_7944.glb (122 polys)

[7945] Type 11 Flat Panel Radiator 600 x 600 Matt Cappuccino -> radiator
  ✓ model_7945.glb (286 polys)

[7946] Type 11 Flat Panel Radiator 600 x 400 Matt Cappuccino -> radiator
  ✓ model_7946.glb (286 polys)

[7947] Type 11 Flat Panel Radiator 600 x 1600 Matt Grey -> radiator
  ✓ model_7947.glb (286 polys)

[7948] Type 11 Flat Panel Radiator 600 x 1400 Matt Grey -> radiator
  ✓ model_7948.glb (286 polys)

[7949] Type 11 Flat Panel Radiator 600 x 1400 Matt Black -> radiator
  ✓ model_7949.glb (286 polys)

[7950] Type 11 Flat Panel Radiator 600 x 1200 Matt Grey -> radiator
  ✓ model_7950.glb (286 polys)

[7951] Type 11 Flat Panel Radiator 600 x 1200 Matt Black -> radiator
  ✓ model_7951.glb (286 polys)

[7952] Type 11 Flat Panel Radiator 600 x 1000 Matt Grey -> radiator
  ✓ model_7952.glb (286 polys)

[7953] Type 11 Flat Panel Radiator 600 x 1000 Matt Black -> radiator
  ✓ model_7953.glb (286 polys)

[7954] Type 11 Flat Panel Radiator 600 x 800 Matt Black -> radiator
  ✓ model_7954.glb (286 polys)

[7955] Type 11 Flat Panel Radiator 600 x 600 Matt Black -> radiator
  ✓ model_7955.glb (286 polys)

[7956] Type 11 Flat Panel Radiator 600 x 1600 Matt Anthracite -> radiator
  ✓ model_7956.glb (286 polys)

[7957] Type 11 Flat Panel Radiator 600 x 1400 Matt Anthracite -> radiator
  ✓ model_7957.glb (286 polys)

[7958] Type 11 Flat Panel Radiator 600 x 1200 Matt Anthracite -> radiator
  ✓ model_7958.glb (286 polys)

[7959] Type 11 Flat Panel Radiator 600 x 1000 Matt Anthracite -> radiator
  ✓ model_7959.glb (286 polys)

[7960] Type 11 Flat Panel Radiator 600 x 800 Matt Anthracite -> radiator
  ✓ model_7960.glb (286 polys)

[7961] Type 11 Flat Panel Radiator 600 x 600 Matt Anthracite -> radiator
  ✓ model_7961.glb (286 polys)

[7962] Type 11 Flat Panel Radiator 600 x 400 Matt Anthracite -> radiator
  ✓ model_7962.glb (286 polys)

[7963] Type 11 Flat Panel Radiator 600 x 1600 Matt Cappuccino -> radiator
  ✓ model_7963.glb (286 polys)

[7964] Type 11 Flat Panel Radiator 600 x 1400 Matt Cappuccino -> radiator
  ✓ model_7964.glb (286 polys)

[7965] Type 11 Flat Panel Radiator 600 x 1200 Matt Cappuccino -> radiator
  ✓ model_7965.glb (286 polys)

[7966] Type 11 Flat Panel Radiator 600 x 1000 Matt Cappuccino -> radiator
  ✓ model_7966.glb (286 polys)

[7967] Type 11 Flat Panel Radiator 600 x 800 Matt Cappuccino -> radiator
  ✓ model_7967.glb (286 polys)

[7968] Type 11 Flat Panel Radiator 400 x 1000 Gloss White -> radiator
  ✓ model_7968.glb (286 polys)

[7969] Type 11 Flat Panel Radiator 400 x 800 Gloss White -> radiator
  ✓ model_7969.glb (286 polys)

[7970] Type 11 Flat Panel Radiator 400 x 600 Gloss White -> radiator
  ✓ model_7970.glb (286 polys)

[7971] Double Tube on Tube Multirail 1200 x 500 Chrome -> towel-rail
  ✓ model_7971.glb (408 polys)

[7972] Double Tube on Tube Multirail 1200 x 400 Chrome -> towel-rail
  ✓ model_7972.glb (408 polys)

[7973] Double Tube on Tube Multirail 600 x 500 Chrome -> towel-rail
  ✓ model_7973.glb (408 polys)

[7974] Double Tube on Tube Multirail 600 x 400 Chrome -> towel-rail
  ✓ model_7974.glb (408 polys)

[7975] Vantage Plan B 1200mm x 760mm Rectangular Shower Tray - White -> shower-tray
  ✓ model_7975.glb (138 polys)

[7976] Kennet Dry Element Towel Rail 1200 x 500 Chrome -> towel-rail
  ✓ model_7976.glb (408 polys)

[7977] Vantage Plan B 1000mm x 700mm Rectangular Shower Tray - White -> shower-tray
  ✓ model_7977.glb (138 polys)

[7978] Vantage Plan B 1100mm x 900mm Rectangular Shower Tray - White -> shower-tray
  ✓ model_7978.glb (138 polys)

[7979] Kennet Dry Element Towel Rail 700 x 500 Chrome -> towel-rail
  ✓ model_7979.glb (408 polys)

[7980] Kennet Dry Element Towel Rail 1200 x 600 Matt Anthracite -> towel-rail
  ✓ model_7980.glb (408 polys)

[7981] Vantage Plan B 1100mm x 760mm Rectangular Shower Tray - White -> shower-tray
  ✓ model_7981.glb (138 polys)

[7982] Kennet Dry Element Towel Rail 1200 x 500 Matt Anthracite -> towel-rail
  ✓ model_7982.glb (408 polys)

[7983] Vantage Plan B 1000mm x 760mm Rectangular Shower Tray - White -> shower-tray
  ✓ model_7983.glb (138 polys)

[7984] Vantage Plan B 1200mm x 700mm Rectangular Shower Tray - White -> shower-tray
  ✓ model_7984.glb (138 polys)

[7985] Vantage Plan B 900mm x 760mm Rectangular Shower Tray - White -> shower-tray
  ✓ model_7985.glb (138 polys)

[7986] Type 11 Flat Panel Radiator 500 x 1200 Gloss White -> radiator
  ✓ model_7986.glb (286 polys)

[7987] Type 11 Flat Panel Radiator 500 x 1000 Gloss White -> radiator
  ✓ model_7987.glb (286 polys)

[7988] Type 11 Flat Panel Radiator 500 x 600 Gloss White -> radiator
  ✓ model_7988.glb (286 polys)

[7989] Type 11 Flat Panel Radiator 400 x 1400 Gloss White -> radiator
  ✓ model_7989.glb (286 polys)

[7990] Type 11 Flat Panel Radiator 600 x 800 Matt Grey -> radiator
  ✓ model_7990.glb (286 polys)

[7991] Type 11 Flat Panel Radiator 600 x 600 Matt Grey -> radiator
  ✓ model_7991.glb (286 polys)

[7992] Type 11 Flat Panel Radiator 600 x 400 Matt Grey -> radiator
  ✓ model_7992.glb (286 polys)

[7993] Type 11 Flat Panel Radiator 600 x 1600 Matt White -> radiator
  ✓ model_7993.glb (286 polys)

[7994] Type 11 Flat Panel Radiator 600 x 1400 Matt White -> radiator
  ✓ model_7994.glb (286 polys)

[7995] Kennet Dry Element Towel Rail 700 x 500 Matt Anthracite -> towel-rail
  ✓ model_7995.glb (408 polys)

[7996] Emsbury Dry Element Towel Rail 800 x 500 Polished -> towel-rail
  ✓ model_7996.glb (408 polys)

[7997] Type 22 Flat Panel Radiator 600 x 400 Matt Black -> radiator
  ✓ model_7997.glb (286 polys)

[7998] Loddon Dry Element Towel Rail 1200 x 600 Chrome -> towel-rail
  ✓ model_7998.glb (408 polys)

[7999] Type 11 Flat Panel Radiator 600 x 1800 Gloss White -> radiator
  ✓ model_7999.glb (286 polys)

[8000] Type 22 Flat Panel Radiator 600 x 1200 Matt White -> radiator
  ✓ model_8000.glb (286 polys)

[8001] Type 22 Flat Panel Radiator 600 x 1600 Matt Anthracite -> radiator
  ✓ model_8001.glb (286 polys)

[8002] Biava Dry Element Towel Rail 1100x600mm Matt Anthracite -> towel-rail
  ✓ model_8002.glb (408 polys)

[8003] Loddon Dry Element Towel Rail 1200 x 500 Chrome -> towel-rail
  ✓ model_8003.glb (408 polys)

[8004] Type 11 Flat Panel Radiator 600 x 1600 Gloss White -> radiator
  ✓ model_8004.glb (286 polys)

[8005] Loddon Dry Element Towel Rail 800 x 600 Chrome -> towel-rail
  ✓ model_8005.glb (408 polys)

[8006] Type 22 Flat Panel Radiator 600 x 1400 Matt Anthracite -> radiator
  ✓ model_8006.glb (286 polys)

[8007] Biava Dry Element Towel Rail 700x600mm Matt Anthracite -> towel-rail
  ✓ model_8007.glb (408 polys)

[8008] Type 22 Flat Panel Radiator 600 x 1200 Matt Anthracite -> radiator
  ✓ model_8008.glb (286 polys)

[8009] Loddon Dry Element Towel Rail 800 x 500 Chrome -> towel-rail
  ✓ model_8009.glb (408 polys)

[8010] Type 22 Flat Panel Radiator 600 x 1400 Gloss White -> radiator
  ✓ model_8010.glb (286 polys)

[8011] Type 22 Flat Panel Radiator 600 x 800 Matt Anthracite -> radiator
  ✓ model_8011.glb (286 polys)

[8012] Loddon Dry Element Towel Rail 1200 x 600 Matt Black -> towel-rail
  ✓ model_8012.glb (408 polys)

[8013] Type 11 Flat Panel Radiator 600 x 1000 Gloss White -> radiator
  ✓ model_8013.glb (286 polys)

[8014] Type 22 Flat Panel Radiator 600 x 1200 Gloss White -> radiator
  ✓ model_8014.glb (286 polys)

[8015] Type 22 Flat Panel Radiator 600 x 600 Matt Anthracite -> radiator
  ✓ model_8015.glb (286 polys)

[8016] Type 11 Flat Panel Radiator 600 x 600 Gloss White -> radiator
  ✓ model_8016.glb (286 polys)

[8017] Loddon Dry Element Towel Rail 1200 x 500 Matt Black -> towel-rail
  ✓ model_8017.glb (408 polys)

[8018] Type 22 Flat Panel Radiator 600 x 1000 Gloss White -> radiator
  ✓ model_8018.glb (286 polys)

[8019] Type 22 Flat Panel Radiator 600 x 400 Matt Anthracite -> radiator
  ✓ model_8019.glb (286 polys)

[8020] Loddon Dry Element Towel Rail 800 x 600 Matt Black -> towel-rail
  ✓ model_8020.glb (408 polys)

[8021] Type 22 Flat Panel Radiator 600 x 1600 Matt Cappuccino -> radiator
  ✓ model_8021.glb (286 polys)

[8022] Biava Dry Element Towel Rail 1100x500mm 400w Gloss White -> towel-rail
  ✓ model_8022.glb (408 polys)

[8023] Loddon Dry Element Towel Rail 800 x 500 Matt Black -> towel-rail
  ✓ model_8023.glb (408 polys)

[8024] Type 22 Flat Panel Radiator 600 x 1400 Matt Cappuccino -> radiator
  ✓ model_8024.glb (286 polys)

[8025] Biava Dry Element Towel Rail 700x500mm 250w Gloss White -> towel-rail
  ✓ model_8025.glb (408 polys)

[8026] Loddon Dry Element Towel Rail 1200 x 600 Matt Anthracite -> towel-rail
  ✓ model_8026.glb (408 polys)

[8027] Type 22 Flat Panel Radiator 600 x 1200 Matt Cappuccino -> radiator
  ✓ model_8027.glb (286 polys)

[8028] Loddon Dry Element Towel Rail 1200 x 500 Matt Anthracite -> towel-rail
  ✓ model_8028.glb (408 polys)

[8029] Type 22 Flat Panel Radiator 500 x 1400 Gloss White -> radiator
  ✓ model_8029.glb (286 polys)

[8030] Type 22 Flat Panel Radiator 600 x 1000 Matt Cappuccino -> radiator
  ✓ model_8030.glb (286 polys)

[8031] Loddon Dry Element Towel Rail 800 x 600 Matt Anthracite -> towel-rail
  ✓ model_8031.glb (408 polys)

[8032] Biava Dry Element Towel Rail 700x600mm Chrome -> towel-rail
  ✓ model_8032.glb (408 polys)

[8033] Type 22 Flat Panel Radiator 600 x 800 Matt Cappuccino -> radiator
  ✓ model_8033.glb (286 polys)

[8034] Loddon Dry Element Towel Rail 800 x 500 Matt Anthracite -> towel-rail
  ✓ model_8034.glb (408 polys)

[8035] Type 22 Flat Panel Radiator 600 x 600 Matt Cappuccino -> radiator
  ✓ model_8035.glb (286 polys)

[8036] Loddon Dry Element Towel Rail 1200 x 600 Matt White -> towel-rail
  ✓ model_8036.glb (408 polys)

[8037] Type 22 Flat Panel Radiator 600 x 400 Matt Cappuccino -> radiator
  ✓ model_8037.glb (286 polys)

[8038] Type 22 Flat Panel Radiator 500 x 800 Gloss White -> radiator
  ✓ model_8038.glb (286 polys)

[8039] Type 22 Flat Panel Radiator 500 x 600 Gloss White -> radiator
  ✓ model_8039.glb (286 polys)

[8040] Loddon Dry Element Towel Rail 1200 x 500 Matt White -> towel-rail
  ✓ model_8040.glb (408 polys)

[8041] Type 22 Flat Panel Radiator 600 x 1600 Matt Grey -> radiator
  ✓ model_8041.glb (286 polys)

[8042] Type 22 Flat Panel Radiator 400 x 1400 Gloss White -> radiator
  ✓ model_8042.glb (286 polys)

[8043] Loddon Dry Element Towel Rail 800 x 600 Matt White -> towel-rail
  ✓ model_8043.glb (408 polys)

[8044] Type 22 Flat Panel Radiator 600 x 1400 Matt Grey -> radiator
  ✓ model_8044.glb (286 polys)

[8045] Type 22 Flat Panel Radiator 400 x 1200 Gloss White -> radiator
  ✓ model_8045.glb (286 polys)

[8046] Type 22 Flat Panel Radiator 600 x 1200 Matt Grey -> radiator
  ✓ model_8046.glb (286 polys)

[8047] Loddon Dry Element Towel Rail 800 x 500 Matt White -> towel-rail
  ✓ model_8047.glb (408 polys)

[8048] Type 22 Flat Panel Radiator 400 x 1000 Gloss White -> radiator
  ✓ model_8048.glb (286 polys)

[8049] Type 22 Flat Panel Radiator 600 x 1000 Matt Grey -> radiator
  ✓ model_8049.glb (286 polys)

[8050] Type 22 Flat Panel Radiator 600 x 800 Matt Grey -> radiator
  ✓ model_8050.glb (286 polys)

[8051] Type 22 Flat Panel Radiator 400 x 600 Gloss White -> radiator
  ✓ model_8051.glb (286 polys)

[8052] Type 22 Flat Panel Radiator 600 x 600 Matt Grey -> radiator
  ✓ model_8052.glb (286 polys)

[8053] Type 22 Flat Panel Radiator 600 x 400 Matt Grey -> radiator
  ✓ model_8053.glb (286 polys)

[8054] Vantage Plan F Left Hand (LH) 1000mm x 900mm Offset Quadrant Shower Tray - White -> shower-tray
  ✓ model_8054.glb (138 polys)

[8055] Vantage Plan F Left Hand (LH) 1000mm x 800mm Offset Quadrant Shower Tray - White -> shower-tray
  ✓ model_8055.glb (138 polys)

[8056] Vantage Plan E 800mm x 800mm Quadrant Shower Tray - White -> shower-tray
  ✓ model_8056.glb (138 polys)

[8057] Vantage Plan C 1400mm x 700mm Rectangular Shower Tray - White -> shower-tray
  ✓ model_8057.glb (138 polys)

[8058] Vantage Plan F Right Hand (RH) 900mm x 800mm Offset Quadrant Shower Tray - White -> shower-tray
  ✓ model_8058.glb (138 polys)

[8059] Vantage Plan C 1300mm x 800mm Rectangular Shower Tray - White -> shower-tray
  ✓ model_8059.glb (138 polys)

[8060] Vantage Plan F Left Hand (LH) 900mm x 800mm Offset Quadrant Shower Tray - White -> shower-tray
  ✓ model_8060.glb (138 polys)

[8061] Vantage Plan F Right Hand (RH) 900mm x 760mm Offset Quadrant Shower Tray - White -> shower-tray
  ✓ model_8061.glb (138 polys)

[8062] Vantage Plan F Left Hand (LH) 900mm x 760mm Offset Quadrant Shower Tray - White -> shower-tray
  ✓ model_8062.glb (138 polys)

[8063] Vantage Plan C 1700mm x 800mm Rectangular Shower Tray - White -> shower-tray
  ✓ model_8063.glb (138 polys)

[8064] Emsbury Dry Element Towel Rail 1200 x 600 Polished -> towel-rail
  ✓ model_8064.glb (408 polys)

[8065] Type 22 Flat Panel Radiator 600 x 1400 Matt Black -> radiator
  ✓ model_8065.glb (286 polys)

[6500] Addington Flat Style Towel Hanger 366mm Matt Black -> shelf
  ✓ model_6500.glb (18 polys)

[8066] Emsbury Dry Element Towel Rail 1200 x 500 Polished -> towel-rail
  ✓ model_8066.glb (408 polys)

[8067] Type 22 Flat Panel Radiator 600 x 1200 Matt Black -> radiator
  ✓ model_8067.glb (286 polys)

[8068] Kennet Dry Element Towel Rail 700 x 600 Matt Anthracite -> towel-rail
  ✓ model_8068.glb (408 polys)

[8069] Emsbury Dry Element Towel Rail 800 x 600 Polished -> towel-rail
  ✓ model_8069.glb (408 polys)

[8070] Vantage Plan C 1600mm x 800mm Rectangular Shower Tray - White -> shower-tray
  ✓ model_8070.glb (138 polys)

[8071] Type 22 Flat Panel Radiator 600 x 600 Matt Black -> radiator
  ✓ model_8071.glb (286 polys)

[8072] Vantage Plan F Left Hand (LH) 1200mm x 900mm Offset Quadrant Shower Tray - White -> shower-tray
  ✓ model_8072.glb (138 polys)

[8073] Vantage Plan F Right Hand (RH) 1200mm x 800mm Offset Quadrant Shower Tray - White -> shower-tray
  ✓ model_8073.glb (138 polys)

[8074] Vantage Plan F Left Hand (LH) 1200mm x 800mm Offset Quadrant Shower Tray - White -> shower-tray
  ✓ model_8074.glb (138 polys)

[8075] Biava Dry Element Towel Rail 1100x500mm Matt Anthracite -> towel-rail
  ✓ model_8075.glb (408 polys)

[8076] Vantage Plan C 1500mm x 760mm Rectangular Shower Tray - White -> shower-tray
  ✓ model_8076.glb (138 polys)

[8077] Vantage Plan C 1500mm x 700mm Rectangular Shower Tray - White -> shower-tray
  ✓ model_8077.glb (138 polys)

[8078] Biava Dry Element Towel Rail 1100x600mm 500w Gloss White -> towel-rail
  ✓ model_8078.glb (408 polys)

[8079] Biava Dry Element Towel Rail 700x600mm 300w Gloss White -> towel-rail
  ✓ model_8079.glb (408 polys)

[5829] Corniche 2000 8mm Soft Close Walk in 1600 Slider RH  Matt Black -> shower-enclosure
  ✓ model_5829.glb (178 polys)

[4974] Rivassa 2 Column Radiator 600 x 833mm Bronze Olive -> radiator
  ✓ model_4974.glb (286 polys)

[4975] Rivassa 2 Column Radiator 600 x 608mm Bronze Olive -> radiator
  ✓ model_4975.glb (286 polys)

[4976] Vantage Easy Clean 1850mm x 1650mm Slider Shower Door - Chrome -> shower-enclosure
  ✓ model_4976.glb (178 polys)

[4977] Biava Multirail HV Straight 1720 x 750mm Matt White -> towel-rail
  ✓ model_4977.glb (408 polys)

[4978] Biava Multirail HV Straight 1720 x 600mm Matt White -> towel-rail
  ✓ model_4978.glb (408 polys)

[4979] Biava Multirail HV Straight 1720 x 450mm Matt White -> towel-rail
  ✓ model_4979.glb (408 polys)

[4980] Biava Multirail HV Straight 1118 x 750mm Matt White -> towel-rail
  ✓ model_4980.glb (408 polys)

[4981] Biava Multirail HV Straight 1118 x 600mm Matt White -> towel-rail
  ✓ model_4981.glb (408 polys)

[4982] Biava Multirail HV Straight 1118 x 450mm Matt White -> towel-rail
  ✓ model_4982.glb (408 polys)

[4983] Biava Multirail HV Straight 688 x 750mm Matt White -> towel-rail
  ✓ model_4983.glb (408 polys)

[4984] Biava Multirail HV Straight 688 x 600mm Matt White -> towel-rail
  ✓ model_4984.glb (408 polys)

[4985] Biava Multirail HV Straight 688 x 450mm Matt White -> towel-rail
  ✓ model_4985.glb (408 polys)

[4986] Tunstall V Towel Hanger 350mm Matt Anthracite -> shelf
  ✓ model_4986.glb (18 polys)

[4987] Tunstall V Towel Hanger 560mm Matt White -> shelf
  ✓ model_4987.glb (18 polys)

[4988] Tunstall V Towel Hanger 490mm Matt White -> shelf
  ✓ model_4988.glb (18 polys)

[4990] Rivassa 3 Column Radiator 1800 x 383mm Bronze Olive -> radiator
  ✓ model_4990.glb (286 polys)

[4991] Rivassa 3 Column Radiator 1800 x 473mm Bronze Olive -> radiator
  ✓ model_4991.glb (286 polys)

[4992] Tunstall V Towel Hanger 560mm Matt Anthracite -> shelf
  ✓ model_4992.glb (18 polys)

[4993] Tunstall V Towel Hanger 490mm Matt Anthracite -> shelf
  ✓ model_4993.glb (18 polys)

[4994] Tunstall V Towel Hanger 560mm Chrome -> shelf
  ✓ model_4994.glb (18 polys)

[4995] Tunstall V Towel Hanger 490mm Chrome -> shelf
  ✓ model_4995.glb (18 polys)

[4996] Tunstall V Towel Hanger 350mm Chrome -> shelf
  ✓ model_4996.glb (18 polys)

[4997] Tunstall V Towel Hanger 560mm Matt Black -> shelf
  ✓ model_4997.glb (18 polys)

[4998] Tunstall V Towel Hanger 490mm Matt Black -> shelf
  ✓ model_4998.glb (18 polys)

[4999] Tunstall V Towel Hanger 350mm Matt Black -> shelf
  ✓ model_4999.glb (18 polys)

[5000] Portland Single Ended (SE) 1650 x 700 x 440mm Beauforte Bath - White -> bath
  ✓ model_5000.glb (122 polys)

[5001] Malin Double Ended (DE) 1675 x 700 x 440mm Beauforte Bath - White -> bath
  ✓ model_5001.glb (122 polys)

[5002] Malin Single Ended (SE) 1675 x 700 x 440mm Beauforte Bath - White -> bath
  ✓ model_5002.glb (122 polys)

[5003] Malin Single Ended (SE) 1650 x 700 x 440mm Beauforte Bath - White -> bath
  ✓ model_5003.glb (122 polys)

[5017] Warrington 1800 x 608 Radiator Type20 Matt Black -> radiator
  ✓ model_5017.glb (286 polys)

[5004] Portland Single Ended (SE) Twin Grip (TG) 1675 x 700 x 440mm Beauforte Bath - White -> bath
  ✓ model_5004.glb (122 polys)

[5005] Portland Single Ended (SE) 1700 x 800 x 440mm 5mm Bath - Matt White -> bath
  ✓ model_5005.glb (122 polys)

[5006] Fitzroy Single Ended (SE) 1700 x 750 x 440mm 5mm Bath - White -> bath
  ✓ model_5006.glb (122 polys)

[5007] Fitzroy Single Ended (SE) 1700 x 750 x 440mm Beauforte Bath - White -> bath
  ✓ model_5007.glb (122 polys)

[5008] Fitzroy Single Ended (SE) 1700 x 750 x 440mm 5mm Bath - White -> bath
  ✓ model_5008.glb (122 polys)

[5009] Fitzroy Single Ended (SE) 1700 x 750 x 440mm Beauforte Bath - White -> bath
  ✓ model_5009.glb (122 polys)

[5010] Portland Single Ended (SE) 1675 x 700 x 440mm Beauforte Bath - White -> bath
  ✓ model_5010.glb (122 polys)

[5011] Portland Single Ended (SE) 1675 x 700 x 440mm 5mm Bath - White -> bath
  ✓ model_5011.glb (122 polys)

[5012] Portland Single Ended (SE) 1650 x 700 x 440mm 5mm Bath - White -> bath
  ✓ model_5012.glb (122 polys)

[5013] Malin Double Ended (DE) 1675 x 700 x 440mm 5mm Bath - White -> bath
  ✓ model_5013.glb (122 polys)

[5014] Malin Single Ended (SE) 1675 x 700 x 440mm 5mm Bath - White -> bath
  ✓ model_5014.glb (122 polys)

[5015] Malin Single Ended (SE) 1650 x 700 x 440mm 5mm Bath - White -> bath
  ✓ model_5015.glb (122 polys)

[5016] Portland Single Ended (SE) Twin Grip (TG) 1675 x 700 x 440mm 5mm Bath - White -> bath
  ✓ model_5016.glb (122 polys)

[5018] Warrington 1800 x 608 Radiator Type20 Matt Anthracite -> radiator
  ✓ model_5018.glb (286 polys)

[5019] Warrington 1800 x 608 Radiator Type20 Gloss White -> radiator
  ✓ model_5019.glb (286 polys)

[5020] Warrington 1800 x 532 Radiator Type20 Matt Black -> radiator
  ✓ model_5020.glb (286 polys)

[5021] Warrington 1800 x 532 Radiator Type20 Matt Anthracite -> radiator
  ✓ model_5021.glb (286 polys)

[5022] Warrington 1800 x 532 Radiator Type20 Gloss White -> radiator
  ✓ model_5022.glb (286 polys)

[5023] Wendover Straight Multirail 800 x 300 Matt Anthracite -> towel-rail
  ✓ model_5023.glb (408 polys)

[5024] Wendover Straight Multirail 1800 x 300 Matt Anthracite -> towel-rail
  ✓ model_5024.glb (408 polys)

[5025] Trent 1800 x 280 Aluminium Radiator Matt White -> radiator
  ✓ model_5025.glb (286 polys)

[5026] Warrington 1800 x 456 Radiator Type20 Matt Black -> radiator
  ✓ model_5026.glb (286 polys)

[5027] Wendover Straight Multirail 600 x 1200 Matt Anthracite -> towel-rail
  ✓ model_5027.glb (408 polys)

[5028] Mersey / Trent Towel Hanger 660mm. Brushed Brass -> shelf
  ✓ model_5028.glb (18 polys)

[5029] Wendover Straight Multirail 1600 x 750 Matt Anthracite -> towel-rail
  ✓ model_5029.glb (408 polys)

[5030] Wendover Straight Multirail 600 x 1000 Matt Anthracite -> towel-rail
  ✓ model_5030.glb (408 polys)

[5031] Warrington 1800 x 456 Radiator Type20 Matt Anthracite -> radiator
  ✓ model_5031.glb (286 polys)

[5032] Mersey / Trent Towel Hanger 565mm. Brushed Brass -> shelf
  ✓ model_5032.glb (18 polys)

[5033] Warrington 1800 x 456 Radiator Type20 Gloss White -> radiator
  ✓ model_5033.glb (286 polys)

[5034] Mersey / Trent Towel Hanger 470mm. Brushed Brass -> shelf
  ✓ model_5034.glb (18 polys)

[5035] Wendover Straight Multirail 1600 x 600 Matt Anthracite -> towel-rail
  ✓ model_5035.glb (408 polys)

[5036] Warrington 1800 x 380 Radiator Type20 Matt Black -> radiator
  ✓ model_5036.glb (286 polys)

[5037] Mersey / Trent Towel Hanger 375mm. Brushed Brass -> shelf
  ✓ model_5037.glb (18 polys)

[5038] Wendover Straight Multirail 1600 x 500 Matt Anthracite -> towel-rail
  ✓ model_5038.glb (408 polys)

[5039] Mersey / Trent Towel Hanger 280mm. Brushed Brass -> shelf
  ✓ model_5039.glb (18 polys)

[5040] Warrington 1800 x 380 Radiator Type20 Matt Anthracite -> radiator
  ✓ model_5040.glb (286 polys)

[5041] Wendover Straight Multirail 1600 x 400 Matt Anthracite -> towel-rail
  ✓ model_5041.glb (408 polys)

[5042] Mersey / Trent Towel Hanger 660mm. Mirror Polished -> shelf
  ✓ model_5042.glb (18 polys)

[5043] Mersey / Trent Towel Hanger 565mm. Mirror Polished -> shelf
  ✓ model_5043.glb (18 polys)

[5044] Warrington 1800 x 380 Radiator Type20 Gloss White -> radiator
  ✓ model_5044.glb (286 polys)

[5045] Wendover Straight Multirail 1600 x 300 Matt Anthracite -> towel-rail
  ✓ model_5045.glb (408 polys)

[5046] Mersey / Trent Towel Hanger 470mm. Mirror Polished -> shelf
  ✓ model_5046.glb (18 polys)

[5047] Warrington 1800 x 304 Radiator Type20 Matt Black -> radiator
  ✓ model_5047.glb (286 polys)

[5048] Wendover Straight Multirail 1400 x 750 Matt Anthracite -> towel-rail
  ✓ model_5048.glb (408 polys)

[5049] Mersey / Trent Towel Hanger 375mm. Mirror Polished -> shelf
  ✓ model_5049.glb (18 polys)

[5050] Warrington 1800 x 304 Radiator Type20 Matt Anthracite -> radiator
  ✓ model_5050.glb (286 polys)

[5051] Warrington 600 x 836 Radiator Type20 Matt Anthracite -> radiator
  ✓ model_5051.glb (286 polys)

[5052] Mersey / Trent Towel Hanger 280mm. Mirror Polished -> shelf
  ✓ model_5052.glb (18 polys)

[5053] Wendover Straight Multirail 1400 x 600 Matt Anthracite -> towel-rail
  ✓ model_5053.glb (408 polys)

[5054] Derwent 1800 x 304 Dry Element Aluminium Radiator Matt White -> radiator
  ✓ model_5054.glb (286 polys)

[5055] Mersey 1800 x 660 Aluminium Radiator Matt Black -> radiator
  ✓ model_5055.glb (286 polys)

[5056] Warrington 600 x 836 Radiator Type20 Gloss White -> radiator
  ✓ model_5056.glb (286 polys)

[5057] Warrington 1800 x 304 Radiator Type20 Gloss White -> radiator
  ✓ model_5057.glb (286 polys)

[5058] Wendover Straight Multirail 1400 x 500 Matt Anthracite -> towel-rail
  ✓ model_5058.glb (408 polys)

[5059] Warrington 600 x 608 Radiator Type20 Matt Black -> radiator
  ✓ model_5059.glb (286 polys)

[5060] Trent 1800 x 660 Aluminium Radiator Matt Black -> radiator
  ✓ model_5060.glb (286 polys)

[5061] Warrington 600 x 1212 Radiator Type10 Matt Black -> radiator
  ✓ model_5061.glb (286 polys)

[5062] Mersey 1800 x 565 Aluminium Radiator Matt Black -> radiator
  ✓ model_5062.glb (286 polys)

[5063] Wendover Straight Multirail 1400 x 400 Matt Anthracite -> towel-rail
  ✓ model_5063.glb (408 polys)

[5064] Warrington 600 x 1212 Radiator Type10 Matt Anthracite -> radiator
  ✓ model_5064.glb (286 polys)

[5065] Trent 1800 x 565 Aluminium Radiator Matt Black -> radiator
  ✓ model_5065.glb (286 polys)

[5066] Warrington 600 x 608 Radiator Type20 Matt Anthracite -> radiator
  ✓ model_5066.glb (286 polys)

[5067] Mersey 1800 x 470 Aluminium Radiator Matt Black -> radiator
  ✓ model_5067.glb (286 polys)

[5068] Mersey 1800 x 375 Aluminium Radiator Matt Black -> radiator
  ✓ model_5068.glb (286 polys)

[5069] Warrington 600 x 608 Radiator Type20 Gloss White -> radiator
  ✓ model_5069.glb (286 polys)

[5070] Trent 1800 x 470 Aluminium Radiator Matt Black -> radiator
  ✓ model_5070.glb (286 polys)

[5071] Mersey 1800 x 280 Aluminium Radiator Matt Black -> radiator
  ✓ model_5071.glb (286 polys)

[5072] Warrington 600 x 456 Radiator Type20 Matt Black -> radiator
  ✓ model_5072.glb (286 polys)

[5073] Trent 1800 x 375 Aluminium Radiator Matt Black -> radiator
  ✓ model_5073.glb (286 polys)

[5074] Mersey 1800 x 660 Aluminium Radiator Matt Anthracite -> radiator
  ✓ model_5074.glb (286 polys)

[5075] Trent 1800 x 280 Aluminium Radiator Matt Black -> radiator
  ✓ model_5075.glb (286 polys)

[5076] Warrington 600 x 456 Radiator Type20 Matt Anthracite -> radiator
  ✓ model_5076.glb (286 polys)

[5077] Trent 1800 x 660 Aluminium Radiator Matt Anthracite -> radiator
  ✓ model_5077.glb (286 polys)

[5078] Warrington 600 x 456 Radiator Type20 Gloss White -> radiator
  ✓ model_5078.glb (286 polys)

[5079] Trent 1800 x 565 Aluminium Radiator Matt Anthracite -> radiator
  ✓ model_5079.glb (286 polys)

[5080] Warrington 1800 x 300 Radiator Type10 Matt Black -> radiator
  ✓ model_5080.glb (286 polys)

[5081] Trent 1800 x 470 Aluminium Radiator Matt Anthracite -> radiator
  ✓ model_5081.glb (286 polys)

[5082] Warrington 1800 x 300 Radiator Type10 Matt Anthracite -> radiator
  ✓ model_5082.glb (286 polys)

[5083] Trent 1800 x 375 Aluminium Radiator Matt Anthracite -> radiator
  ✓ model_5083.glb (286 polys)

[5084] Trent 1800 x 280 Aluminium Radiator Matt Anthracite -> radiator
  ✓ model_5084.glb (286 polys)

[5085] Warrington 1800 x 300 Radiator Type10 Gloss White -> radiator
  ✓ model_5085.glb (286 polys)

[5086] Trent 1800 x 660 Aluminium Radiator Matt White -> radiator
  ✓ model_5086.glb (286 polys)

[5087] Derwent Towel Hanger 604mm. Mirror Polished -> shelf
  ✓ model_5087.glb (18 polys)

[5088] Trent 1800 x 565 Aluminium Radiator Matt White -> radiator
  ✓ model_5088.glb (286 polys)

[5089] Derwent Towel Hanger 504mm. Mirror Polished -> shelf
  ✓ model_5089.glb (18 polys)

[5090] Trent 1800 x 470 Aluminium Radiator Matt White -> radiator
  ✓ model_5090.glb (286 polys)

[5091] Derwent Towel Hanger 404mm. Mirror Polished -> shelf
  ✓ model_5091.glb (18 polys)

[5092] Derwent Towel Hanger 304mm. Mirror Polished -> shelf
  ✓ model_5092.glb (18 polys)

[5093] Trent 1800 x 375 Aluminium Radiator Matt White -> radiator
  ✓ model_5093.glb (286 polys)

[5094] Derwent 1800 x 604 Dry Element Aluminium Radiator Matt Black -> radiator
  ✓ model_5094.glb (286 polys)

[5095] Wendover Straight Multirail 1400 x 300 Matt Anthracite -> towel-rail
  ✓ model_5095.glb (408 polys)

[5096] Wendover Straight Multirail 1200 x 750 Matt Anthracite -> towel-rail
  ✓ model_5096.glb (408 polys)

[5097] Wendover Straight Multirail 1200 x 300 Matt Anthracite -> towel-rail
  ✓ model_5097.glb (408 polys)

[5098] Wendover Straight Multirail 1000 x 750 Matt Anthracite -> towel-rail
  ✓ model_5098.glb (408 polys)

[5099] Wendover Straight Multirail 1000 x 600 Matt Anthracite -> towel-rail
  ✓ model_5099.glb (408 polys)

[5100] Wendover Straight Multirail 1000 x 500 Matt Anthracite -> towel-rail
  ✓ model_5100.glb (408 polys)

[5101] Wendover Straight Multirail 1000 x 400 Matt Anthracite -> towel-rail
  ✓ model_5101.glb (408 polys)

[5102] Wendover Straight Multirail 1000 x 300 Matt Anthracite -> towel-rail
  ✓ model_5102.glb (408 polys)

[5103] Warrington Towel Hanger 300mm Matt Anthracite -> shelf
  ✓ model_5103.glb (18 polys)

[5104] Wendover Straight Multirail 800 x 750 Matt Anthracite -> towel-rail
  ✓ model_5104.glb (408 polys)

[5105] Warrington Towel Hanger 300mm Gloss White -> shelf
  ✓ model_5105.glb (18 polys)

[5106] Warrington 600 x 604 Radiator Type10 Matt Anthracite -> radiator
  ✓ model_5106.glb (286 polys)

[5107] Warrington Towel Hanger 300mm Mirror Polished -> shelf
  ✓ model_5107.glb (18 polys)

[5108] Wendover Straight Multirail 800 x 600 Matt Anthracite -> towel-rail
  ✓ model_5108.glb (408 polys)

[5109] Warrington Towel Hanger 239mm Matt Black -> shelf
  ✓ model_5109.glb (18 polys)

[5110] Warrington 600 x 604 Radiator Type10 Gloss White -> radiator
  ✓ model_5110.glb (286 polys)

[5111] Wendover Straight Multirail 800 x 500 Matt Anthracite -> towel-rail
  ✓ model_5111.glb (408 polys)

[5112] Warrington Towel Hanger 239mm Matt Anthracite -> shelf
  ✓ model_5112.glb (18 polys)

[5113] Warrington Towel Hanger 500mm Matt Black -> shelf
  ✓ model_5113.glb (18 polys)

[5114] Warrington 600 x 452 Radiator Type10 Matt Black -> radiator
  ✓ model_5114.glb (286 polys)

[5115] Wendover Straight Multirail 800 x 400 Matt Anthracite -> towel-rail
  ✓ model_5115.glb (408 polys)

[5116] Warrington Towel Hanger 239mm Gloss White -> shelf
  ✓ model_5116.glb (18 polys)

[5117] Warrington Towel Hanger 500mm Matt Anthracite -> shelf
  ✓ model_5117.glb (18 polys)

[5118] Derwent 1800 x 504 Dry Element Aluminium Radiator Matt Black -> radiator
  ✓ model_5118.glb (286 polys)

[5119] Warrington Towel Hanger 500mm Gloss White -> shelf
  ✓ model_5119.glb (18 polys)

[5120] Warrington 600 x 452 Radiator Type10 Matt Anthracite -> radiator
  ✓ model_5120.glb (286 polys)

[5121] Warrington Towel Hanger 239mm Mirror Polished -> shelf
  ✓ model_5121.glb (18 polys)

[5122] Derwent 1800 x 404 Dry Element Aluminium Radiator Matt Black -> radiator
  ✓ model_5122.glb (286 polys)

[5123] Warrington Towel Hanger 500mm Mirror Polished -> shelf
  ✓ model_5123.glb (18 polys)

[5124] Warrington 600 x 452 Radiator Type10 Gloss White -> radiator
  ✓ model_5124.glb (286 polys)

[5125] Warrington Towel Hanger 380mm Matt Black -> shelf
  ✓ model_5125.glb (18 polys)

[5126] Warrington 600 x 1216 Radiator Type20 Matt Black -> radiator
  ✓ model_5126.glb (286 polys)

[5127] Derwent 1800 x 304 Dry Element Aluminium Radiator Matt Black -> radiator
  ✓ model_5127.glb (286 polys)

[5128] Warrington Towel Hanger 380mm Matt Anthracite -> shelf
  ✓ model_5128.glb (18 polys)

[5129] Warrington 1800 x 604 Radiator Type10 Matt Black -> radiator
  ✓ model_5129.glb (286 polys)

[5130] Mersey 1800 x 280 Aluminium Radiator Matt White -> radiator
  ✓ model_5130.glb (286 polys)

[5304] Stour 1550 x 500 Matt Black -> towel-rail
  ✓ model_5304.glb (408 polys)

[5131] Warrington 600 x 1216 Radiator Type20 Matt Anthracite -> radiator
  ✓ model_5131.glb (286 polys)

[5132] Derwent 1800 x 604 Dry Element Aluminium Radiator Matt Anthracite -> radiator
  ✓ model_5132.glb (286 polys)

[5133] Warrington 1800 x 604 Radiator Type10 Matt Anthracite -> radiator
  ✓ model_5133.glb (286 polys)

[5134] Warrington 600 x 1216 Radiator Type20 Gloss White -> radiator
  ✓ model_5134.glb (286 polys)

[5135] Derwent 1800 x 504 Dry Element Aluminium Radiator Matt Anthracite -> radiator
  ✓ model_5135.glb (286 polys)

[5136] Corniche 2000 1200x900mm Right Hand Offset Quadrant Shower Enclosure - Brushed Brass -> shower-enclosure
  ✓ model_5136.glb (178 polys)

[5137] Warrington 600 x 1064 Radiator Type20 Matt Black -> radiator
  ✓ model_5137.glb (286 polys)

[5138] Warrington 1800 x 604 Radiator Type10 Gloss White -> radiator
  ✓ model_5138.glb (286 polys)

[5139] Derwent 1800 x 404 Dry Element Aluminium Radiator Matt Anthracite -> radiator
  ✓ model_5139.glb (286 polys)

[5140] Corniche 2000 1200x800mm Right Hand Offset Quadrant Shower Enclosure - Brushed Brass -> shower-enclosure
  ✓ model_5140.glb (178 polys)

[5141] Warrington 1800 x 528 Radiator Type10 Matt Black -> radiator
  ✓ model_5141.glb (286 polys)

[5142] Warrington 600 x 1064 Radiator Type20 Matt Anthracite -> radiator
  ✓ model_5142.glb (286 polys)

[5143] Corniche 2000 1200x900mm Left Hand Offset Quadrant Shower Enclosure - Brushed Brass -> shower-enclosure
  ✓ model_5143.glb (178 polys)

[5144] Derwent 1800 x 304 Dry Element Aluminium Radiator Matt Anthracite -> radiator
  ✓ model_5144.glb (286 polys)

[5145] Corniche 2000 1200x800mm Left Hand Offset Quadrant Shower Enclosure - Brushed Brass -> shower-enclosure
  ✓ model_5145.glb (178 polys)

[5146] Warrington 600 x 1064 Radiator Type20 Gloss White -> radiator
  ✓ model_5146.glb (286 polys)

[5147] Warrington 1800 x 528 Radiator Type10 Matt Anthracite -> radiator
  ✓ model_5147.glb (286 polys)

[5148] Derwent 1800 x 604 Dry Element Aluminium Radiator Matt White -> radiator
  ✓ model_5148.glb (286 polys)

[5149] Warrington 600 x 836 Radiator Type20 Matt Black -> radiator
  ✓ model_5149.glb (286 polys)

[5150] Derwent 1800 x 504 Dry Element Aluminium Radiator Matt White -> radiator
  ✓ model_5150.glb (286 polys)

[5151] Warrington 1800 x 528 Radiator Type10 Gloss White -> radiator
  ✓ model_5151.glb (286 polys)

[5152] Derwent 1800 x 404 Dry Element Aluminium Radiator Matt White -> radiator
  ✓ model_5152.glb (286 polys)

[5153] Warrington 1800 x 452 Radiator Type10 Matt Black -> radiator
  ✓ model_5153.glb (286 polys)

[5154] Corniche 2000 1200x800mm Right Hand Offset Quadrant Shower Enclosure - Matt Black -> shower-enclosure
  ✓ model_5154.glb (178 polys)

[5155] Warrington 1800 x 452 Radiator Type10 Matt Anthracite -> radiator
  ✓ model_5155.glb (286 polys)

[5156] Corniche 2000 1200x900mm Left Hand Offset Quadrant Shower Enclosure - Matt Black -> shower-enclosure
  ✓ model_5156.glb (178 polys)

[5157] Warrington 1800 x 452 Radiator Type10 Gloss White -> radiator
  ✓ model_5157.glb (286 polys)

[5158] Corniche 2000 1200x800mm Left Hand Offset Quadrant Shower Enclosure - Matt Black -> shower-enclosure
  ✓ model_5158.glb (178 polys)

[5159] Warrington 600 x 1212 Radiator Type10 Gloss White -> radiator
  ✓ model_5159.glb (286 polys)

[5160] Warrington 1800 x 376 Radiator Type10 Matt Black -> radiator
  ✓ model_5160.glb (286 polys)

[5161] Warrington 600 x 1060 Radiator Type10 Matt Black -> radiator
  ✓ model_5161.glb (286 polys)

[5162] Warrington 600 x 1060 Radiator Type10 Matt Anthracite -> radiator
  ✓ model_5162.glb (286 polys)

[5163] Warrington 1800 x 376 Radiator Type10 Matt Anthracite -> radiator
  ✓ model_5163.glb (286 polys)

[5164] Warrington 600 x 1060 Radiator Type10 Gloss White -> radiator
  ✓ model_5164.glb (286 polys)

[5165] Corniche 2000 Right Hand 1200x900mm Offset Quadrant Shower Enclosure - Chrome -> shower-enclosure
  ✓ model_5165.glb (178 polys)

[5166] Mersey 1800 x 565 Aluminium Radiator Matt Anthracite -> radiator
  ✓ model_5166.glb (286 polys)

[5167] Corniche 2000 Right Hand 1200x800mm Offset Quadrant Shower Enclosure - Chrome -> shower-enclosure
  ✓ model_5167.glb (178 polys)

[5168] Warrington 1800 x 376 Radiator Type10 Gloss White -> radiator
  ✓ model_5168.glb (286 polys)

[5169] Mersey 1800 x 470 Aluminium Radiator Matt Anthracite -> radiator
  ✓ model_5169.glb (286 polys)

[5170] Warrington 600 x 832 Radiator Type10 Matt Black -> radiator
  ✓ model_5170.glb (286 polys)

[5171] Corniche 2000 1200x900mm Left Hand Offset Quadrant Shower Enclosure - Chrome -> shower-enclosure
  ✓ model_5171.glb (178 polys)

[5172] Warrington 600 x 832 Radiator Type10 Matt Anthracite -> radiator
  ✓ model_5172.glb (286 polys)

[5173] Mersey 1800 x 375 Aluminium Radiator Matt Anthracite -> radiator
  ✓ model_5173.glb (286 polys)

[5174] Corniche 2000 1200x800mm Left Hand Offset Quadrant Shower Enclosure - Chrome -> shower-enclosure
  ✓ model_5174.glb (178 polys)

[5175] Warrington 600 x 832 Radiator Type10 Gloss White -> radiator
  ✓ model_5175.glb (286 polys)

[5176] Mersey 1800 x 280 Aluminium Radiator Matt Anthracite -> radiator
  ✓ model_5176.glb (286 polys)

[5177] Warrington 600 x 604 Radiator Type10 Matt Black -> radiator
  ✓ model_5177.glb (286 polys)

[5178] Mersey 1800 x 660 Aluminium Radiator Matt White -> radiator
  ✓ model_5178.glb (286 polys)

[5179] Mersey 1800 x 565 Aluminium Radiator Matt White -> radiator
  ✓ model_5179.glb (286 polys)

[5180] Mersey 1800 x 470 Aluminium Radiator Matt White -> radiator
  ✓ model_5180.glb (286 polys)

[5181] Mersey 1800 x 375 Aluminium Radiator Matt White -> radiator
  ✓ model_5181.glb (286 polys)

[5182] Wendover Straight Multirail 1400 x 500 Chrome -> towel-rail
  ✓ model_5182.glb (408 polys)

[5183] Wendover Straight Multirail 1400 x 400 Chrome -> towel-rail
  ✓ model_5183.glb (408 polys)

[5184] Wendover Straight Multirail 1400 x 300 Chrome -> towel-rail
  ✓ model_5184.glb (408 polys)

[5185] Charlton/Rosano Towel Hanger 565mm Brushed Brass -> shelf
  ✓ model_5185.glb (18 polys)

[5186] Charlton/Rosano Towel Hanger 470mm Brushed Brass -> shelf
  ✓ model_5186.glb (18 polys)

[5187] Charlton/Rosano Towel Hanger 375mm Brushed Brass -> shelf
  ✓ model_5187.glb (18 polys)

[5188] Charlton/Rosano Towel Hanger 280mm Brushed Brass -> shelf
  ✓ model_5188.glb (18 polys)

[5189] Withington/Peretti Towel Hanger 565mm Brushed Brass -> shelf
  ✓ model_5189.glb (18 polys)

[5190] Withington/Peretti Towel Hanger 470mm Brushed Brass -> shelf
  ✓ model_5190.glb (18 polys)

[5191] Warrington Towel Hanger 380mm Gloss White -> shelf
  ✓ model_5191.glb (18 polys)

[5192] Warrington Towel Hanger 380mm Mirror Polished -> shelf
  ✓ model_5192.glb (18 polys)

[5193] Withington/Peretti Towel Hanger 375mm Brushed Brass -> shelf
  ✓ model_5193.glb (18 polys)

[5194] Warrington Towel Hanger 300mm Matt Black -> shelf
  ✓ model_5194.glb (18 polys)

[5195] Withington/Peretti Towel Hanger 280mm Brushed Brass -> shelf
  ✓ model_5195.glb (18 polys)

[5196] Wendover Straight Multirail 600 x 750 Matt Anthracite -> towel-rail
  ✓ model_5196.glb (408 polys)

[5197] Wendover Straight Multirail 600 x 300 Matt Anthracite -> towel-rail
  ✓ model_5197.glb (408 polys)

[5198] Wendover Straight Multirail 360 x 400 Matt Anthracite -> towel-rail
  ✓ model_5198.glb (408 polys)

[5199] Wendover Straight Multirail 1400 x 750 Gloss White -> towel-rail
  ✓ model_5199.glb (408 polys)

[5200] Wendover Straight Multirail 1400 x 600 Gloss White -> towel-rail
  ✓ model_5200.glb (408 polys)

[5201] Corniche 2000 1200x900mm Right Hand Offset Quadrant Shower Enclosure - Matt Black -> shower-enclosure
  ✓ model_5201.glb (178 polys)

[5202] Wendover Straight Multirail 1400 x 500 Gloss White -> towel-rail
  ✓ model_5202.glb (408 polys)

[5203] Wendover Straight Multirail 1400 x 400 Gloss White -> towel-rail
  ✓ model_5203.glb (408 polys)

[5204] Wendover Straight Multirail 1400 x 300 Gloss White -> towel-rail
  ✓ model_5204.glb (408 polys)

[5205] Wendover Straight Multirail 1400 x 750 Chrome -> towel-rail
  ✓ model_5205.glb (408 polys)

[5206] Wendover Straight Multirail 1400 x 600 Chrome -> towel-rail
  ✓ model_5206.glb (408 polys)

[5207] Wendover Straight Multirail 800 x 750 Matt Black -> towel-rail
  ✓ model_5207.glb (408 polys)

[5208] Wendover Straight Multirail 800 x 600 Matt Black -> towel-rail
  ✓ model_5208.glb (408 polys)

[5209] Wendover Straight Multirail 800 x 500 Matt Black -> towel-rail
  ✓ model_5209.glb (408 polys)

[5210] Wendover Straight Multirail 800 x 400 Matt Black -> towel-rail
  ✓ model_5210.glb (408 polys)

[5211] Wendover Straight Multirail 800 x 300 Matt Black -> towel-rail
  ✓ model_5211.glb (408 polys)

[5212] Wendover Straight Multirail 600 x 1200 Matt Black -> towel-rail
  ✓ model_5212.glb (408 polys)

[5213] Wendover Straight Multirail 600 x 1000 Matt Black -> towel-rail
  ✓ model_5213.glb (408 polys)

[5214] Wendover Straight Multirail 600 x 750 Matt Black -> towel-rail
  ✓ model_5214.glb (408 polys)

[5215] Wendover Straight Multirail 600 x 600 Matt Black -> towel-rail
  ✓ model_5215.glb (408 polys)

[5216] Wendover Straight Multirail 600 x 500 Matt Black -> towel-rail
  ✓ model_5216.glb (408 polys)

[5217] Wendover Straight Multirail 1200 x 750 Matt Black -> towel-rail
  ✓ model_5217.glb (408 polys)

[5218] Wendover Straight Multirail 600 x 400 Matt Black -> towel-rail
  ✓ model_5218.glb (408 polys)

[5219] Wendover Straight Multirail 1200 x 600 Matt Black -> towel-rail
  ✓ model_5219.glb (408 polys)

[5220] Wendover Straight Multirail 600 x 300 Matt Black -> towel-rail
  ✓ model_5220.glb (408 polys)

[5221] Wendover Straight Multirail 1200 x 500 Matt Black -> towel-rail
  ✓ model_5221.glb (408 polys)

[5222] Wendover Straight Multirail 1200 x 400 Matt Black -> towel-rail
  ✓ model_5222.glb (408 polys)

[5223] Wendover Straight Multirail 360 x 400 Matt Black -> towel-rail
  ✓ model_5223.glb (408 polys)

[5224] Wendover Straight Multirail 1200 x 300 Matt Black -> towel-rail
  ✓ model_5224.glb (408 polys)

[5225] Wendover Straight Multirail 1800 x 750 Matt Anthracite -> towel-rail
  ✓ model_5225.glb (408 polys)

[5226] Wendover Straight Multirail 1000 x 750 Matt Black -> towel-rail
  ✓ model_5226.glb (408 polys)

[5227] Wendover Straight Multirail 1800 x 400 Matt Anthracite -> towel-rail
  ✓ model_5227.glb (408 polys)

[5228] Wendover Straight Multirail 1000 x 600 Matt Black -> towel-rail
  ✓ model_5228.glb (408 polys)

[5229] Wendover Straight Multirail 1000 x 500 Matt Black -> towel-rail
  ✓ model_5229.glb (408 polys)

[5230] Wendover Straight Multirail 1000 x 400 Matt Black -> towel-rail
  ✓ model_5230.glb (408 polys)

[5231] Wendover Straight Multirail 1000 x 300 Matt Black -> towel-rail
  ✓ model_5231.glb (408 polys)

[5232] Corniche 2000 1100x900mm Left Hand Offset Quadrant Shower Enclosure - Chrome -> shower-enclosure
  ✓ model_5232.glb (178 polys)

[5233] Vantage 2000 8mm Easy Clean 2000mm x 1200mm Walk-In Shower Panel - Brushed Brass -> shower-enclosure
  ✓ model_5233.glb (178 polys)

[5234] Corniche 2000 1100x800mm Left Hand Offset Quadrant Shower Enclosure - Chrome -> shower-enclosure
  ✓ model_5234.glb (178 polys)

[5235] Corniche 2000 1000x900mm Left Hand Offset Quadrant Shower Enclosure - Chrome -> shower-enclosure
  ✓ model_5235.glb (178 polys)

[5236] Vantage 2000 8mm Easy Clean 2000mm x 1100mm Walk-In Shower Panel - Brushed Brass -> shower-enclosure
  ✓ model_5236.glb (178 polys)

[5237] Corniche 2000 1000x800mm Left Hand Offset Quadrant Shower Enclosure - Chrome -> shower-enclosure
  ✓ model_5237.glb (178 polys)

[5238] Corniche 2000 900x800mm Left Hand Offset Quadrant Shower Enclosure - Chrome -> shower-enclosure
  ✓ model_5238.glb (178 polys)

[5239] Vantage 2000 8mm Easy Clean 2000mm x 1000mm Walk-In Shower Panel - Brushed Brass -> shower-enclosure
  ✓ model_5239.glb (178 polys)

[5240] Vantage 2000 8mm Easy Clean 2000mm x 900mm Walk-In Shower Panel - Brushed Brass -> shower-enclosure
  ✓ model_5240.glb (178 polys)

[5241] Vantage 2000 8mm Easy Clean 2000mm x 800mm Walk-In Shower Panel - Brushed Brass -> shower-enclosure
  ✓ model_5241.glb (178 polys)

[5242] Vantage 2000 8mm Easy Clean 2000mm x 760mm Walk-In Shower Panel - Brushed Brass -> shower-enclosure
  ✓ model_5242.glb (178 polys)

[5243] Vantage 2000 8mm Easy Clean 2000mm x 700mm Walk-In Shower Panel - Brushed Brass -> shower-enclosure
  ✓ model_5243.glb (178 polys)

[5244] Vantage 2000 8mm Easy Clean 2000mm x 500mm Walk-In Shower Panel - Brushed Brass -> shower-enclosure
  ✓ model_5244.glb (178 polys)

[5245] Vantage 2000 8mm Easy Clean 2000mm x 300mm Walk-In Shower Panel - Brushed Brass -> shower-enclosure
  ✓ model_5245.glb (178 polys)

[5246] Vantage 2000 8mm Easy Clean 2000mm x 1600mm Walk-In Shower Panel - Brushed Brass -> shower-enclosure
  ✓ model_5246.glb (178 polys)

[5247] Vantage 2000 8mm Easy Clean 2000mm x 1400mm Walk-In Shower Panel - Brushed Brass -> shower-enclosure
  ✓ model_5247.glb (178 polys)

[5248] Portchester 1200 x 225 Radiator Chrome -> towel-rail
  ✓ model_5248.glb (408 polys)

[5249] Portchester 1200 x 225 Radiator Matt Black -> towel-rail
  ✓ model_5249.glb (408 polys)

[5250] Portchester 1200 x 225 Radiator Matt Anthracite -> towel-rail
  ✓ model_5250.glb (408 polys)

[5251] Wendover Straight Multirail 1800 x 750 Matt Black -> towel-rail
  ✓ model_5251.glb (408 polys)

[5252] Portchester 1200 x 225 Radiator Matt White -> towel-rail
  ✓ model_5252.glb (408 polys)

[5253] Brockland 1600 x 750 x 575mm (450mm Depth) Freestanding Bath - White -> bath
  ✓ model_5253.glb (122 polys)

[5254] Wendover Straight Multirail 1800 x 600 Matt Black -> towel-rail
  ✓ model_5254.glb (408 polys)

[5255] Conwy 1200 x 220 Radiator Chrome -> towel-rail
  ✓ model_5255.glb (408 polys)

[5256] Wendover Straight Multirail 1800 x 500 Matt Black -> towel-rail
  ✓ model_5256.glb (408 polys)

[5257] Conwy 1200 x 220 Radiator Matt Black -> towel-rail
  ✓ model_5257.glb (408 polys)

[5258] Wendover Straight Multirail 1800 x 400 Matt Black -> towel-rail
  ✓ model_5258.glb (408 polys)

[5259] Conwy 1200 x 220 Radiator Matt Anthracite -> towel-rail
  ✓ model_5259.glb (408 polys)

[5260] Wendover Straight Multirail 1800 x 300 Matt Black -> towel-rail
  ✓ model_5260.glb (408 polys)

[5261] Conwy 1200 x 220 Radiator Matt White -> towel-rail
  ✓ model_5261.glb (408 polys)

[5262] Wendover Straight Multirail 1600 x 750 Matt Black -> towel-rail
  ✓ model_5262.glb (408 polys)

[5263] Isbourne 940 x 600 Brushed Brass / Gloss White -> towel-rail
  ✓ model_5263.glb (408 polys)

[5264] Wendover Straight Multirail 1600 x 600 Matt Black -> towel-rail
  ✓ model_5264.glb (408 polys)

[5305] Stour 1195 x 600 Matt White -> towel-rail
  ✓ model_5305.glb (408 polys)

[5265] Wendover Straight Multirail 1800 x 400 Brushed Brass -> towel-rail
  ✓ model_5265.glb (408 polys)

[5266] Wendover Straight Multirail 1600 x 500 Matt Black -> towel-rail
  ✓ model_5266.glb (408 polys)

[5267] Wendover Straight Multirail 1600 x 400 Brushed Brass -> towel-rail
  ✓ model_5267.glb (408 polys)

[5268] Wendover Straight Multirail 1600 x 400 Matt Black -> towel-rail
  ✓ model_5268.glb (408 polys)

[5269] Wendover Straight Multirail 1400 x 400 Brushed Brass -> towel-rail
  ✓ model_5269.glb (408 polys)

[5270] Wendover Straight Multirail 1600 x 300 Matt Black -> towel-rail
  ✓ model_5270.glb (408 polys)

[5271] Wendover Straight Multirail 1400 x 750 Matt Black -> towel-rail
  ✓ model_5271.glb (408 polys)

[5272] Wendover Straight Multirail 1200 x 400 Brushed Brass -> towel-rail
  ✓ model_5272.glb (408 polys)

[5273] Wendover Straight Multirail 1400 x 600 Matt Black -> towel-rail
  ✓ model_5273.glb (408 polys)

[5274] Wendover Straight Multirail 1000 x 600 Brushed Brass -> towel-rail
  ✓ model_5274.glb (408 polys)

[5275] Wendover Straight Multirail 1400 x 500 Matt Black -> towel-rail
  ✓ model_5275.glb (408 polys)

[5276] Wendover Straight Multirail 1000 x 500 Brushed Brass -> towel-rail
  ✓ model_5276.glb (408 polys)

[5277] Wendover Straight Multirail 1000 x 400 Brushed Brass -> towel-rail
  ✓ model_5277.glb (408 polys)

[5278] Wendover Straight Multirail 1400 x 400 Matt Black -> towel-rail
  ✓ model_5278.glb (408 polys)

[5279] Wendover Straight Multirail 1400 x 300 Matt Black -> towel-rail
  ✓ model_5279.glb (408 polys)

[5280] Wendover Straight Multirail 800 x 400 Brushed Brass -> towel-rail
  ✓ model_5280.glb (408 polys)

[5281] Wendover Straight Multirail 600 x 600 Brushed Brass -> towel-rail
  ✓ model_5281.glb (408 polys)

[5282] Wendover Straight Multirail 600 x 500 Brushed Brass -> towel-rail
  ✓ model_5282.glb (408 polys)

[5283] Wendover Straight Multirail 600 x 400 Brushed Brass -> towel-rail
  ✓ model_5283.glb (408 polys)

[5284] Corniche 2000 1000x900mm Left Hand Offset Quadrant Shower Enclosure - Matt Black -> shower-enclosure
  ✓ model_5284.glb (178 polys)

[5285] Corniche 2000 1000x800mm Left Hand Offset Quadrant Shower Enclosure - Matt Black -> shower-enclosure
  ✓ model_5285.glb (178 polys)

[5286] Corniche 2000 900x800mm Left Hand Offset Quadrant Shower Enclosure - Matt Black -> shower-enclosure
  ✓ model_5286.glb (178 polys)

[5287] Corniche 2000 1100x900mm Right Hand Offset Quadrant Shower Enclosure - Chrome -> shower-enclosure
  ✓ model_5287.glb (178 polys)

[5288] Corniche 2000 1100x800mm Right Hand Offset Quadrant Shower Enclosure - Chrome -> shower-enclosure
  ✓ model_5288.glb (178 polys)

[5289] Corniche 2000 1000x900mm Right Hand Offset Quadrant Shower Enclosure - Chrome -> shower-enclosure
  ✓ model_5289.glb (178 polys)

[5290] Corniche 2000 1000x800mm Right Hand Offset Quadrant Shower Enclosure - Chrome -> shower-enclosure
  ✓ model_5290.glb (178 polys)

[5291] Corniche 2000 900x800mm Right Hand Offset Quadrant Shower Enclosure - Chrome -> shower-enclosure
  ✓ model_5291.glb (178 polys)

[5292] Corniche 2000 1000x800mm Right Hand Offset Quadrant Shower Enclosure - Matt Black -> shower-enclosure
  ✓ model_5292.glb (178 polys)

[5293] Corniche 2000 900x800mm Right Hand Offset Quadrant Shower Enclosure - Matt Black -> shower-enclosure
  ✓ model_5293.glb (178 polys)

[5294] Corniche 2000 1100x900mm Left Hand Offset Quadrant Shower Enclosure - Matt Black -> shower-enclosure
  ✓ model_5294.glb (178 polys)

[5295] Corniche 2000 1100x800mm Left Hand Offset Quadrant Shower Enclosure - Matt Black -> shower-enclosure
  ✓ model_5295.glb (178 polys)

[5296] Richmond 1620 x 690 x 760mm (430mm Depth) Freestanding Bath - White -> bath
  ✓ model_5296.glb (122 polys)

[5297] Richmond 1620 x 690 x 760mm (430mm Depth) Freestanding Bath - Blue -> bath
  ✓ model_5297.glb (122 polys)

[5298] Mortlake 1500 x 740 x 610mm (435mm Depth) Freestanding Bath - White -> bath
  ✓ model_5298.glb (122 polys)

[5299] Mortlake 1500 x 740 x 610mm (435mm Depth) Freestanding Bath - Grey -> bath
  ✓ model_5299.glb (122 polys)

[5300] Compact Pan.Rad. T.Hanger 890mm. for 1000mm. Rad Black -> shelf
  ✓ model_5300.glb (18 polys)

[5301] Stour 690 x 500 Matt Anthracite -> towel-rail
  ✓ model_5301.glb (408 polys)

[5302] Stour 1550 x 600 Matt White -> towel-rail
  ✓ model_5302.glb (408 polys)

[5303] Stour 1550 x 500 Matt White -> towel-rail
  ✓ model_5303.glb (408 polys)

[5321] Compact Pan.Rad. T.Hanger 490mm. for 600mm. Rad Anthracite -> shelf
  ✓ model_5321.glb (18 polys)

[5322] Stour 690 x 600 Matt Black -> towel-rail
  ✓ model_5322.glb (408 polys)

[5323] Compact Pan.Rad. T.Hanger 890mm. for 1000mm. Rad Gloss White -> shelf
  ✓ model_5323.glb (18 polys)

[5324] Compact Pan.Rad. T.Hanger 690mm. for 800mm. Rad Gloss White -> shelf
  ✓ model_5324.glb (18 polys)

[5325] Stour 690 x 500 Matt Black -> towel-rail
  ✓ model_5325.glb (408 polys)

[5326] Compact Pan.Rad. T.Hanger 490mm. for 600mm. Rad Gloss White -> shelf
  ✓ model_5326.glb (18 polys)

[5327] Stour 1550 x 600 Matt Anthracite -> towel-rail
  ✓ model_5327.glb (408 polys)

[5328] Stour 1550 x 600 Chrome -> towel-rail
  ✓ model_5328.glb (408 polys)

[5329] Stour 1550 x 500 Matt Anthracite -> towel-rail
  ✓ model_5329.glb (408 polys)

[5330] Stour 1550 x 500 Chrome -> towel-rail
  ✓ model_5330.glb (408 polys)

[5331] Stour 1195 x 600 Matt Anthracite -> towel-rail
  ✓ model_5331.glb (408 polys)

[5332] Stour 1195 x 600 Chrome -> towel-rail
  ✓ model_5332.glb (408 polys)

[5342] Vantage 2000 8mm Easy Clean 2000mm x 1100mm Walk-In Shower Panel with Fluted Glass - Matt Black -> shower-enclosure
  ✓ model_5342.glb (178 polys)

[5343] Vantage 2000 8mm Easy Clean 2000mm x 1100mm Walk-In Shower Panel with Fluted Glass - Chrome -> shower-enclosure
  ✓ model_5343.glb (178 polys)

[5344] Vantage 2000 8mm Easy Clean 2000mm x 1000mm Walk-In Shower Panel with Fluted Glass - Brushed Brass -> shower-enclosure
  ✓ model_5344.glb (178 polys)

[5345] Vantage 2000 8mm Easy Clean 2000mm x 1000mm Walk-In Shower Panel with Fluted Glass - Matt Black -> shower-enclosure
  ✓ model_5345.glb (178 polys)

[5346] Vantage 2000 8mm Easy Clean 2000mm x 1000mm Walk-In Shower Panel with Fluted Glass - Chrome -> shower-enclosure
  ✓ model_5346.glb (178 polys)

[5347] Vantage 2000 8mm Easy Clean 2000mm x 900mm Walk-In Shower Panel with Fluted Glass - Brushed Brass -> shower-enclosure
  ✓ model_5347.glb (178 polys)

[5348] Vantage 2000 8mm Easy Clean 2000mm x 900mm Walk-In Shower Panel with Fluted Glass - Matt Black -> shower-enclosure
  ✓ model_5348.glb (178 polys)

[5349] Vantage 2000 8mm Easy Clean 2000mm x 900mm Walk-In Shower Panel with Fluted Glass - Chrome -> shower-enclosure
  ✓ model_5349.glb (178 polys)

[5350] Vantage 2000 8mm Easy Clean 2000mm x 800mm Walk-In Shower Panel with Fluted Glass - Brushed Brass -> shower-enclosure
  ✓ model_5350.glb (178 polys)

[5351] Portland Single Ended (SE) 1700 x 700 x 440mm 5mm Bath - Matt White -> bath
  ✓ model_5351.glb (122 polys)

[5352] Portland Single Ended (SE) 1700 x 750 x 440mm 5mm Bath - Matt White -> bath
  ✓ model_5352.glb (122 polys)

[5353] Portland Single Ended (SE) 1800 x 800 x 440mm 5mm Bath - Matt White -> bath
  ✓ model_5353.glb (122 polys)

[5354] Corniche 2000 1100x900mm Right Hand Offset Quadrant Shower Enclosure - Brushed Brass -> shower-enclosure
  ✓ model_5354.glb (178 polys)

[5355] Corniche 2000 1100x800mm Right Hand Offset Quadrant Shower Enclosure - Brushed Brass -> shower-enclosure
  ✓ model_5355.glb (178 polys)

[5356] Corniche 2000 1000x900mm Right Hand Offset Quadrant Shower Enclosure - Brushed Brass -> shower-enclosure
  ✓ model_5356.glb (178 polys)

[5357] Corniche 2000 1000x800mm Right Hand Offset Quadrant Shower Enclosure - Brushed Brass -> shower-enclosure
  ✓ model_5357.glb (178 polys)

[5358] Corniche 2000 900x800mm Right Hand Offset Quadrant Shower Enclosure - Brushed Brass -> shower-enclosure
  ✓ model_5358.glb (178 polys)

[5359] Corniche 2000 1100x900mm Left Hand Offset Quadrant Shower Enclosure - Brushed Brass -> shower-enclosure
  ✓ model_5359.glb (178 polys)

[5360] Corniche 2000 1100x800mm Left Hand Offset Quadrant Shower Enclosure - Brushed Brass -> shower-enclosure
  ✓ model_5360.glb (178 polys)

[5361] Corniche 2000 1000x900mm Left Hand Offset Quadrant Shower Enclosure - Brushed Brass -> shower-enclosure
  ✓ model_5361.glb (178 polys)

[5362] Corniche 2000 1000x800mm Left Hand Offset Quadrant Shower Enclosure - Brushed Brass -> shower-enclosure
  ✓ model_5362.glb (178 polys)

[5363] Corniche 2000 900x800mm Left Hand Offset Quadrant Shower Enclosure - Brushed Brass -> shower-enclosure
  ✓ model_5363.glb (178 polys)

[5364] Corniche 2000 1100x900mm Right Hand Offset Quadrant Shower Enclosure - Matt Black -> shower-enclosure
  ✓ model_5364.glb (178 polys)

[5365] Corniche 2000 1100x800mm Right Hand Offset Quadrant Shower Enclosure - Matt Black -> shower-enclosure
  ✓ model_5365.glb (178 polys)

[5366] Corniche 2000 1000x900mm Right Hand Offset Quadrant Shower Enclosure - Matt Black -> shower-enclosure
  ✓ model_5366.glb (178 polys)

[5367] Imperia 3 Column Radiator 1800 x 380mm Matt Black -> radiator
  ✓ model_5367.glb (286 polys)

[5368] Imperia 3 Column Radiator 1800 x 290mm Matt Black -> radiator
  ✓ model_5368.glb (286 polys)

[5369] Imperia 3 Column Radiator 600 x 1460mm Matt Black -> radiator
  ✓ model_5369.glb (286 polys)

[5370] Imperia 3 Column Radiator 600 x 1145mm Matt Black -> radiator
  ✓ model_5370.glb (286 polys)

[5371] Imperia 3 Column Radiator 600 x 1010mm Matt Black -> radiator
  ✓ model_5371.glb (286 polys)

[5372] Imperia 3 Column Radiator 600 x 830mm Matt Black -> radiator
  ✓ model_5372.glb (286 polys)

[5373] Imperia 3 Column Radiator 600 x 605mm Matt Black -> radiator
  ✓ model_5373.glb (286 polys)

[5374] Imperia 3 Column Radiator 600 x 560mm Matt Black -> radiator
  ✓ model_5374.glb (286 polys)

[5375] Imperia 3 Column Radiator 600 x 515mm Matt Black -> radiator
  ✓ model_5375.glb (286 polys)

[5376] Imperia 3 Column Radiator 600 x 470mm Matt Black -> radiator
  ✓ model_5376.glb (286 polys)

[5377] Imperia 3 Column Radiator 600 x 425mm Matt Black -> radiator
  ✓ model_5377.glb (286 polys)

[5378] Imperia 3 Column Radiator 300 x 1370mm Matt Black -> radiator
  ✓ model_5378.glb (286 polys)

[5379] Imperia 3 Column Radiator 300 x 1145mm Matt Black -> radiator
  ✓ model_5379.glb (286 polys)

[5380] Imperia 2 Column Radiator 1800 x 470mm Matt Black -> radiator
  ✓ model_5380.glb (286 polys)

[5381] Imperia 2 Column Radiator 1800 x 380mm Matt Black -> radiator
  ✓ model_5381.glb (286 polys)

[5382] Imperia 2 Column Radiator 1800 x 290mm Matt Black -> radiator
  ✓ model_5382.glb (286 polys)

[5383] Imperia 2 Column Radiator 600 x 1460mm Matt Black -> radiator
  ✓ model_5383.glb (286 polys)

[5384] Imperia 2 Column Radiator 600 x 1145mm Matt Black -> radiator
  ✓ model_5384.glb (286 polys)

[5385] Imperia 2 Column Radiator 600 x 1010mm Matt Black -> radiator
  ✓ model_5385.glb (286 polys)

[5386] Imperia 3 Column Radiator 1800 x 470mm Matt Black -> radiator
  ✓ model_5386.glb (286 polys)

[5387] Imperia 2 Column Radiator 600 x 830mm Matt Black -> radiator
  ✓ model_5387.glb (286 polys)

[5388] Imperia 2 Column Radiator 600 x 605mm Matt Black -> radiator
  ✓ model_5388.glb (286 polys)

[5389] Imperia 2 Column Radiator 600 x 560mm Matt Black -> radiator
  ✓ model_5389.glb (286 polys)

[5390] Imperia 2 Column Radiator 600 x 515mm Matt Black -> radiator
  ✓ model_5390.glb (286 polys)

[5391] Biscay Double Ended (DE) 1800 x 800 x 440mm 5mm Bath - Matt White -> bath
  ✓ model_5391.glb (122 polys)

[5392] Imperia 2 Column Radiator 600 x 470mm Matt Black -> radiator
  ✓ model_5392.glb (286 polys)

[5393] Portland Single Ended (SE) Twin Grip (TG) 1700 x 700 x 440mm 5mm Bath - Matt White -> bath
  ✓ model_5393.glb (122 polys)

[5394] Imperia 2 Column Radiator 600 x 425mm Matt Black -> radiator
  ✓ model_5394.glb (286 polys)

[5395] Imperia 2 Column Radiator 300 x 1370mm Matt Black -> radiator
  ✓ model_5395.glb (286 polys)

[5396] Imperia 2 Column Radiator 300 x 1145mm Matt Black -> radiator
  ✓ model_5396.glb (286 polys)

[5397] Rockall Single Ended (SE) 1650 x 700 x 440mm 5mm Bath - Matt White -> bath
  ✓ model_5397.glb (122 polys)

[5398] Rockall Single Ended (SE) 1675 x 700 x 440mm 5mm Bath - Matt White -> bath
  ✓ model_5398.glb (122 polys)

[5399] Malin Single Ended (SE) 1700 x 700 x 440mm 5mm Bath - Matt White -> bath
  ✓ model_5399.glb (122 polys)

[5400] Malin Single Ended (SE) 1800 x 700 x 440mm 5mm Bath - Matt White -> bath
  ✓ model_5400.glb (122 polys)

[5401] Violla 590 x 1000 Stainless Steel Towel Rail Polished -> towel-rail
  ✓ model_5401.glb (408 polys)

[5402] Rivassa Towel Hanger 315mm Chrome -> shelf
  ✓ model_5402.glb (18 polys)

[7472] Wingrave Flat Panel Towel Hanger 310mm Chrome -> shelf
  ✓ model_7472.glb (18 polys)

[5403] Portland 1800x700x350mm Low Level TG Eco Beauforte Bath -> bath
  ✓ model_5403.glb (122 polys)

[5404] Biscay Reef 1600x800x440 Double ended 5mm Bath -> bath
  ✓ model_5404.glb (122 polys)

[5405] Biscay Reef 1700x800x440 Double ended 5mm Bath -> bath
  ✓ model_5405.glb (122 polys)

[5406] Biscay Reef 1800x800x440 Double ended 5mm Bath -> bath
  ✓ model_5406.glb (122 polys)

[5407] Portland 1500x700x350 Twin Grip (TG) Low Level Eco 5mm Bath - White -> bath
  ✓ model_5407.glb (122 polys)

[5408] Portland 1600x700x350 Twin Grip (TG) Low Level Eco 5mm Bath - White -> bath
  ✓ model_5408.glb (122 polys)

[5409] Portland 1800x700x350 Twin Grip (TG) Low Level Eco 5mm  Bath - White -> bath
  ✓ model_5409.glb (122 polys)

[5410] Biscay Reef 1600x800x440mm Double Ended Beauforte Bath -> bath
  ✓ model_5410.glb (122 polys)

[5411] Biscay Reef 1700x800x440mm Double Ended Beauforte Bath -> bath
  ✓ model_5411.glb (122 polys)

[5412] Biscay Reef 1800x800x440mm Double Ended Beauforte Bath -> bath
  ✓ model_5412.glb (122 polys)

[5413] Portland 1500x700x350mm Low Level TG Eco Beauforte Bath -> bath
  ✓ model_5413.glb (122 polys)

[5414] Portland 1600x700x350mm Low Level TG Eco Beauforte Bath -> bath
  ✓ model_5414.glb (122 polys)

[5415] Biava Dry Element Towel Rail 1100x500mm On/Off Bt. Matt Black -> towel-rail
  ✓ model_5415.glb (408 polys)

[7488] Square Towel Hanger 375mm Matt Black -> shelf
  ✓ model_7488.glb (18 polys)

[5416] Biava Dry Element Towel Rail 1100x600mm Matt Black -> towel-rail
  ✓ model_5416.glb (408 polys)

[5417] Biava Dry Element Towel Rail 1100x500mm Matt Black -> towel-rail
  ✓ model_5417.glb (408 polys)

[5418] Biava Dry Element Towel Rail 700x600mm Matt Black -> towel-rail
  ✓ model_5418.glb (408 polys)

[5419] Biava Dry Element Towel Rail 700x500mm Matt Black -> towel-rail
  ✓ model_5419.glb (408 polys)

[5420] Imperia 2 Column Multirail 612 x 1000mm Matt Black -> towel-rail
  ✓ model_5420.glb (408 polys)

[5421] Imperia 2 Column Multirail 612 x 800mm Matt Black -> towel-rail
  ✓ model_5421.glb (408 polys)

[5422] Imperia 2 Column Multirail 1430 x 600mm Matt Anthracite -> towel-rail
  ✓ model_5422.glb (408 polys)

[5423] Warrington 600 x 1444 Radiator Type20 Matt Anthracite -> radiator
  ✓ model_5423.glb (286 polys)

[5424] Warrington Towel Hanger 300mm Brushed Brass -> shelf
  ✓ model_5424.glb (18 polys)

[5425] Warrington 600 x 1444 Radiator Type20 Gloss White -> radiator
  ✓ model_5425.glb (286 polys)

[5426] Warrington Towel Hanger 239mm Brushed Brass -> shelf
  ✓ model_5426.glb (18 polys)

[5427] Warrington 1800 x 684 Radiator Type20 Matt Black -> radiator
  ✓ model_5427.glb (286 polys)

[5428] Warrington 1800 x 684 Radiator Type20 Matt Anthracite -> radiator
  ✓ model_5428.glb (286 polys)

[5429] Wendover Straight Stainless Steel Multirail 1800 x 600 Brushed -> towel-rail
  ✓ model_5429.glb (408 polys)

[5430] Warrington 1800 x 684 Radiator Type20 Gloss White -> radiator
  ✓ model_5430.glb (286 polys)

[5431] Warrington 600 x 1668 Radiator Type10 Matt Black -> radiator
  ✓ model_5431.glb (286 polys)

[5432] Wendover Straight Stainless Steel Multirail 1800 x 500 Brushed -> towel-rail
  ✓ model_5432.glb (408 polys)

[5433] Wendover Straight Stainless Steel Multirail 1200 x 600 Brushed -> towel-rail
  ✓ model_5433.glb (408 polys)

[5434] Warrington 600 x 1668 Radiator Type10 Matt Anthracite -> radiator
  ✓ model_5434.glb (286 polys)

[5435] Warrington 600 x 1668 Radiator Type10 Gloss White -> radiator
  ✓ model_5435.glb (286 polys)

[5436] Wendover Straight Stainless Steel Multirail 1200 x 500 Brushed -> towel-rail
  ✓ model_5436.glb (408 polys)

[5437] Wendover Straight Stainless Steel Multirail 800 x 600 Brushed -> towel-rail
  ✓ model_5437.glb (408 polys)

[5438] Warrington 600 x 1440 Radiator Type10 Matt Black -> radiator
  ✓ model_5438.glb (286 polys)

[5439] Wendover Straight Stainless Steel Multirail 800 x 500 Brushed -> towel-rail
  ✓ model_5439.glb (408 polys)

[5440] Warrington 600 x 1440 Radiator Type10 Matt Anthracite -> radiator
  ✓ model_5440.glb (286 polys)

[5441] Wendover Straight Stainless Steel Multirail 1800 x 600 Mirror Polished -> towel-rail
  ✓ model_5441.glb (408 polys)

[5442] Warrington 600 x 1672 Radiator Type20 Gloss White -> radiator
  ✓ model_5442.glb (286 polys)

[5443] Warrington 600 x 1440 Radiator Type10 Gloss White -> radiator
  ✓ model_5443.glb (286 polys)

[5444] Wendover Straight Stainless Steel Multirail 1800 x 500 Mirror Polished -> towel-rail
  ✓ model_5444.glb (408 polys)

[5445] Warrington 600 x 1444 Radiator Type20 Matt Black -> radiator
  ✓ model_5445.glb (286 polys)

[5446] Warrington 1800 x 680 Radiator Type10 Matt Black -> radiator
  ✓ model_5446.glb (286 polys)

[5447] Wendover Straight Stainless Steel Multirail 1200 x 600 Mirror Polished -> towel-rail
  ✓ model_5447.glb (408 polys)

[5448] Warrington 1800 x 680 Radiator Type10 Matt Anthracite -> radiator
  ✓ model_5448.glb (286 polys)

[5449] Warrington 1800 x 680 Radiator Type10 Gloss White -> radiator
  ✓ model_5449.glb (286 polys)

[5450] Wendover Straight Stainless Steel Multirail 1200 x 500 Mirror Polished -> towel-rail
  ✓ model_5450.glb (408 polys)

[5451] Imperia 2 Column Multirail 1430 x 600mm Matt Black -> towel-rail
  ✓ model_5451.glb (408 polys)

[5452] Wendover Straight Stainless Steel Multirail 800 x 600 Mirror Polished -> towel-rail
  ✓ model_5452.glb (408 polys)

[5453] Wendover Straight Stainless Steel Multirail 800 x 500 Mirror Polished -> towel-rail
  ✓ model_5453.glb (408 polys)

[5454] Imperia 2 Column Multirail 1140 x 600mm Matt Black -> towel-rail
  ✓ model_5454.glb (408 polys)

[5455] Brockworth All Electric Towel Rail 1200 x 500mm Matt Black -> towel-rail
  ✓ model_5455.glb (408 polys)

[5456] Imperia 2 Column Multirail 832 x 600mm Matt Black -> towel-rail
  ✓ model_5456.glb (408 polys)

[5457] Imperia 2 Column Multirail 1430 x 500mm Matt Black -> towel-rail
  ✓ model_5457.glb (408 polys)

[5458] Brockworth All Electric Towel Rail 1200 x 500mm Matt Anthracite -> towel-rail
  ✓ model_5458.glb (408 polys)

[5459] Brockworth All Electric Towel Rail 1200 x 500mm Matt White -> towel-rail
  ✓ model_5459.glb (408 polys)

[5460] Imperia 2 Column Multirail 1140 x 500mm Matt Black -> towel-rail
  ✓ model_5460.glb (408 polys)

[5461] Warrington 1800 x 604 Radiator Type10 Brushed Brass -> radiator
  ✓ model_5461.glb (286 polys)

[5462] Imperia 2 Column Multirail 832 x 500mm Matt Black -> towel-rail
  ✓ model_5462.glb (408 polys)

[5463] Warrington 1800 x 528 Radiator Type10 Brushed Brass -> radiator
  ✓ model_5463.glb (286 polys)

[5464] Warrington 1800 x 452 Radiator Type10 Brushed Brass -> radiator
  ✓ model_5464.glb (286 polys)

[5465] Warrington 1800 x 376 Radiator Type10 Brushed Brass -> radiator
  ✓ model_5465.glb (286 polys)

[5466] Warrington 1800 x 300 Radiator Type10 Brushed Brass -> radiator
  ✓ model_5466.glb (286 polys)

[5467] Vantage 2000 8mm Easy Clean  2000x1300mm Walk-In Shower Panel with fluted glass - Black -> shower-enclosure
  ✓ model_5467.glb (178 polys)

[5468] Vantage 2000 8mm Easy Clean  2000x1300mm Walk-In Shower Panel with fluted glass - Chrome -> shower-enclosure
  ✓ model_5468.glb (178 polys)

[5469] Vantage 2000 8mm Easy Clean  2000x1200mm Walk-In Shower Panel with fluted glass - Brushed brass -> shower-enclosure
  ✓ model_5469.glb (178 polys)

[5470] Vantage 2000 8mm Easy Clean  2000x1200mm Walk-In Shower Panel with fluted glass - Black -> shower-enclosure
  ✓ model_5470.glb (178 polys)

[5471] Vantage 2000 8mm Easy Clean  2000x1200mm Walk-In Shower Panel with fluted glass - Chrome -> shower-enclosure
  ✓ model_5471.glb (178 polys)

[5472] Warrington Towel Hanger 500mm Brushed Brass -> shelf
  ✓ model_5472.glb (18 polys)

[5473] Warrington Towel Hanger 380mm Brushed Brass -> shelf
  ✓ model_5473.glb (18 polys)

[5474] Imperia 2 Column Multirail 1430 x 500mm Matt Anthracite -> towel-rail
  ✓ model_5474.glb (408 polys)

[5475] Imperia 2 Column Multirail 1140 x 500mm Matt Anthracite -> towel-rail
  ✓ model_5475.glb (408 polys)

[5476] Imperia 2 Column Multirail 832 x 500mm Matt Anthracite -> towel-rail
  ✓ model_5476.glb (408 polys)

[5477] Imperia 2 Column Multirail 612 x 1000mm Matt Anthracite -> towel-rail
  ✓ model_5477.glb (408 polys)

[5478] Imperia 2 Column Multirail 612 x 800mm Matt Anthracite -> towel-rail
  ✓ model_5478.glb (408 polys)

[5479] Imperia 2 Column Multirail 1430 x 600mm Gloss White -> towel-rail
  ✓ model_5479.glb (408 polys)

[5480] Warrington 600 x 1672 Radiator Type20 Matt Black -> radiator
  ✓ model_5480.glb (286 polys)

[5481] Imperia 2 Column Multirail 1140 x 600mm Gloss White -> towel-rail
  ✓ model_5481.glb (408 polys)

[5482] Warrington 600 x 1672 Radiator Type20 Matt Anthracite -> radiator
  ✓ model_5482.glb (286 polys)

[5483] Imperia 2 Column Multirail 832 x 600mm Gloss White -> towel-rail
  ✓ model_5483.glb (408 polys)

[5484] Vantage 2000 8mm Easy Clean 2000x1500mm Walk-In Shower Panel - Brushed brass -> shower-enclosure
  ✓ model_5484.glb (178 polys)

[5485] Imperia 2 Column Multirail 1430 x 500mm Gloss White -> towel-rail
  ✓ model_5485.glb (408 polys)

[5486] Vantage 2000 Easy Clean 2000x1300mm Walk-In Shower Panel - Brushed brass -> shower-enclosure
  ✓ model_5486.glb (178 polys)

[5487] Vantage 2000 8mm Easy Clean 2000x1500mm Walk-In Shower Panel - Matt black -> shower-enclosure
  ✓ model_5487.glb (178 polys)

[5488] Imperia 2 Column Multirail 1140 x 500mm Gloss White -> towel-rail
  ✓ model_5488.glb (408 polys)

[5489] Vantage 2000 Easy Clean 2000x1300mm Walk-In Shower Panel - Matt black -> shower-enclosure
  ✓ model_5489.glb (178 polys)

[5490] Imperia 2 Column Multirail 832 x 500mm Gloss White -> towel-rail
  ✓ model_5490.glb (408 polys)

[5491] Vantage 2000 8mm Easy Clean 2000x1500mm Walk-In Shower Panel - Chrome -> shower-enclosure
  ✓ model_5491.glb (178 polys)

[5492] Imperia 2 Column Multirail 612 x 1000mm Gloss White -> towel-rail
  ✓ model_5492.glb (408 polys)

[5493] Vantage 2000 8mm Easy Clean 2000x1300mm Walk-In Shower Panel - Chrome -> shower-enclosure
  ✓ model_5493.glb (178 polys)

[5494] Imperia 2 Column Multirail 612 x 800mm Gloss White -> towel-rail
  ✓ model_5494.glb (408 polys)

[5495] Vantage 2000 8mm Easy Clean  2000x1600mm Walk-In Shower Panel with fluted glass - Brushed Brass -> shower-enclosure
  ✓ model_5495.glb (178 polys)

[5496] Vantage 2000 8mm Easy Clean  2000x1600mm Walk-In Shower Panel with fluted glass - Black -> shower-enclosure
  ✓ model_5496.glb (178 polys)

[5497] Vantage 2000 8mm Easy Clean  2000x1600mm Walk-In Shower Panel with fluted glass - Chrome -> shower-enclosure
  ✓ model_5497.glb (178 polys)

[5498] Vantage 2000 8mm Easy Clean  2000x1400mm Walk-In Shower Panel with fluted glass - Brushed Brass -> shower-enclosure
  ✓ model_5498.glb (178 polys)

[5499] Isbourne 940 x 507 Brushed Brass / Gloss White -> towel-rail
  ✓ model_5499.glb (408 polys)

[5500] Vantage 2000 8mm Easy Clean  2000x1400mm Walk-In Shower Panel with fluted glass - Black -> shower-enclosure
  ✓ model_5500.glb (178 polys)

[5501] Vantage 2000 8mm Easy Clean  2000x1400mm Walk-In Shower Panel with fluted glass - Chrome -> shower-enclosure
  ✓ model_5501.glb (178 polys)

[5502] Isbourne 940 x 507 Chrome / Matt Black -> towel-rail
  ✓ model_5502.glb (408 polys)

[5503] Vantage 2000 8mm Easy Clean  2000x1300mm Walk-In Shower Panel with fluted glass - Brushed Brass -> shower-enclosure
  ✓ model_5503.glb (178 polys)

[5504] Isbourne 940 x 507 Chrome / Matt Anthracite -> towel-rail
  ✓ model_5504.glb (408 polys)

[5505] Isbourne 940 x 507 Chrome / Gloss White -> towel-rail
  ✓ model_5505.glb (408 polys)

[5506] Imperia 2 Column Multirail 1140 x 600mm Matt Anthracite -> towel-rail
  ✓ model_5506.glb (408 polys)

[5507] Sandford 1650x740x580mm (445mm Depth) Freestanding Bath -  White -> bath
  ✓ model_5507.glb (122 polys)

[5508] Avon 960 x 500 Brushed Brass / Gloss White -> towel-rail
  ✓ model_5508.glb (408 polys)

[5509] Imperia 2 Column Multirail 832 x 600mm Matt Anthracite -> towel-rail
  ✓ model_5509.glb (408 polys)

[5510] Avon 960 x 429 Brushed Brass / Gloss White -> towel-rail
  ✓ model_5510.glb (408 polys)

[5511] Sandford 1600x740x580mm (440mm Depth) Freestanding Bath -  White -> bath
  ✓ model_5511.glb (122 polys)

[5512] Sandford 1500x740x580mm (440mm Depth) Freestanding Bath -  White -> bath
  ✓ model_5512.glb (122 polys)

[5513] Isleworth 1650x750x580mm (430mm Depth) Freestanding Bath - White -> bath
  ✓ model_5513.glb (122 polys)

[5514] Isleworth 1500x750x580mm (445mm Depth) Freestanding Bath - White -> bath
  ✓ model_5514.glb (122 polys)

[5515] Vantage 2000 Easy Clean 2000x1500mm Slider Shower Door - Brushed Brass -> shower-enclosure
  ✓ model_5515.glb (178 polys)

[5516] Vantage 2000 Easy Clean 2000x1500mm Slider Shower Door - Matt Black -> shower-enclosure
  ✓ model_5516.glb (178 polys)

[5517] Vantage 2000 Easy Clean 2000x1500mm Slider Shower Door - Chrome -> shower-enclosure
  ✓ model_5517.glb (178 polys)

[5518] Vantage 2000 Easy Clean 2000x1300mm Slider Shower Door -  Brushed Brass -> shower-enclosure
  ✓ model_5518.glb (178 polys)

[5519] Vantage 2000 Easy Clean 2000x1300mm Slider Shower Door - Matt Black -> shower-enclosure
  ✓ model_5519.glb (178 polys)

[5520] Henley 1650x780x600mm (455mm Depth) Freestanding Bath - White -> bath
  ✓ model_5520.glb (122 polys)

[5521] Vantage 2000 Easy Clean 2000x1300mm Slider Shower Door - Chrome -> shower-enclosure
  ✓ model_5521.glb (178 polys)

[5522] Kingswood Slimline 600 x 810 Aluminium Radiator Matt Anthracite -> radiator
  ✓ model_5522.glb (286 polys)

[5523] Kingswood Slimline 600 x 610 Aluminium Radiator Matt Anthracite -> radiator
  ✓ model_5523.glb (286 polys)

[5524] Kingswood Slimline 600 x 510 Aluminium Radiator Matt Anthracite -> radiator
  ✓ model_5524.glb (286 polys)

[5525] Kingswood Slimline 600 x 410 Aluminium Radiator Matt Anthracite -> radiator
  ✓ model_5525.glb (286 polys)

[5526] Kingswood Slimline 600 x 1410 Aluminium Radiator Matt White -> radiator
  ✓ model_5526.glb (286 polys)

[5527] Kingswood Slimline 600 x 1210 Aluminium Radiator Matt White -> radiator
  ✓ model_5527.glb (286 polys)

[5528] Kingswood Slimline 600 x 1010 Aluminium Radiator Matt White -> radiator
  ✓ model_5528.glb (286 polys)

[5529] Kingswood Slimline 600 x 810 Aluminium Radiator Matt White -> radiator
  ✓ model_5529.glb (286 polys)

[5530] Kingswood Slimline 600 x 610 Aluminium Radiator Matt White -> radiator
  ✓ model_5530.glb (286 polys)

[5531] Kingswood Slimline 600 x 510 Aluminium Radiator Matt White -> radiator
  ✓ model_5531.glb (286 polys)

[5532] Kingswood Slimline 600 x 410 Aluminium Radiator Matt White -> radiator
  ✓ model_5532.glb (286 polys)

[5533] Kingswood Slimline 1800 x 610 Aluminium Radiator Matt Black -> radiator
  ✓ model_5533.glb (286 polys)

[5534] Kingswood Slimline 1800 x 510 Aluminium Radiator Matt Black -> radiator
  ✓ model_5534.glb (286 polys)

[5535] Kingswood Slimline 1800 x 410 Aluminium Radiator Matt Black -> radiator
  ✓ model_5535.glb (286 polys)

[5536] Kingswood Slimline 1800 x 310 Aluminium Radiator Matt Black -> radiator
  ✓ model_5536.glb (286 polys)

[5537] Kingswood Slimline 600 x 1010 Aluminium Radiator Matt Black -> radiator
  ✓ model_5537.glb (286 polys)

[5538] Kingswood Slimline 1800 x 610 Aluminium Radiator Matt Anthracite -> radiator
  ✓ model_5538.glb (286 polys)

[5539] Kingswood Slimline 600 x 810 Aluminium Radiator Matt Black -> radiator
  ✓ model_5539.glb (286 polys)

[5540] Kingswood Slimline 1800 x 510 Aluminium Radiator Matt Anthracite -> radiator
  ✓ model_5540.glb (286 polys)

[5541] Kingswood Slimline 1800 x 410 Aluminium Radiator Matt Anthracite -> radiator
  ✓ model_5541.glb (286 polys)

[5542] Kingswood Slimline 1800 x 310 Aluminium Radiator Matt Anthracite -> radiator
  ✓ model_5542.glb (286 polys)

[5543] Kingswood Slimline 1800 x 610 Aluminium Radiator Matt White -> radiator
  ✓ model_5543.glb (286 polys)

[5544] Kingswood Slimline 1800 x 510 Aluminium Radiator Matt White -> radiator
  ✓ model_5544.glb (286 polys)

[5545] Kingswood Slimline 1800 x 410 Aluminium Radiator Matt White -> radiator
  ✓ model_5545.glb (286 polys)

[5546] Kingswood Slimline 1800 x 310 Aluminium Radiator Matt White -> radiator
  ✓ model_5546.glb (286 polys)

[5547] Addington Aluminium 600 x 1772 Radiator Type20 Matt Anthracite -> radiator
  ✓ model_5547.glb (286 polys)

[5548] Addington Aluminium 600 x 1624 Radiator Type20 Matt Anthracite -> radiator
  ✓ model_5548.glb (286 polys)

[5549] Addington Aluminium 600 x 1402 Radiator Type20 Matt Anthracite -> radiator
  ✓ model_5549.glb (286 polys)

[5550] Addington Aluminium 600 x 1772 Radiator Type20 Gloss White -> radiator
  ✓ model_5550.glb (286 polys)

[5551] Addington Aluminium 600 x 1624 Radiator Type20 Gloss White -> radiator
  ✓ model_5551.glb (286 polys)

[5552] Addington Aluminium 600 x 1402 Radiator Type20 Gloss White -> radiator
  ✓ model_5552.glb (286 polys)

[5553] Addington Aluminium 1800 x 662 Radiator Type20 Matt Anthracite -> radiator
  ✓ model_5553.glb (286 polys)

[5554] Addington Aluminium 1800 x 662 Radiator Type20 Gloss White -> radiator
  ✓ model_5554.glb (286 polys)

[5555] Addington Aluminium 600 x 1772 Radiator Type10 Matt Anthracite -> radiator
  ✓ model_5555.glb (286 polys)

[5556] Addington Aluminium 600 x 1624 Radiator Type10 Matt Anthracite -> radiator
  ✓ model_5556.glb (286 polys)

[5557] Queenswood 1800 x 388 Aluminium Radiator Matt Anthracite -> radiator
  ✓ model_5557.glb (286 polys)

[5558] Addington Aluminium 600 x 1402 Radiator Type10 Matt Anthracite -> radiator
  ✓ model_5558.glb (286 polys)

[5559] Queenswood 1800 x 291 Aluminium Radiator Matt Anthracite -> radiator
  ✓ model_5559.glb (286 polys)

[5560] Addington Aluminium 600 x 1772 Radiator Type10 Gloss White -> radiator
  ✓ model_5560.glb (286 polys)

[5561] Addington Aluminium 600 x 1624 Radiator Type10 Gloss White -> radiator
  ✓ model_5561.glb (286 polys)

[5562] Queenswood 600 x 1649 Aluminium Radiator Matt White -> radiator
  ✓ model_5562.glb (286 polys)

[5563] Addington Aluminium 600 x 1402 Radiator Type10 Gloss White -> radiator
  ✓ model_5563.glb (286 polys)

[5564] Queenswood 600 x 1455 Aluminium Radiator Matt White -> radiator
  ✓ model_5564.glb (286 polys)

[5565] Queenswood 600 x 1067 Aluminium Radiator Matt Black -> radiator
  ✓ model_5565.glb (286 polys)

[5566] Addington Aluminium 1800 x 662 Radiator Type10 Matt Anthracite -> radiator
  ✓ model_5566.glb (286 polys)

[5567] Addington Aluminium 1800 x 662 Radiator Type10 Gloss White -> radiator
  ✓ model_5567.glb (286 polys)

[5568] Queenswood 600 x 873 Aluminium Radiator Matt Black -> radiator
  ✓ model_5568.glb (286 polys)

[5569] Queenswood 600 x 1261 Aluminium Radiator Matt White -> radiator
  ✓ model_5569.glb (286 polys)

[5570] Queenswood 600 x 1067 Aluminium Radiator Matt White -> radiator
  ✓ model_5570.glb (286 polys)

[5571] Guardia 600 x 1800 Aluminium Radiator Matt Black -> radiator
  ✓ model_5571.glb (286 polys)

[5572] Queenswood 600 x 679 Aluminium Radiator Matt Black -> radiator
  ✓ model_5572.glb (286 polys)

[5573] Queenswood 600 x 873 Aluminium Radiator Matt White -> radiator
  ✓ model_5573.glb (286 polys)

[5574] Guardia 600 x 1800 Aluminium Radiator Matt Anthracite -> radiator
  ✓ model_5574.glb (286 polys)

[5575] Queenswood 600 x 582 Aluminium Radiator Matt Black -> radiator
  ✓ model_5575.glb (286 polys)

[5576] Guardia 600 x 1800 Aluminium Radiator Matt Grey -> radiator
  ✓ model_5576.glb (286 polys)

[5577] Queenswood 600 x 485 Aluminium Radiator Matt Black -> radiator
  ✓ model_5577.glb (286 polys)

[5578] Queenswood 600 x 679 Aluminium Radiator Matt White -> radiator
  ✓ model_5578.glb (286 polys)

[5579] Guardia 600 x 1800 Aluminium Radiator Matt White -> radiator
  ✓ model_5579.glb (286 polys)

[5580] Queenswood 1800 x 582 Aluminium Radiator Matt Black -> radiator
  ✓ model_5580.glb (286 polys)

[5581] Queenswood 600 x 582 Aluminium Radiator Matt White -> radiator
  ✓ model_5581.glb (286 polys)

[5582] Guardia 600 x 1610 Aluminium Radiator Matt Black -> radiator
  ✓ model_5582.glb (286 polys)

[5583] Queenswood 600 x 485 Aluminium Radiator Matt White -> radiator
  ✓ model_5583.glb (286 polys)

[5584] Queenswood 1800 x 485 Aluminium Radiator Matt Black -> radiator
  ✓ model_5584.glb (286 polys)

[5585] Queenswood 1800 x 582 Aluminium Radiator Matt White -> radiator
  ✓ model_5585.glb (286 polys)

[5586] Queenswood 1800 x 388 Aluminium Radiator Matt Black -> radiator
  ✓ model_5586.glb (286 polys)

[5587] Queenswood 1800 x 485 Aluminium Radiator Matt White -> radiator
  ✓ model_5587.glb (286 polys)

[5588] Queenswood 1800 x 291 Aluminium Radiator Matt Black -> radiator
  ✓ model_5588.glb (286 polys)

[5589] Queenswood 1800 x 388 Aluminium Radiator Matt White -> radiator
  ✓ model_5589.glb (286 polys)

[5590] Queenswood 600 x 1649 Aluminium Radiator Matt Anthracite -> radiator
  ✓ model_5590.glb (286 polys)

[5591] Queenswood 1800 x 291 Aluminium Radiator Matt White -> radiator
  ✓ model_5591.glb (286 polys)

[5592] Queenswood 600 x 1455 Aluminium Radiator Matt Anthracite -> radiator
  ✓ model_5592.glb (286 polys)

[5593] Queenswood 600 x 1261 Aluminium Radiator Matt Anthracite -> radiator
  ✓ model_5593.glb (286 polys)

[5594] Queenswood 600 x 1067 Aluminium Radiator Matt Anthracite -> radiator
  ✓ model_5594.glb (286 polys)

[5595] Queenswood 600 x 873 Aluminium Radiator Matt Anthracite -> radiator
  ✓ model_5595.glb (286 polys)

[5596] Queenswood 600 x 679 Aluminium Radiator Matt Anthracite -> radiator
  ✓ model_5596.glb (286 polys)

[5597] Corsair 900x900mm Quad 25mm Shower Tray - White -> shower-tray
  ✓ model_5597.glb (138 polys)

[5598] Corsair 800x800mm Quad 25mm Shower Tray-  White -> shower-tray
  ✓ model_5598.glb (138 polys)

[5599] Corsair 1700 x 900mm 25mm Rectangular Shower Tray - White -> shower-tray
  ✓ model_5599.glb (138 polys)

[5600] Corsair 1700 x 800mm 25mm Rectangular Shower Tray - White -> shower-tray
  ✓ model_5600.glb (138 polys)

[5601] Corsair 1700 x 760mm 25mm Rectangular Shower Tray - White -> shower-tray
  ✓ model_5601.glb (138 polys)

[5602] Corsair 1000 x 1000mm Square 25mm Shower Tray - White -> shower-tray
  ✓ model_5602.glb (138 polys)

[5603] Corsair 1700 x 700mm 25mm Rectangular Shower Tray - White -> shower-tray
  ✓ model_5603.glb (138 polys)

[5604] Corsair 900 x 900mm Square 25mm Shower Tray - White -> shower-tray
  ✓ model_5604.glb (138 polys)

[5605] Corsair 1600 x 900mm 25mm Rectangular Shower Tray - White -> shower-tray
  ✓ model_5605.glb (138 polys)

[5606] Corsair 1600 x 800mm 25mm Rectangular Shower Tray - White -> shower-tray
  ✓ model_5606.glb (138 polys)

[5607] Corsair 800 x 800mm Square 25mm Shower Tray - White -> shower-tray
  ✓ model_5607.glb (138 polys)

[5608] Corsair 1500 x 900mm 25mm Rectangular Shower Tray - White -> shower-tray
  ✓ model_5608.glb (138 polys)

[5609] Corsair 760 x 760mm Square 25mm Shower Tray - White -> shower-tray
  ✓ model_5609.glb (138 polys)

[5610] Corsair 1500 x 800mm 25mm Rectangular Shower Tray - White -> shower-tray
  ✓ model_5610.glb (138 polys)

[5611] Corsair 700 x 700mm Square 25mm Shower Tray - White -> shower-tray
  ✓ model_5611.glb (138 polys)

[5612] Kingswood Slimline 600 x 610 Aluminium Radiator Matt Black -> radiator
  ✓ model_5612.glb (286 polys)

[5613] Corsair 1500 x 760mm 25mm Rectangular Shower Tray - White -> shower-tray
  ✓ model_5613.glb (138 polys)

[5614] Corsair 1400 x 900mm 25mm Rectangular Shower Tray - White -> shower-tray
  ✓ model_5614.glb (138 polys)

[5615] Kingswood Slimline 600 x 510 Aluminium Radiator Matt Black -> radiator
  ✓ model_5615.glb (286 polys)

[5616] Corsair 1400 x 800mm 25mm Rectangular Shower Tray - White -> shower-tray
  ✓ model_5616.glb (138 polys)

[5617] Corsair Anti-Slip 900 x 900mm Square 25mm Shower Tray - White -> shower-tray
  ✓ model_5617.glb (138 polys)

[5618] Kingswood Slimline 600 x 410 Aluminium Radiator Matt Black -> radiator
  ✓ model_5618.glb (286 polys)

[5619] Malmesbury Towel Hanger 565mm Matt Black -> shelf
  ✓ model_5619.glb (18 polys)

[5620] Corsair Anti Slip 800 x 800mm Square 25mm Shower Tray - White -> shower-tray
  ✓ model_5620.glb (138 polys)

[5621] Corsair 1400 x 760mm 25mm Rectangular Shower Tray - White -> shower-tray
  ✓ model_5621.glb (138 polys)

[5622] Kingswood Slimline 600 x 1410 Aluminium Radiator Matt Anthracite -> radiator
  ✓ model_5622.glb (286 polys)

[5623] Malmesbury Towel Hanger 470mm Matt Black -> shelf
  ✓ model_5623.glb (18 polys)

[5624] Corsair Anti-Slip 760 x760mm square 25mm Shower Tray - White -> shower-tray
  ✓ model_5624.glb (138 polys)

[5625] Kingswood Slimline 600 x 1210 Aluminium Radiator Matt Anthracite -> radiator
  ✓ model_5625.glb (286 polys)

[5626] Corsair 1300 x 900mm 25mm Rectangular Shower Tray - White -> shower-tray
  ✓ model_5626.glb (138 polys)

[5627] Malmesbury Towel Hanger 375mm Matt Black -> shelf
  ✓ model_5627.glb (18 polys)

[5628] Corsair 1300 x 800mm 25mm Rectangular Shower Tray - White -> shower-tray
  ✓ model_5628.glb (138 polys)

[5818] Crossland  1200 x 900mm Right Hand (RH) Offset Quad Shower Tray with Slate Finish - White -> shower-tray
  ✓ model_5818.glb (138 polys)

[5819] Crossland  1600 x 900mm Rectangular Shower Tray with Slate Finish - White -> shower-tray
  ✓ model_5819.glb (138 polys)

[5820] Crossland  1600 x 900mm Rectangular Shower tray with Slate Finish - Grey -> shower-tray
  ✓ model_5820.glb (138 polys)

[5821] Crossland  1600 x 900mm Rectangular Shower tray with Slate Finish - Black -> shower-tray
  ✓ model_5821.glb (138 polys)

[5822] Crossland  1600 x 800mm Rectangular Shower Tray with Slate Finish - White -> shower-tray
  ✓ model_5822.glb (138 polys)

[5823] Corniche 2000 8mm Soft Close Walk in 1600 Slider RH  Brushed Brass -> shower-enclosure
  ✓ model_5823.glb (178 polys)

[5824] Corniche 2000 8mm Soft Close Walk in 1400 Slider RH  Brushed Brass -> shower-enclosure
  ✓ model_5824.glb (178 polys)

[5825] Corniche 2000 8mm Easy Clean 2000mm x 1200mm Soft Close Walk in  Slider Right Hand (RH) Shower Door -Brushed Brass -> shower-enclosure
  ✓ model_5825.glb (178 polys)

[5826] Corniche 2000 8mm Soft Close Walk in 1600 Slider LH  Brushed Brass -> shower-enclosure
  ✓ model_5826.glb (178 polys)

[5827] Corniche 2000 8mm Soft Close Walk in 1400 Slider LH  Brushed Brass -> shower-enclosure
  ✓ model_5827.glb (178 polys)

[5828] Corniche 2000 8mm Easy Clean 2000mm x 1200mm Soft Close Walk in Slider Left Hand (LH) Shower Door - Brushed Brass -> shower-enclosure
  ✓ model_5828.glb (178 polys)

[7504] Square Magnetic Towel Hanger 600mm. Chrome -> shelf
  ✓ model_7504.glb (18 polys)

[5830] Corniche 2000 8mm Soft Close Walk in 1400 Slider RH  Matt Black -> shower-enclosure
  ✓ model_5830.glb (178 polys)

[5831] Corniche 2000 8mm Easy Clean 2000mm x 1200mm Soft Close Walk in Slider Right Hand (RH) Shower Door - Matt Black -> shower-enclosure
  ✓ model_5831.glb (178 polys)

[5832] Putney 1590 x 740 x 460mm (355 Depth) Low level Freestanding Bath inc waste - Gloss White -> bath
  ✓ model_5832.glb (122 polys)

[5833] Bromley 1590 x 750 x 560mm Freestanding bath inc waste - Gloss White -> bath
  ✓ model_5833.glb (122 polys)

[5834] Harlton Back to wall (BTW) 1500 x 750 x 580mm (430mm depth) Freestanding Bath - Gloss White -> bath
  ✓ model_5834.glb (122 polys)

[5835] Brockland Sqaure 1600 x 750 x 600mm (430mm depth) Freestanding Bath - Gloss White -> bath
  ✓ model_5835.glb (122 polys)

[5836] Charlton 1650 x 740 x 565mm Freestanding bath -  Matt White -> bath
  ✓ model_5836.glb (122 polys)

[5837] Wandsworth 1495 x 725 x 585mm Freestanding Bath -  Matt White -> bath
  ✓ model_5837.glb (122 polys)

[5838] Brockland 1600 x 750 x 575mm Freestanding bath in Matt White -> bath
  ✓ model_5838.glb (122 polys)

[5839] Vantage 2000 8mm Easy Clean 2000mm x 1700mm Soft Close Sliding Shower Door - Brushed Brass -> shower-enclosure
  ✓ model_5839.glb (178 polys)

[5840] Vantage 2000 8mm Easy Clean 2000mm x 1650mm Soft Close Sliding Shower Door - Brushed Brass -> shower-enclosure
  ✓ model_5840.glb (178 polys)

[5962] Imperia 6 Column Radiator 600 x 1370mm Matt Black -> radiator
  ✓ model_5962.glb (286 polys)

[5841] Vantage 2000 8mm Easy Clean 2000mm x 1600mm Soft Close Sliding Shower Door - Brushed Brass -> shower-enclosure
  ✓ model_5841.glb (178 polys)

[5842] Vantage 2000 8mm Easy Clean 2000mm x 1500mm Soft Close Sliding Shower Door - Brushed Brass -> shower-enclosure
  ✓ model_5842.glb (178 polys)

[5843] Vantage 2000 8mm Easy Clean 2000mm x 1400mm Soft Close Sliding Shower Door - Brushed Brass -> shower-enclosure
  ✓ model_5843.glb (178 polys)

[5844] Vantage 2000 8mm Easy Clean 2000mm x 1300mm Soft Close Sliding Shower Door - Brushed Brass -> shower-enclosure
  ✓ model_5844.glb (178 polys)

[5845] Vantage 2000 8mm Easy Clean 2000mm x 1200mm Soft Close Sliding Shower Door - Brushed Brass -> shower-enclosure
  ✓ model_5845.glb (178 polys)

[5846] Vantage 2000 8mm Easy Clean 2000mm x 1100mm Soft Close Sliding Shower Door - Brushed Brass -> shower-enclosure
  ✓ model_5846.glb (178 polys)

[5847] Vantage 2000 8mm Easy Clean 2000mm x 1000mm Soft Close Sliding Shower Door - Brushed Brass -> shower-enclosure
  ✓ model_5847.glb (178 polys)

[5848] Vantage 2000 8mm Easy Clean 2000mm x 1700mm Soft Close Sliding Shower Door - Matt Black -> shower-enclosure
  ✓ model_5848.glb (178 polys)

[5849] Vantage 2000 8mm Easy Clean 2000mm x 1650mm Soft Close Sliding Shower Door -  Matt Black -> shower-enclosure
  ✓ model_5849.glb (178 polys)

[5850] Vantage 2000 8mm Easy Clean 2000mm x 1600mm Soft Close Sliding Shower Door - Matt Black -> shower-enclosure
  ✓ model_5850.glb (178 polys)

[5862] Violla II 790 x 600 Stainless Steel Towel Rail Mirror Polished -> towel-rail
  ✓ model_5862.glb (408 polys)

[5851] Vantage 2000 8mm Easy Clean 2000mm x 1500mm Soft Close Sliding Shower Door - Matt Black -> shower-enclosure
  ✓ model_5851.glb (178 polys)

[5852] Vantage 2000 8mm Easy Clean 2000mm x 1400mm Soft Close Sliding Shower Door - Matt Black -> shower-enclosure
  ✓ model_5852.glb (178 polys)

[5853] Vantage 2000 8mm Easy Clean 2000mm x 1300mm Soft Close Sliding Shower Door - Matt Black -> shower-enclosure
  ✓ model_5853.glb (178 polys)

[5854] Vantage 2000 8mm Easy Clean 2000mm x 1200mm Soft Close Sliding Shower Door - Matt Black -> shower-enclosure
  ✓ model_5854.glb (178 polys)

[5855] Corniche 2000 8mm Soft Close Walk in 1600 Slider LH  Matt Black -> shower-enclosure
  ✓ model_5855.glb (178 polys)

[5856] Corniche 2000 8mm Soft Close Walk in 1400 Slider LH  Matt Black -> shower-enclosure
  ✓ model_5856.glb (178 polys)

[5857] Violla II 1210 x 500 Stainless Steel Towel Rail Mirror Polished -> towel-rail
  ✓ model_5857.glb (408 polys)

[5858] Biscay Single Ended (SE) Left Handed (LH) 1600 x 725 x 440mm 5mm Bath - White -> bath
  ✓ model_5858.glb (122 polys)

[5859] Corniche 2000 8mm Easy Clean 2000mm x 1200mm Soft Close Walk in Slider Left Hand (LH) Shower Door - Matt Black -> shower-enclosure
  ✓ model_5859.glb (178 polys)

[5860] Biscay Single Ended (SE) Right handed (RH) 1650 x 700 x 440mm 5mm Bath - White -> bath
  ✓ model_5860.glb (122 polys)

[5861] Corniche 2000 8mm Soft Close Walk in 1600 Slider RH  Chrome -> shower-enclosure
  ✓ model_5861.glb (178 polys)

[7505] Tunstall H Towel Hanger 589mm Matt White -> shelf
  ✓ model_7505.glb (18 polys)

[5863] Biscay Single Ended (SE) Left Handed (LH) 1650 x 700 x 440mm 5mm Bath - White -> bath
  ✓ model_5863.glb (122 polys)

[5864] Biscay Single Ended (SE) Right handed (RH) 1700 x 700 x 440mm 5mm Bath - White -> bath
  ✓ model_5864.glb (122 polys)

[5865] Corniche 2000 8mm Soft Close Walk in 1400 Slider RH  Chrome -> shower-enclosure
  ✓ model_5865.glb (178 polys)

[5866] Biscay Single Ended (SE) Left Handed (LH) 1700 x 700 x 440mm 5mm Bath - White -> bath
  ✓ model_5866.glb (122 polys)

[5867] Biscay Single Ended (SE) Right handed (RH) 1700 x 750 x 440mm 5mm Bath - White -> bath
  ✓ model_5867.glb (122 polys)

[5868] Corniche 2000 8mm Easy Clean 2000mm x 1200mm Soft Close Walk in Slider Right Hand (RH) Shower Door - Chrome -> shower-enclosure
  ✓ model_5868.glb (178 polys)

[5869] Biscay Single Ended (SE) Left Handed (LH) 1700 x 750 x 440mm 5mm Bath - White -> bath
  ✓ model_5869.glb (122 polys)

[5870] Biscay Single Ended (SE) Right handed (RH) 1800 x 750 x 440mm 5mm Bath - White -> bath
  ✓ model_5870.glb (122 polys)

[5871] Corniche 2000 8mm Soft Close Walk in 1600 Slider LH  Chrome -> shower-enclosure
  ✓ model_5871.glb (178 polys)

[5872] Corniche 2000 8mm Soft Close Walk in 1400 Slider LH  Chrome -> shower-enclosure
  ✓ model_5872.glb (178 polys)

[5873] Violla II 1630 x 600 Stainless Steel Towel Rail Brushed -> towel-rail
  ✓ model_5873.glb (408 polys)

[5874] Corniche 2000 8mm Easy Clean 2000mm x 1200mm Soft Close Walk in Slider Left Hand (LH) Shower Door - Chrome -> shower-enclosure
  ✓ model_5874.glb (178 polys)

[5875] Violla II 1630 x 500 Stainless Steel Towel Rail Brushed -> towel-rail
  ✓ model_5875.glb (408 polys)

[5876] Violla II 1210 x 600 Stainless Steel Towel Rail Brushed -> towel-rail
  ✓ model_5876.glb (408 polys)

[5877] Violla II 1210 x 500 Stainless Steel Towel Rail Brushed -> towel-rail
  ✓ model_5877.glb (408 polys)

[5878] Violla II 790 x 600 Stainless Steel Towel Rail Brushed -> towel-rail
  ✓ model_5878.glb (408 polys)

[5879] Violla II 790 x 500 Stainless Steel Towel Rail Brushed -> towel-rail
  ✓ model_5879.glb (408 polys)

[5880] Violla II 1630 x 600 Stainless Steel Towel Rail Mirror Polished -> towel-rail
  ✓ model_5880.glb (408 polys)

[5881] Violla II 1630 x 500 Stainless Steel Towel Rail Mirror Polished -> towel-rail
  ✓ model_5881.glb (408 polys)

[5882] Violla II 1210 x 600 Stainless Steel Towel Rail Mirror Polished -> towel-rail
  ✓ model_5882.glb (408 polys)

[5883] Biscay Single Ended (SE) Right handed (RH) 1700 x 750 x 440mm Beauforte Bath - White -> bath
  ✓ model_5883.glb (122 polys)

[5884] Biscay Single Ended (SE) Left Handed (LH) 1700 x750 x 440mm Beauforte Bath - White -> bath
  ✓ model_5884.glb (122 polys)

[5885] Biscay Single Ended (SE) Right handed (RH) 1800 x 750 x 440mm Beauforte Bath - White -> bath
  ✓ model_5885.glb (122 polys)

[5886] Biscay Single Ended (SE) Left Handed (LH) 1800 x750 x 440mm Beauforte Bath - White -> bath
  ✓ model_5886.glb (122 polys)

[5887] Biscay Single Ended (SE) Right handed (RH) 1600 x725 x 440mm 5mm Bath - White -> bath
  ✓ model_5887.glb (122 polys)

[5888] Vantage 2000 8mm Easy Clean 2000mm x 1000mm Soft Close Sliding Shower Door - Matt Black -> shower-enclosure
  ✓ model_5888.glb (178 polys)

[5889] Vantage 2000 8mm Easy Clean 2000mm x 1700mm Soft Close Sliding Shower Door - Chrome -> shower-enclosure
  ✓ model_5889.glb (178 polys)

[5890] Vantage 2000 8mm Easy Clean 2000mm x 1650mm Soft Close Sliding Shower Door - Chrome -> shower-enclosure
  ✓ model_5890.glb (178 polys)

[5891] Vantage 2000 8mm Easy Clean 2000mm x 1600mm Soft Close Sliding Shower Door - Chrome -> shower-enclosure
  ✓ model_5891.glb (178 polys)

[5892] Vantage 2000 8mm Easy Clean 2000mm x 1500mm Soft Close Sliding Shower Door - Chrome -> shower-enclosure
  ✓ model_5892.glb (178 polys)

[5893] Vantage 2000 8mm Easy Clean 2000mm x 1400mm Soft Close Sliding Shower Door - Chrome -> shower-enclosure
  ✓ model_5893.glb (178 polys)

[5894] Vantage 2000 8mm Easy Clean 2000mm x 1300mm Soft Close Sliding Shower Door - Chrome -> shower-enclosure
  ✓ model_5894.glb (178 polys)

[5895] Vantage 2000 8mm Easy Clean 2000mm x 1200mm Soft Close Sliding Shower Door - Chrome -> shower-enclosure
  ✓ model_5895.glb (178 polys)

[5896] Vantage 2000 8mm Easy Clean 2000mm x 1100mm Soft Close Sliding Shower Door - Chrome -> shower-enclosure
  ✓ model_5896.glb (178 polys)

[5897] Vantage 2000 8mm Easy Clean 2000mm x 1000mm Soft Close Sliding Shower Door - Chrome -> shower-enclosure
  ✓ model_5897.glb (178 polys)

[5898] Violla II 790 x 500 Stainless Steel Towel Rail Mirror Polished -> towel-rail
  ✓ model_5898.glb (408 polys)

[5899] Reinbach 290 x 500mm Towel Rail Matt Black -> towel-rail
  ✓ model_5899.glb (408 polys)

[5900] Reinbach 290 x 500mm Towel Rail Matt Anthracite -> towel-rail
  ✓ model_5900.glb (408 polys)

[5901] Reinbach 290 x 500mm Towel Rail Matt Grey -> towel-rail
  ✓ model_5901.glb (408 polys)

[5902] Reinbach 290 x 500mm Towel Rail Matt Cappuccino -> towel-rail
  ✓ model_5902.glb (408 polys)

[5903] Reinbach 290 x 500mm Towel Rail Matt White -> towel-rail
  ✓ model_5903.glb (408 polys)

[5904] Biscay Single Ended (SE) Left Handed (LH) 1800 x 750 x 440mm 5mm Bath - White -> bath
  ✓ model_5904.glb (122 polys)

[5905] Biscay Single Ended (SE) Right handed (RH) 1600 x 725 x 440mm Beauforte Bath - White -> bath
  ✓ model_5905.glb (122 polys)

[5906] Biscay Single Ended (SE) Left Handed (LH) 1600 x 725 x 440mm Beauforte Bath - White -> bath
  ✓ model_5906.glb (122 polys)

[5907] Biscay Single Ended (SE) Right handed (RH) 1650 x 700 x 440mm Beauforte Bath - White -> bath
  ✓ model_5907.glb (122 polys)

[5908] Biscay Single Ended (SE) Left Handed (LH) 1650 x700 x 440mm Beauforte Bath - White -> bath
  ✓ model_5908.glb (122 polys)

[5909] Biscay Single Ended (SE) Right handed (RH) 1700 x700 x 440mm Beauforte Bath - White -> bath
  ✓ model_5909.glb (122 polys)

[5923] Imperia 3 Column Radiator 450 x 1460mm Matt Anthracite -> radiator
  ✓ model_5923.glb (286 polys)

[5910] Biscay Single Ended (SE) Left Handed (LH) 1700 x700 x 440mm Beauforte Bath - White -> bath
  ✓ model_5910.glb (122 polys)

[5911] Vantage 2000 8mm Easy Clean 2000mm x 1100mm Soft Close Sliding Shower Door - Matt Black -> shower-enclosure
  ✓ model_5911.glb (178 polys)

[5912] Imperia 3 Column Radiator 450 x 1145mm Matt Black -> radiator
  ✓ model_5912.glb (286 polys)

[5913] Imperia 4 Column Radiator 600 x 425mm Matt Anthracite -> radiator
  ✓ model_5913.glb (286 polys)

[5914] Imperia 2 Column Radiator 450 x 1010mm Matt Black -> radiator
  ✓ model_5914.glb (286 polys)

[5915] Imperia 4 Column Radiator 600 x 1640mm Gloss White -> radiator
  ✓ model_5915.glb (286 polys)

[5916] Imperia 3 Column Radiator 450 x 1010mm Matt Black -> radiator
  ✓ model_5916.glb (286 polys)

[5917] Imperia 3 Column Radiator 450 x 830mm Matt Black -> radiator
  ✓ model_5917.glb (286 polys)

[5918] Imperia 2 Column Radiator 450 x 830mm Matt Black -> radiator
  ✓ model_5918.glb (286 polys)

[5919] Imperia 4 Column Radiator 600 x 1460mm Gloss White -> radiator
  ✓ model_5919.glb (286 polys)

[5920] Imperia 3 Column Radiator 450 x 605mm Matt Black -> radiator
  ✓ model_5920.glb (286 polys)

[5921] Imperia 2 Column Radiator 450 x 605mm Matt Black -> radiator
  ✓ model_5921.glb (286 polys)

[5922] Imperia 4 Column Radiator 600 x 1145mm Gloss White -> radiator
  ✓ model_5922.glb (286 polys)

[6213] Addington II Radiator 1000 x 596 Type10 Chrome -> radiator
  ✓ model_6213.glb (286 polys)

[5924] Imperia 2 Column Radiator 450 x 1460mm Matt Anthracite -> radiator
  ✓ model_5924.glb (286 polys)

[5925] Imperia 4 Column Radiator 600 x 1010mm Gloss White -> radiator
  ✓ model_5925.glb (286 polys)

[5926] Imperia 3 Column Radiator 450 x 1145mm Matt Anthracite -> radiator
  ✓ model_5926.glb (286 polys)

[5927] Imperia 2 Column Radiator 450 x 1145mm Matt Anthracite -> radiator
  ✓ model_5927.glb (286 polys)

[5928] Imperia 4 Column Radiator 600 x 830mm Gloss White -> radiator
  ✓ model_5928.glb (286 polys)

[5929] Imperia 3 Column Radiator 450 x 1010mm Matt Anthracite -> radiator
  ✓ model_5929.glb (286 polys)

[5930] Imperia 2 Column Radiator 450 x 1010mm Matt Anthracite -> radiator
  ✓ model_5930.glb (286 polys)

[5931] Imperia 2 Column Radiator 1800 x 605mm Matt Black -> radiator
  ✓ model_5931.glb (286 polys)

[5932] Imperia 2 Column Radiator 450 x 830mm Matt Anthracite -> radiator
  ✓ model_5932.glb (286 polys)

[5933] Imperia 2 Column Radiator 450 x 605mm Matt Anthracite -> radiator
  ✓ model_5933.glb (286 polys)

[5934] Imperia 2 Column Radiator 1800 x 560mm Matt Black -> radiator
  ✓ model_5934.glb (286 polys)

[5935] Imperia 6 Column Radiator 600 x 605mm Matt Black -> radiator
  ✓ model_5935.glb (286 polys)

[5936] Imperia 6 Column Radiator 600 x 425mm Matt Black -> radiator
  ✓ model_5936.glb (286 polys)

[5937] Imperia 6 Column Radiator 600 x 1460mm Matt Anthracite -> radiator
  ✓ model_5937.glb (286 polys)

[5938] Imperia 6 Column Radiator 600 x 1370mm Matt Anthracite -> radiator
  ✓ model_5938.glb (286 polys)

[5939] Imperia 6 Column Radiator 600 x 1145mm Matt Anthracite -> radiator
  ✓ model_5939.glb (286 polys)

[5940] Imperia 6 Column Radiator 600 x 1010mm Matt Anthracite -> radiator
  ✓ model_5940.glb (286 polys)

[5941] Imperia 6 Column Radiator 600 x 830mm Matt Anthracite -> radiator
  ✓ model_5941.glb (286 polys)

[5942] Imperia 6 Column Radiator 600 x 605mm Matt Anthracite -> radiator
  ✓ model_5942.glb (286 polys)

[5943] Imperia 6 Column Radiator 600 x 425mm Matt Anthracite -> radiator
  ✓ model_5943.glb (286 polys)

[5944] Imperia 6 Column Radiator 600 x 1460mm Gloss White -> radiator
  ✓ model_5944.glb (286 polys)

[5945] Imperia 6 Column Bench Radiator 480 x 1200mm Matt Black -> radiator
  ✓ model_5945.glb (286 polys)

[5946] Imperia 6 Column Radiator 600 x 1370mm Gloss White -> radiator
  ✓ model_5946.glb (286 polys)

[5947] Imperia 6 Column Bench Radiator 480 x 850mm Matt Black -> radiator
  ✓ model_5947.glb (286 polys)

[5948] Imperia 6 Column Radiator 600 x 1145mm Gloss White -> radiator
  ✓ model_5948.glb (286 polys)

[5949] Imperia 6 Column Bench Radiator 480 x 1200mm Matt Anthracite -> radiator
  ✓ model_5949.glb (286 polys)

[5950] Imperia 6 Column Radiator 600 x 1010mm Gloss White -> radiator
  ✓ model_5950.glb (286 polys)

[5951] Imperia 6 Column Radiator 600 x 830mm Gloss White -> radiator
  ✓ model_5951.glb (286 polys)

[5952] Imperia 6 Column Bench Radiator 480 x 850mm Matt Anthracite -> radiator
  ✓ model_5952.glb (286 polys)

[5953] Imperia 6 Column Radiator 600 x 605mm Gloss White -> radiator
  ✓ model_5953.glb (286 polys)

[5954] Imperia 6 Column Radiator 600 x 425mm Gloss White -> radiator
  ✓ model_5954.glb (286 polys)

[5955] Imperia 6 Column Bench Radiator 480 x 1200mm Gloss White -> radiator
  ✓ model_5955.glb (286 polys)

[5956] Imperia 6 Column Radiator 300 x 1370mm Matt Black -> radiator
  ✓ model_5956.glb (286 polys)

[5957] Imperia 6 Column Bench Radiator 480 x 850mm Gloss White -> radiator
  ✓ model_5957.glb (286 polys)

[5958] Imperia 6 Column Radiator 300 x 1145mm Matt Black -> radiator
  ✓ model_5958.glb (286 polys)

[5959] Imperia 6 Column Radiator 300 x 1010mm Matt Black -> radiator
  ✓ model_5959.glb (286 polys)

[5960] Imperia 6 Column Radiator 600 x 1460mm Matt Black -> radiator
  ✓ model_5960.glb (286 polys)

[5963] Imperia 6 Column Radiator 300 x 1370mm Matt Anthracite -> radiator
  ✓ model_5963.glb (286 polys)

[5964] Imperia 6 Column Radiator 600 x 1145mm Matt Black -> radiator
  ✓ model_5964.glb (286 polys)

[5965] Imperia 6 Column Radiator 300 x 1145mm Matt Anthracite -> radiator
  ✓ model_5965.glb (286 polys)

[5966] Imperia 6 Column Radiator 600 x 1010mm Matt Black -> radiator
  ✓ model_5966.glb (286 polys)

[5967] Imperia 6 Column Radiator 300 x 1010mm Matt Anthracite -> radiator
  ✓ model_5967.glb (286 polys)

[5968] Imperia 6 Column Radiator 600 x 830mm Matt Black -> radiator
  ✓ model_5968.glb (286 polys)

[5969] Imperia 6 Column Radiator 300 x 830mm Matt Anthracite -> radiator
  ✓ model_5969.glb (286 polys)

[5970] Imperia 4 Column Radiator 600 x 425mm Gloss White -> radiator
  ✓ model_5970.glb (286 polys)

[5971] Imperia 3 Column Radiator 1800 x 605mm Matt Black -> radiator
  ✓ model_5971.glb (286 polys)

[5972] Imperia 6 Column Radiator 300 x 1370mm Gloss White -> radiator
  ✓ model_5972.glb (286 polys)

[5973] Imperia 3 Column Radiator 450 x 830mm Matt Anthracite -> radiator
  ✓ model_5973.glb (286 polys)

[5974] Imperia 3 Column Radiator 1800 x 560mm Matt Black -> radiator
  ✓ model_5974.glb (286 polys)

[5975] Imperia 6 Column Radiator 300 x 1145mm Gloss White -> radiator
  ✓ model_5975.glb (286 polys)

[5976] Imperia 2 Column Radiator 1800 x 515mm Matt Black -> radiator
  ✓ model_5976.glb (286 polys)

[5977] Imperia 2 Column Radiator 450 x 1460mm Gloss White -> radiator
  ✓ model_5977.glb (286 polys)

[5978] Imperia 4 Column Radiator 300 x 1640mm Matt Black -> radiator
  ✓ model_5978.glb (286 polys)

[5979] Imperia 3 Column Radiator 450 x 605mm Matt Anthracite -> radiator
  ✓ model_5979.glb (286 polys)

[5980] Imperia 2 Column Radiator 450 x 1145mm Gloss White -> radiator
  ✓ model_5980.glb (286 polys)

[5981] Imperia 3 Column Radiator 1800 x 515mm Matt Black -> radiator
  ✓ model_5981.glb (286 polys)

[5982] Imperia 6 Column Radiator 300 x 1010mm Gloss White -> radiator
  ✓ model_5982.glb (286 polys)

[5983] Imperia 2 Column Radiator 1800 x 650mm Matt Anthracite -> radiator
  ✓ model_5983.glb (286 polys)

[5984] Imperia 4 Column Radiator 300 x 1460mm Matt Black -> radiator
  ✓ model_5984.glb (286 polys)

[5985] Imperia 3 Column Radiator 450 x 1460mm Gloss White -> radiator
  ✓ model_5985.glb (286 polys)

[5986] Imperia 6 Column Radiator 300 x 830mm Gloss White -> radiator
  ✓ model_5986.glb (286 polys)

[5987] Imperia 2 Column Radiator 450 x 1010mm Gloss White -> radiator
  ✓ model_5987.glb (286 polys)

[5988] Imperia 3 Column Radiator 1800 x 650mm Matt Anthracite -> radiator
  ✓ model_5988.glb (286 polys)

[5989] Imperia 2 Column Radiator 1800 x 605mm Matt Anthracite -> radiator
  ✓ model_5989.glb (286 polys)

[5990] Crossland 1200mm x 900mm Right Hand (RH) Quad Slate Finish Shower Tray - Light Grey -> shower-tray
  ✓ model_5990.glb (138 polys)

[5991] Imperia 4 Column Radiator 300 x 1370mm Matt Black -> radiator
  ✓ model_5991.glb (286 polys)

[5992] Imperia 3 Column Radiator 450 x 1145mm Gloss White -> radiator
  ✓ model_5992.glb (286 polys)

[5993] Imperia 2 Column Radiator 450 x 830mm Gloss White -> radiator
  ✓ model_5993.glb (286 polys)

[5994] Imperia 3 Column Radiator 1800 x 605mm Matt Anthracite -> radiator
  ✓ model_5994.glb (286 polys)

[5995] Imperia 2 Column Radiator 1800 x 560mm Matt Anthracite -> radiator
  ✓ model_5995.glb (286 polys)

[5996] Crossland 1200mm x 900mm Left Hand (LH) Quad Slate Finish Shower Tray - Light Grey -> shower-tray
  ✓ model_5996.glb (138 polys)

[5997] Imperia 4 Column Radiator 300 x 1145mm Matt Black -> radiator
  ✓ model_5997.glb (286 polys)

[5998] Imperia 3 Column Radiator 450 x 1010mm Gloss White -> radiator
  ✓ model_5998.glb (286 polys)

[5999] Imperia 3 Column Radiator 1800 x 560mm Matt Anthracite -> radiator
  ✓ model_5999.glb (286 polys)

[6000] Imperia 2 Column Radiator 450 x 605mm Gloss White -> radiator
  ✓ model_6000.glb (286 polys)

[6001] Crossland  900mm x 900mm Quad Slate Finish Shower Tray - Light Grey -> shower-tray
  ✓ model_6001.glb (138 polys)

[6002] Imperia 2 Column Radiator 1800 x 515mm Matt Anthracite -> radiator
  ✓ model_6002.glb (286 polys)

[6003] Imperia 4 Column Radiator 300 x 1010mm Matt Black -> radiator
  ✓ model_6003.glb (286 polys)

[6242] Addington II Radiator 800 x 522 Type10 Chrome -> radiator
  ✓ model_6242.glb (286 polys)

[6004] Crossland 800mm x 800mm Quad Slate Finish Shower Tray - Light Grey -> shower-tray
  ✓ model_6004.glb (138 polys)

[6005] Imperia 3 Column Radiator 1800 x 515mm Matt Anthracite -> radiator
  ✓ model_6005.glb (286 polys)

[6006] Imperia 3 Column Radiator 450 x 830mm Gloss White -> radiator
  ✓ model_6006.glb (286 polys)

[6007] Imperia 2 Column Radiator 300 x 1640mm Matt Black -> radiator
  ✓ model_6007.glb (286 polys)

[6008] Imperia 4 Column Radiator 600 x 1640mm Matt Black -> radiator
  ✓ model_6008.glb (286 polys)

[6009] Imperia 2 Column Radiator 1800 x 650mm Gloss White -> radiator
  ✓ model_6009.glb (286 polys)

[6010] Imperia 4 Column Radiator 300 x 830mm Matt Black -> radiator
  ✓ model_6010.glb (286 polys)

[6011] Crossland 1700mm x 900mm Slate Finish Shower Tray - Light Grey -> shower-tray
  ✓ model_6011.glb (138 polys)

[6012] Imperia 3 Column Radiator 450 x 605mm Gloss White -> radiator
  ✓ model_6012.glb (286 polys)

[6013] Imperia 3 Column Radiator 1800 x 650mm Gloss White -> radiator
  ✓ model_6013.glb (286 polys)

[6014] Imperia 2 Column Radiator 1800 x 605mm Gloss White -> radiator
  ✓ model_6014.glb (286 polys)

[6015] Imperia 4 Column Radiator 600 x 1460mm Matt Black -> radiator
  ✓ model_6015.glb (286 polys)

[6016] Imperia 2 Column Radiator 300 x 1460mm Matt Black -> radiator
  ✓ model_6016.glb (286 polys)

[6017] Imperia 4 Column Radiator 300 x 1640mm Matt Anthracite -> radiator
  ✓ model_6017.glb (286 polys)

[6018] Imperia 3 Column Radiator 300 x 1640mm Matt Black -> radiator
  ✓ model_6018.glb (286 polys)

[6019] Crossland  1700mm x 800mm Slate Finish Shower Tray - Light Grey -> shower-tray
  ✓ model_6019.glb (138 polys)

[6020] Imperia 3 Column Radiator 1800 x 605mm Gloss White -> radiator
  ✓ model_6020.glb (286 polys)

[6021] Imperia 2 Column Radiator 1800 x 560mm Gloss White -> radiator
  ✓ model_6021.glb (286 polys)

[6022] Imperia 4 Column Radiator 600 x 1145mm Matt Black -> radiator
  ✓ model_6022.glb (286 polys)

[6023] Crossland 1700mm x 700mm Slate Finish Shower Tray - Light Grey -> shower-tray
  ✓ model_6023.glb (138 polys)

[6024] Imperia 2 Column Radiator 300 x 1010mm Matt Black -> radiator
  ✓ model_6024.glb (286 polys)

[6025] Imperia 3 Column Radiator 300 x 1460mm Matt Black -> radiator
  ✓ model_6025.glb (286 polys)

[6026] Imperia 4 Column Radiator 300 x 1460mm Matt Anthracite -> radiator
  ✓ model_6026.glb (286 polys)

[6027] Imperia 3 Column Radiator 1800 x 560mm Gloss White -> radiator
  ✓ model_6027.glb (286 polys)

[6028] Imperia 2 Column Radiator 1800 x 515mm Gloss White -> radiator
  ✓ model_6028.glb (286 polys)

[6029] Imperia 4 Column Radiator 600 x 1010mm Matt Black -> radiator
  ✓ model_6029.glb (286 polys)

[6030] Crossland  1600mm x 900mm Slate Finish Shower Tray - Light Grey -> shower-tray
  ✓ model_6030.glb (138 polys)

[6031] Imperia 3 Column Radiator 300 x 1010mm Matt Black -> radiator
  ✓ model_6031.glb (286 polys)

[6032] Imperia 2 Column Radiator 300 x 830mm Matt Black -> radiator
  ✓ model_6032.glb (286 polys)

[6033] Imperia 3 Column Radiator 1800 x 515mm Gloss White -> radiator
  ✓ model_6033.glb (286 polys)

[6034] Imperia 4 Column Radiator 300 x 1370mm Matt Anthracite -> radiator
  ✓ model_6034.glb (286 polys)

[6035] Imperia 2 Column Radiator 600 x 1820mm Matt Black -> radiator
  ✓ model_6035.glb (286 polys)

[6036] Crossland 1600mm x 800mm Slate Finish Shower Tray - Light Grey -> shower-tray
  ✓ model_6036.glb (138 polys)

[6037] Imperia 4 Column Radiator 600 x 830mm Matt Black -> radiator
  ✓ model_6037.glb (286 polys)

[6038] Imperia 2 Column Radiator 300 x 1640mm Matt Anthracite -> radiator
  ✓ model_6038.glb (286 polys)

[6039] Imperia 3 Column Radiator 600 x 1820mm Matt Black -> radiator
  ✓ model_6039.glb (286 polys)

[6040] Imperia 3 Column Radiator 300 x 830mm Matt Black -> radiator
  ✓ model_6040.glb (286 polys)

[6041] Imperia 2 Column Radiator 600 x 1640mm Matt Black -> radiator
  ✓ model_6041.glb (286 polys)

[6042] Crossland  1600mm x 700mm Slate Finish Shower Tray - Light Grey -> shower-tray
  ✓ model_6042.glb (138 polys)

[6043] Imperia 4 Column Radiator 300 x 1145mm Matt Anthracite -> radiator
  ✓ model_6043.glb (286 polys)

[6044] Imperia 2 Column Radiator 300 x 1460mm Matt Anthracite -> radiator
  ✓ model_6044.glb (286 polys)

[6045] Imperia 4 Column Radiator 600 x 425mm Matt Black -> radiator
  ✓ model_6045.glb (286 polys)

[6046] Imperia 3 Column Radiator 600 x 1640mm Matt Black -> radiator
  ✓ model_6046.glb (286 polys)

[6047] Imperia 3 Column Radiator 300 x 1640mm Matt Anthracite -> radiator
  ✓ model_6047.glb (286 polys)

[6048] Crossland 1500mm x 900mm Slate Finish Shower Tray - Light Grey -> shower-tray
  ✓ model_6048.glb (138 polys)

[6049] Imperia 2 Column Radiator 600 x 1820mm Matt Anthracite -> radiator
  ✓ model_6049.glb (286 polys)

[6050] Imperia 4 Column Radiator 600 x 1640mm Matt Anthracite -> radiator
  ✓ model_6050.glb (286 polys)

[6051] Imperia 4 Column Radiator 300 x 1010mm Matt Anthracite -> radiator
  ✓ model_6051.glb (286 polys)

[6052] Imperia 2 Column Radiator 300 x 1010mm Matt Anthracite -> radiator
  ✓ model_6052.glb (286 polys)

[6053] Crossland 1500mm x 800mm Slate Finish Shower Tray - Light Grey -> shower-tray
  ✓ model_6053.glb (138 polys)

[6054] Imperia 3 Column Radiator 600 x 1820mm Matt Anthracite -> radiator
  ✓ model_6054.glb (286 polys)

[6055] Imperia 3 Column Radiator 300 x 1460mm Matt Anthracite -> radiator
  ✓ model_6055.glb (286 polys)

[6056] Imperia 2 Column Radiator 600 x 1640mm Matt Anthracite -> radiator
  ✓ model_6056.glb (286 polys)

[6057] Imperia 4 Column Radiator 600 x 1460mm Matt Anthracite -> radiator
  ✓ model_6057.glb (286 polys)

[6058] Imperia 4 Column Radiator 300 x 830mm Matt Anthracite -> radiator
  ✓ model_6058.glb (286 polys)

[7506] Tunstall H Towel Hanger 330mm Chrome -> shelf
  ✓ model_7506.glb (18 polys)

[6059] Imperia 3 Column Radiator 600 x 1640mm Matt Anthracite -> radiator
  ✓ model_6059.glb (286 polys)

[6060] Crossland 1400mm x 900mm Slate Finish Shower Tray - Light Grey -> shower-tray
  ✓ model_6060.glb (138 polys)

[6061] Imperia 2 Column Radiator 300 x 830mm Matt Anthracite -> radiator
  ✓ model_6061.glb (286 polys)

[6062] Imperia 3 Column Radiator 300 x 1010mm Matt Anthracite -> radiator
  ✓ model_6062.glb (286 polys)

[6063] Imperia 4 Column Radiator 600 x 1145mm Matt Anthracite -> radiator
  ✓ model_6063.glb (286 polys)

[6064] Imperia 2 Column Radiator 600 x 1820mm Gloss White -> radiator
  ✓ model_6064.glb (286 polys)

[6065] Crossland 1400mm x 800mm Slate Finish Shower  Tray - Light Grey -> shower-tray
  ✓ model_6065.glb (138 polys)

[6066] Imperia 3 Column Radiator 600 x 1820mm Gloss White -> radiator
  ✓ model_6066.glb (286 polys)

[6067] Imperia 2 Column Radiator 300 x 1640mm Gloss White -> radiator
  ✓ model_6067.glb (286 polys)

[6068] Imperia 4 Column Radiator 300 x 1640mm Gloss White -> radiator
  ✓ model_6068.glb (286 polys)

[6069] Imperia 4 Column Radiator 600 x 1010mm Matt Anthracite -> radiator
  ✓ model_6069.glb (286 polys)

[6070] Imperia 3 Column Radiator 300 x 830mm Matt Anthracite -> radiator
  ✓ model_6070.glb (286 polys)

[6071] Imperia 2 Column Radiator 600 x 1640mm Gloss White -> radiator
  ✓ model_6071.glb (286 polys)

[6072] Crossland 1400mm x 700mm  Slate Finish Shower Tray - Light Grey -> shower-tray
  ✓ model_6072.glb (138 polys)

[6073] Imperia 3 Column Radiator 600 x 1640mm Gloss White -> radiator
  ✓ model_6073.glb (286 polys)

[6074] Imperia 2 Column Radiator 300 x 1460mm Gloss White -> radiator
  ✓ model_6074.glb (286 polys)

[6075] Imperia 4 Column Radiator 300 x 1460mm Gloss White -> radiator
  ✓ model_6075.glb (286 polys)

[6076] Imperia 4 Column Radiator 600 x 830mm Matt Anthracite -> radiator
  ✓ model_6076.glb (286 polys)

[6077] Crossland 1200mm x 900mm  Slate Finish Shower Tray - Light Grey -> shower-tray
  ✓ model_6077.glb (138 polys)

[6078] Imperia 3 Column Radiator 300 x 1640mm Gloss White -> radiator
  ✓ model_6078.glb (286 polys)

[6079] Imperia 2 Column Radiator 450 x 1460mm Matt Black -> radiator
  ✓ model_6079.glb (286 polys)

[6080] Imperia 3 Column Radiator 450 x 1460mm Matt Black -> radiator
  ✓ model_6080.glb (286 polys)

[6081] Crossland 1200mm x 800mm  Slate Finish Shower Tray - Light Grey -> shower-tray
  ✓ model_6081.glb (138 polys)

[6082] Imperia 2 Column Radiator 300 x 1010mm Gloss White -> radiator
  ✓ model_6082.glb (286 polys)

[6083] Imperia 4 Column Radiator 300 x 1370mm Gloss White -> radiator
  ✓ model_6083.glb (286 polys)

[6084] Crossland 1200mm x 700mm  Slate Finish Shower Tray - Light Grey -> shower-tray
  ✓ model_6084.glb (138 polys)

[6085] Imperia 3 Column Radiator 300 x 1460mm Gloss White -> radiator
  ✓ model_6085.glb (286 polys)

[6086] Imperia 2 Column Radiator 450 x 1145mm Matt Black -> radiator
  ✓ model_6086.glb (286 polys)

[6087] Imperia 2 Column Radiator 300 x 830mm Gloss White -> radiator
  ✓ model_6087.glb (286 polys)

[6088] Imperia 4 Column Radiator 300 x 1145mm Gloss White -> radiator
  ✓ model_6088.glb (286 polys)

[6089] Crossland 1000mm x 800mm Slate Finish Shower Tray - Light Grey -> shower-tray
  ✓ model_6089.glb (138 polys)

[6090] Imperia 3 Column Radiator 300 x 1010mm Gloss White -> radiator
  ✓ model_6090.glb (286 polys)

[6091] Crossland  900mm x 900mm Square Slate Finish Shower Tray - Light Grey -> shower-tray
  ✓ model_6091.glb (138 polys)

[6092] Type 22 Compact Panel Radiator 750 x 1200 Gloss White -> radiator
  ✓ model_6092.glb (286 polys)

[6093] Isbourne 940 x 600 Brushed Brass / Matt Black -> towel-rail
  ✓ model_6093.glb (408 polys)

[6094] Imperia 3 Column Radiator 300 x 830mm Gloss White -> radiator
  ✓ model_6094.glb (286 polys)

[6095] Crossland  800mm x 800mm Square Slate Finish Shower Tray - Light Grey -> shower-tray
  ✓ model_6095.glb (138 polys)

[6096] Type 22 Compact Panel Radiator 750 x 1000 - Gloss White -> radiator
  ✓ model_6096.glb (286 polys)

[6097] Isbourne 940 x 507 Brushed Brass / Matt Black -> towel-rail
  ✓ model_6097.glb (408 polys)

[6098] Imperia 2 Column Radiator 1800 x 560mm Bare Metal -> radiator
  ✓ model_6098.glb (286 polys)

[6099] Type 22 Compact Panel Radiator 750 x 800 Gloss White -> radiator
  ✓ model_6099.glb (286 polys)

[6100] Imperia 2 Column Radiator 600 x 1460mm Bare Metal -> radiator
  ✓ model_6100.glb (286 polys)

[6101] Type 22 Compact Panel Radiator 750 x 600 Gloss White -> radiator
  ✓ model_6101.glb (286 polys)

[6102] Imperia 2 Column Radiator 600 x 1010mm Bare Metal -> radiator
  ✓ model_6102.glb (286 polys)

[6103] Imperia 3 Column Radiator 1800 x 560mm Bare Metal -> radiator
  ✓ model_6103.glb (286 polys)

[6104] Type 22 Compact Panel Radiator 750 x 500 Gloss White -> radiator
  ✓ model_6104.glb (286 polys)

[6105] Imperia 2 Column Radiator 1800 x 650mm Matt Black -> radiator
  ✓ model_6105.glb (286 polys)

[6106] Imperia 3 Column Radiator 600 x 1460mm Bare Metal -> radiator
  ✓ model_6106.glb (286 polys)

[6107] Type 22 Compact Panel Radiator 750 x 400 Gloss White -> radiator
  ✓ model_6107.glb (286 polys)

[6108] Imperia 3 Column Radiator 600 x 1010mm Bare Metal -> radiator
  ✓ model_6108.glb (286 polys)

[6109] Imperia 3 Column Radiator 1800 x 650mm Matt Black -> radiator
  ✓ model_6109.glb (286 polys)

[6110] Velino Stainless Steel Towel Rail 1200 x 600 Mirror Polished -> towel-rail
  ✓ model_6110.glb (408 polys)

[6111] Velino Stainless Steel Towel Rail 1200 x 500 Mirror Polished -> towel-rail
  ✓ model_6111.glb (408 polys)

[6112] Velino Stainless Steel Towel Rail 800 x 600 Mirror Polished -> towel-rail
  ✓ model_6112.glb (408 polys)

[6113] Velino Stainless Steel Towel Rail 800 x 500 Mirror Polished -> towel-rail
  ✓ model_6113.glb (408 polys)

[6114] Warrington 1500 x 604 Radiator Type10 Matt Black -> radiator
  ✓ model_6114.glb (286 polys)

[6115] Warrington 1500 x 528 Radiator Type10 Matt Black -> radiator
  ✓ model_6115.glb (286 polys)

[6116] Warrington 1500 x 452 Radiator Type10 Matt Black -> radiator
  ✓ model_6116.glb (286 polys)

[6117] Warrington 1500 x 376 Radiator Type10 Matt Black -> radiator
  ✓ model_6117.glb (286 polys)

[6118] Warrington 1500 x 300 Radiator Type10 Matt Black -> radiator
  ✓ model_6118.glb (286 polys)

[6119] Warrington 1500 x 680 Radiator Type10 Matt Anthracite -> radiator
  ✓ model_6119.glb (286 polys)

[6120] Warrington 1500 x 604 Radiator Type10 Matt Anthracite -> radiator
  ✓ model_6120.glb (286 polys)

[6121] Warrington 1500 x 528 Radiator Type10 Matt Anthracite -> radiator
  ✓ model_6121.glb (286 polys)

[6122] Warrington 1500 x 452 Radiator Type10 Matt Anthracite -> radiator
  ✓ model_6122.glb (286 polys)

[6123] Warrington 1500 x 376 Radiator Type10 Matt Anthracite -> radiator
  ✓ model_6123.glb (286 polys)

[6124] Warrington 1500 x 300 Radiator Type10 Matt Anthracite -> radiator
  ✓ model_6124.glb (286 polys)

[6125] Warrington 1500 x 680 Radiator Type10 Gloss White -> radiator
  ✓ model_6125.glb (286 polys)

[6126] Addington II Radiator 600 x 818 Type10 Chrome -> radiator
  ✓ model_6126.glb (286 polys)

[6127] Addington II Radiator 600 x 1040 Type10 Matt Black -> radiator
  ✓ model_6127.glb (286 polys)

[6128] Addington II Radiator 600 x 1188 Type10 Matt Anthracite -> radiator
  ✓ model_6128.glb (286 polys)

[6129] Addington II Radiator 600 x 818 Type10 Matt Black -> radiator
  ✓ model_6129.glb (286 polys)

[6130] Addington II Radiator 600 x 670 Type10 Chrome -> radiator
  ✓ model_6130.glb (286 polys)

[6131] Addington II Radiator 600 x 1040 Type10 Matt Anthracite -> radiator
  ✓ model_6131.glb (286 polys)

[6132] Addington II Radiator 600 x 1262 Type10 Gloss White -> radiator
  ✓ model_6132.glb (286 polys)

[6133] Addington II Radiator 600 x 596 Type10 Chrome -> radiator
  ✓ model_6133.glb (286 polys)

[6134] Addington II Radiator 600 x 670 Type10 Matt Black -> radiator
  ✓ model_6134.glb (286 polys)

[6135] Addington II Radiator 600 x 596 Type10 Matt Black -> radiator
  ✓ model_6135.glb (286 polys)

[6136] Addington II Radiator 600 x 818 Type10 Matt Anthracite -> radiator
  ✓ model_6136.glb (286 polys)

[6137] Addington II Radiator 600 x 1188 Type10 Gloss White -> radiator
  ✓ model_6137.glb (286 polys)

[6138] Addington II Radiator 600 x 522 Type10 Chrome -> radiator
  ✓ model_6138.glb (286 polys)

[6139] Wendover Straight Multirail 600 x 1000 Brushed Brass -> towel-rail
  ✓ model_6139.glb (408 polys)

[6140] Addington II Radiator 600 x 1040 Type10 Gloss White -> radiator
  ✓ model_6140.glb (286 polys)

[6141] Addington II Radiator 600 x 522 Type10 Matt Black -> radiator
  ✓ model_6141.glb (286 polys)

[6142] Addington II Radiator 600 x 670 Type10 Matt Anthracite -> radiator
  ✓ model_6142.glb (286 polys)

[6143] Addington II Radiator 600 x 818 Type10 Gloss White -> radiator
  ✓ model_6143.glb (286 polys)

[6144] Addington II Radiator 600 x 448 Type10 Chrome -> radiator
  ✓ model_6144.glb (286 polys)

[6145] Addington II Radiator 600 x 448 Type10 Matt Black -> radiator
  ✓ model_6145.glb (286 polys)

[6146] Addington II Radiator 600 x 596 Type10 Matt Anthracite -> radiator
  ✓ model_6146.glb (286 polys)

[6147] Wendover Straight Multirail 600 x 750 Brushed Brass -> towel-rail
  ✓ model_6147.glb (408 polys)

[6148] Addington II Radiator 600 x 670 Type10 Gloss White -> radiator
  ✓ model_6148.glb (286 polys)

[6149] Addington II Radiator 600 x 374 Type10 Matt Black -> radiator
  ✓ model_6149.glb (286 polys)

[6150] Addington II Radiator 600 x 374 Type10 Chrome -> radiator
  ✓ model_6150.glb (286 polys)

[6151] Addington II Radiator 600 x 522 Type10 Matt Anthracite -> radiator
  ✓ model_6151.glb (286 polys)

[6152] Addington II Radiator 600 x 300 Type10 Matt Black -> radiator
  ✓ model_6152.glb (286 polys)

[6153] Addington II Radiator 600 x 596 Type10 Gloss White -> radiator
  ✓ model_6153.glb (286 polys)

[6154] Wendover Straight Multirail 600 x 300 Brushed Brass -> towel-rail
  ✓ model_6154.glb (408 polys)

[6155] Addington II Radiator 600 x 300 Type10 Chrome -> radiator
  ✓ model_6155.glb (286 polys)

[6156] Addington II Radiator 600 x 448 Type10 Matt Anthracite -> radiator
  ✓ model_6156.glb (286 polys)

[6157] Addington II Radiator 600 x 522 Type10 Gloss White -> radiator
  ✓ model_6157.glb (286 polys)

[6158] Addington II Radiator 500 x 596 Type10 Matt Black -> radiator
  ✓ model_6158.glb (286 polys)

[6159] Wendover Straight Multirail 360 x 400 Brushed Brass -> towel-rail
  ✓ model_6159.glb (408 polys)

[6160] Addington II Radiator 500 x 596 Type10 Chrome -> radiator
  ✓ model_6160.glb (286 polys)

[6161] Addington II Radiator 600 x 374 Type10 Matt Anthracite -> radiator
  ✓ model_6161.glb (286 polys)

[6162] Addington II Radiator 500 x 522 Type10 Matt Black -> radiator
  ✓ model_6162.glb (286 polys)

[6163] Addington II Radiator 600 x 448 Type10 Gloss White -> radiator
  ✓ model_6163.glb (286 polys)

[6164] Addington II Radiator 600 x 300 Type10 Matt Anthracite -> radiator
  ✓ model_6164.glb (286 polys)

[6165] Addington II Radiator 500 x 522 Type10 Chrome -> radiator
  ✓ model_6165.glb (286 polys)

[6166] Addington II Radiator 1800 x 670 Type10 Matt Anthracite -> radiator
  ✓ model_6166.glb (286 polys)

[6167] Addington II Radiator 600 x 374 Type10 Gloss White -> radiator
  ✓ model_6167.glb (286 polys)

[6168] Warrington 1500 x 684 Radiator Type20 Matt Black -> radiator
  ✓ model_6168.glb (286 polys)

[6169] Warrington 1800 x 376 Radiator Type10 Chrome -> radiator
  ✓ model_6169.glb (286 polys)

[6170] Addington II Radiator 500 x 596 Type10 Matt Anthracite -> radiator
  ✓ model_6170.glb (286 polys)

[6171] Addington II Radiator 600 x 300 Type10 Gloss White -> radiator
  ✓ model_6171.glb (286 polys)

[6172] Warrington 1500 x 604 Radiator Type10 Gloss White -> radiator
  ✓ model_6172.glb (286 polys)

[6173] Addington II Radiator 1800 x 596 Type10 Matt Anthracite -> radiator
  ✓ model_6173.glb (286 polys)

[6174] Addington II Radiator 1800 x 670 Type10 Matt Black -> radiator
  ✓ model_6174.glb (286 polys)

[6175] Warrington 1500 x 608 Radiator Type20 Matt Black -> radiator
  ✓ model_6175.glb (286 polys)

[6176] Addington II Radiator 600 x 374 Type20 Matt Anthracite -> radiator
  ✓ model_6176.glb (286 polys)

[6177] Warrington 1800 x 300 Radiator Type10 Chrome -> radiator
  ✓ model_6177.glb (286 polys)

[6178] Warrington 1500 x 528 Radiator Type10 Gloss White -> radiator
  ✓ model_6178.glb (286 polys)

[6179] Addington II Radiator 500 x 596 Type10 Gloss White -> radiator
  ✓ model_6179.glb (286 polys)

[6180] Addington II Radiator 1800 x 522 Type10 Matt Anthracite -> radiator
  ✓ model_6180.glb (286 polys)

[6181] Warrington 1500 x 532 Radiator Type20 Matt Black -> radiator
  ✓ model_6181.glb (286 polys)

[6182] Addington II Radiator 500 x 522 Type10 Matt Anthracite -> radiator
  ✓ model_6182.glb (286 polys)

[6183] Addington II Radiator 1800 x 596 Type10 Matt Black -> radiator
  ✓ model_6183.glb (286 polys)

[6184] Addington II Radiator 600 x 300 Type20 Matt Anthracite -> radiator
  ✓ model_6184.glb (286 polys)

[6185] Addington II Radiator 500 x 522 Type10 Gloss White -> radiator
  ✓ model_6185.glb (286 polys)

[6186] Warrington 1500 x 456 Radiator Type20 Matt Black -> radiator
  ✓ model_6186.glb (286 polys)

[6187] Addington II Radiator 1800 x 448 Type10 Matt Anthracite -> radiator
  ✓ model_6187.glb (286 polys)

[6188] Addington II Radiator 1800 x 522 Type10 Matt Black -> radiator
  ✓ model_6188.glb (286 polys)

[6189] Warrington 1500 x 604 Radiator Type10 Brushed Brass -> radiator
  ✓ model_6189.glb (286 polys)

[6190] Warrington 1500 x 452 Radiator Type10 Gloss White -> radiator
  ✓ model_6190.glb (286 polys)

[6191] Addington II Radiator 1800 x 670 Type10 Gloss White -> radiator
  ✓ model_6191.glb (286 polys)

[6192] Wendover Straight Multirail 1800 x 750 Brushed Brass -> towel-rail
  ✓ model_6192.glb (408 polys)

[6193] Warrington 1500 x 376 Radiator Type10 Gloss White -> radiator
  ✓ model_6193.glb (286 polys)

[6194] Addington II Radiator 1800 x 374 Type10 Matt Anthracite -> radiator
  ✓ model_6194.glb (286 polys)

[6195] Addington II Radiator 1800 x 448 Type10 Matt Black -> radiator
  ✓ model_6195.glb (286 polys)

[6196] Addington II Radiator 1800 x 596 Type10 Gloss White -> radiator
  ✓ model_6196.glb (286 polys)

[6197] Warrington 1500 x 380 Radiator Type20 Matt Black -> radiator
  ✓ model_6197.glb (286 polys)

[6198] Warrington 1500 x 528 Radiator Type10 Brushed Brass -> radiator
  ✓ model_6198.glb (286 polys)

[6199] Wendover Straight Multirail 1800 x 300 Brushed Brass -> towel-rail
  ✓ model_6199.glb (408 polys)

[6200] Addington II Radiator 1800 x 522 Type10 Gloss White -> radiator
  ✓ model_6200.glb (286 polys)

[6201] Warrington 1500 x 300 Radiator Type10 Gloss White -> radiator
  ✓ model_6201.glb (286 polys)

[6202] Addington II Radiator 1800 x 300 Type10 Matt Anthracite -> radiator
  ✓ model_6202.glb (286 polys)

[6203] Warrington 1500 x 304 Radiator Type20 Matt Black -> radiator
  ✓ model_6203.glb (286 polys)

[6204] Addington II Radiator 1200 x 522 Type10 Chrome -> radiator
  ✓ model_6204.glb (286 polys)

[6205] Wendover Straight Multirail 1600 x 750 Brushed Brass -> towel-rail
  ✓ model_6205.glb (408 polys)

[6206] Addington II Radiator 1800 x 374 Type10 Matt Black -> radiator
  ✓ model_6206.glb (286 polys)

[6207] Warrington 1500 x 452 Radiator Type10 Brushed Brass -> radiator
  ✓ model_6207.glb (286 polys)

[6208] Warrington 1500 x 684 Radiator Type20 Matt Anthracite -> radiator
  ✓ model_6208.glb (286 polys)

[6209] Addington II Radiator 1400 x 596 Type10 Matt Anthracite -> radiator
  ✓ model_6209.glb (286 polys)

[6210] Addington II Radiator 1800 x 448 Type10 Gloss White -> radiator
  ✓ model_6210.glb (286 polys)

[6211] Velino Stainless Steel Towel Rail 1200 x 600 Brushed -> towel-rail
  ✓ model_6211.glb (408 polys)

[6212] Wendover Straight Multirail 1600 x 300 Brushed Brass -> towel-rail
  ✓ model_6212.glb (408 polys)

[6214] Addington II Radiator 1800 x 300 Type10 Matt Black -> radiator
  ✓ model_6214.glb (286 polys)

[6215] Warrington 1500 x 608 Radiator Type20 Matt Anthracite -> radiator
  ✓ model_6215.glb (286 polys)

[6216] Addington II Radiator 1400 x 522 Type10 Matt Anthracite -> radiator
  ✓ model_6216.glb (286 polys)

[6217] Warrington 1500 x 376 Radiator Type10 Brushed Brass -> radiator
  ✓ model_6217.glb (286 polys)

[6218] Addington II Radiator 1800 x 374 Type10 Gloss White -> radiator
  ✓ model_6218.glb (286 polys)

[6219] Wendover Straight Multirail 1400 x 750 Brushed Brass -> towel-rail
  ✓ model_6219.glb (408 polys)

[6220] Warrington 1500 x 532 Radiator Type20 Matt Anthracite -> radiator
  ✓ model_6220.glb (286 polys)

[6221] Velino Stainless Steel Towel Rail 1200 x 500 Brushed -> towel-rail
  ✓ model_6221.glb (408 polys)

[6222] Addington II Radiator 1000 x 522 Type10 Chrome -> radiator
  ✓ model_6222.glb (286 polys)

[6223] Addington II Radiator 1400 x 596 Type10 Matt Black -> radiator
  ✓ model_6223.glb (286 polys)

[6224] Addington II Radiator 1200 x 596 Type10 Matt Anthracite -> radiator
  ✓ model_6224.glb (286 polys)

[6225] Warrington 1500 x 456 Radiator Type20 Matt Anthracite -> radiator
  ✓ model_6225.glb (286 polys)

[6226] Wendover Straight Multirail 1400 x 300 Brushed Brass -> towel-rail
  ✓ model_6226.glb (408 polys)

[6227] Addington II Radiator 1800 x 300 Type10 Gloss White -> radiator
  ✓ model_6227.glb (286 polys)

[6228] Warrington 1500 x 300 Radiator Type10 Brushed Brass -> radiator
  ✓ model_6228.glb (286 polys)

[6229] Addington II Radiator 1200 x 522 Type10 Matt Anthracite -> radiator
  ✓ model_6229.glb (286 polys)

[6230] Velino Stainless Steel Towel Rail 800 x 600 Brushed -> towel-rail
  ✓ model_6230.glb (408 polys)

[6231] Warrington 1500 x 380 Radiator Type20 Matt Anthracite -> radiator
  ✓ model_6231.glb (286 polys)

[6232] Addington II Radiator 800 x 596 Type10 Chrome -> radiator
  ✓ model_6232.glb (286 polys)

[6233] Addington II Radiator 1400 x 522 Type10 Matt Black -> radiator
  ✓ model_6233.glb (286 polys)

[6234] Wendover Straight Multirail 1200 x 750 Brushed Brass -> towel-rail
  ✓ model_6234.glb (408 polys)

[6235] Warrington 1500 x 304 Radiator Type20 Matt Anthracite -> radiator
  ✓ model_6235.glb (286 polys)

[6236] Addington II Radiator 1400 x 596 Type10 Gloss White -> radiator
  ✓ model_6236.glb (286 polys)

[6237] Addington II Radiator 1200 x 596 Type10 Matt Black -> radiator
  ✓ model_6237.glb (286 polys)

[6238] Warrington 1500 x 604 Radiator Type10 Chrome -> radiator
  ✓ model_6238.glb (286 polys)

[6239] Addington II Radiator 1000 x 596 Type10 Matt Anthracite -> radiator
  ✓ model_6239.glb (286 polys)

[6240] Velino Stainless Steel Towel Rail 800 x 500 Brushed -> towel-rail
  ✓ model_6240.glb (408 polys)

[6241] Addington II Radiator 1000 x 522 Type10 Matt Anthracite -> radiator
  ✓ model_6241.glb (286 polys)

[6243] Warrington 1500 x 684 Radiator Type20 Gloss White -> radiator
  ✓ model_6243.glb (286 polys)

[6244] Wendover Straight Multirail 1200 x 300 Brushed Brass -> towel-rail
  ✓ model_6244.glb (408 polys)

[6245] Warrington 1500 x 528 Radiator Type10 Chrome -> radiator
  ✓ model_6245.glb (286 polys)

[6246] Addington II Radiator 1200 x 522 Type10 Matt Black -> radiator
  ✓ model_6246.glb (286 polys)

[6247] Addington II Radiator 1400 x 522 Type10 Gloss White -> radiator
  ✓ model_6247.glb (286 polys)

[6248] Addington II Radiator 800 x 596 Type10 Matt Anthracite -> radiator
  ✓ model_6248.glb (286 polys)

[6249] Warrington 1500 x 608 Radiator Type20 Gloss White -> radiator
  ✓ model_6249.glb (286 polys)

[6250] Addington II Radiator 600 x 1262 Type10 Chrome -> radiator
  ✓ model_6250.glb (286 polys)

[6251] Addington II Radiator 1000 x 596 Type10 Matt Black -> radiator
  ✓ model_6251.glb (286 polys)

[6252] Wendover Straight Multirail 1000 x 750 Brushed Brass -> towel-rail
  ✓ model_6252.glb (408 polys)

[6253] Warrington 1500 x 452 Radiator Type10 Chrome -> radiator
  ✓ model_6253.glb (286 polys)

[6254] Addington II Radiator 800 x 522 Type10 Matt Anthracite -> radiator
  ✓ model_6254.glb (286 polys)

[6255] Warrington 1500 x 532 Radiator Type20 Gloss White -> radiator
  ✓ model_6255.glb (286 polys)

[6256] Addington II Radiator 1200 x 596 Type10 Gloss White -> radiator
  ✓ model_6256.glb (286 polys)

[6257] Addington II Radiator 1000 x 522 Type10 Matt Black -> radiator
  ✓ model_6257.glb (286 polys)

[6258] Warrington 1500 x 376 Radiator Type10 Chrome -> radiator
  ✓ model_6258.glb (286 polys)

[6259] Wendover Straight Multirail 1000 x 300 Brushed Brass -> towel-rail
  ✓ model_6259.glb (408 polys)

[6260] Addington II Radiator 600 x 1188 Type10 Chrome -> radiator
  ✓ model_6260.glb (286 polys)

[6261] Warrington 1500 x 456 Radiator Type20 Gloss White -> radiator
  ✓ model_6261.glb (286 polys)

[6262] Addington II Radiator 600 x 1262 Type10 Matt Anthracite -> radiator
  ✓ model_6262.glb (286 polys)

[6263] Addington II Radiator 1200 x 522 Type10 Gloss White -> radiator
  ✓ model_6263.glb (286 polys)

[6264] Addington II Radiator 800 x 596 Type10 Matt Black -> radiator
  ✓ model_6264.glb (286 polys)

[6265] Wendover Straight Multirail 800 x 750 Brushed Brass -> towel-rail
  ✓ model_6265.glb (408 polys)

[6266] Warrington 1500 x 300 Radiator Type10 Chrome -> radiator
  ✓ model_6266.glb (286 polys)

[6267] Warrington 1500 x 380 Radiator Type20 Gloss White -> radiator
  ✓ model_6267.glb (286 polys)

[6268] Addington II Radiator 600 x 1040 Type10 Chrome -> radiator
  ✓ model_6268.glb (286 polys)

[6269] Addington II Radiator 1000 x 596 Type10 Gloss White -> radiator
  ✓ model_6269.glb (286 polys)

[6270] Wendover Straight Multirail 800 x 300 Brushed Brass -> towel-rail
  ✓ model_6270.glb (408 polys)

[6271] Addington II Radiator 800 x 522 Type10 Matt Black -> radiator
  ✓ model_6271.glb (286 polys)

[6272] Warrington 1500 x 680 Radiator Type10 Matt Black -> radiator
  ✓ model_6272.glb (286 polys)

[6273] Addington II Radiator 1000 x 522 Type10 Gloss White -> radiator
  ✓ model_6273.glb (286 polys)

[6274] Warrington 1500 x 304 Radiator Type20 Gloss White -> radiator
  ✓ model_6274.glb (286 polys)

[6275] Wendover Straight Multirail 600 x 1200 Brushed Brass -> towel-rail
  ✓ model_6275.glb (408 polys)

[6276] Addington II Radiator 600 x 1262 Type10 Matt Black -> radiator
  ✓ model_6276.glb (286 polys)

[6277] Addington II Radiator 800 x 596 Type10 Gloss White -> radiator
  ✓ model_6277.glb (286 polys)

[6278] Warrington 1800 x 604 Radiator Type10 Chrome -> radiator
  ✓ model_6278.glb (286 polys)

[6279] Warrington 1800 x 528 Radiator Type10 Chrome -> radiator
  ✓ model_6279.glb (286 polys)

[6280] Addington II Radiator 600 x 1188 Type10 Matt Black -> radiator
  ✓ model_6280.glb (286 polys)

[6281] Addington II Radiator 800 x 522 Type10 Gloss White -> radiator
  ✓ model_6281.glb (286 polys)

[6282] Warrington 1800 x 452 Radiator Type10 Chrome -> radiator
  ✓ model_6282.glb (286 polys)

[6283] Addington II Towel Rail 790 x 600 Type10 Gloss White -> towel-rail
  ✓ model_6283.glb (408 polys)

[6284] Addington II Towel Rail 790 x 500 Type10 Gloss White -> towel-rail
  ✓ model_6284.glb (408 polys)

[6285] Addington II Towel Rail 790 x 400 Type10 Gloss White -> towel-rail
  ✓ model_6285.glb (408 polys)

[6286] Addington II Radiator 1800 x 670 Type20 Matt Black -> radiator
  ✓ model_6286.glb (286 polys)

[6287] Addington II Radiator 1800 x 596 Type20 Matt Black -> radiator
  ✓ model_6287.glb (286 polys)

[6288] Addington II Radiator 1800 x 522 Type20 Matt Black -> radiator
  ✓ model_6288.glb (286 polys)

[6289] Addington II Radiator 1800 x 448 Type20 Matt Black -> radiator
  ✓ model_6289.glb (286 polys)

[6290] Addington II Radiator 1800 x 374 Type20 Matt Black -> radiator
  ✓ model_6290.glb (286 polys)

[6291] Addington II Radiator 1800 x 300 Type20 Matt Black -> radiator
  ✓ model_6291.glb (286 polys)

[6292] Addington II Towel Rail 1750 x 600 Type10 Matt Anthracite -> towel-rail
  ✓ model_6292.glb (408 polys)

[6293] Addington II Radiator 600 x 1262 Type20 Matt Black -> radiator
  ✓ model_6293.glb (286 polys)

[6294] Addington II Radiator 600 x 1188 Type20 Matt Black -> radiator
  ✓ model_6294.glb (286 polys)

[6295] Addington II Towel Rail 1750 x 500 Type10 Matt Anthracite -> towel-rail
  ✓ model_6295.glb (408 polys)

[6296] Addington II Radiator 600 x 1040 Type20 Matt Black -> radiator
  ✓ model_6296.glb (286 polys)

[6297] Addington II Towel Rail 1750 x 400 Type10 Matt Anthracite -> towel-rail
  ✓ model_6297.glb (408 polys)

[6298] Addington II Radiator 600 x 818 Type20 Matt Black -> radiator
  ✓ model_6298.glb (286 polys)

[6299] Addington II Towel Rail 1110 x 600 Type10 Matt Anthracite -> towel-rail
  ✓ model_6299.glb (408 polys)

[6300] Addington II Radiator 600 x 670 Type20 Matt Black -> radiator
  ✓ model_6300.glb (286 polys)

[6301] Addington II Towel Rail 1110 x 500 Type10 Matt Anthracite -> towel-rail
  ✓ model_6301.glb (408 polys)

[6302] Addington II Radiator 600 x 596 Type20 Matt Black -> radiator
  ✓ model_6302.glb (286 polys)

[6303] Addington II Towel Rail 1110 x 400 Type10 Matt Anthracite -> towel-rail
  ✓ model_6303.glb (408 polys)

[6304] Addington II Radiator 600 x 522 Type20 Matt Black -> radiator
  ✓ model_6304.glb (286 polys)

[6305] Addington II Towel Rail 790 x 600 Type10 Matt Anthracite -> towel-rail
  ✓ model_6305.glb (408 polys)

[6306] Addington II Radiator 600 x 448 Type20 Matt Black -> radiator
  ✓ model_6306.glb (286 polys)

[6307] Addington II Towel Rail 790 x 500 Type10 Matt Anthracite -> towel-rail
  ✓ model_6307.glb (408 polys)

[6308] Addington II Towel Rail 790 x 400 Type10 Matt Anthracite -> towel-rail
  ✓ model_6308.glb (408 polys)

[6309] Addington II Radiator 600 x 374 Type20 Matt Black -> radiator
  ✓ model_6309.glb (286 polys)

[6310] Addington II Towel Rail 1750 x 600 Type10 Gloss White -> towel-rail
  ✓ model_6310.glb (408 polys)

[6311] Addington II Towel Rail 1750 x 500 Type10 Gloss White -> towel-rail
  ✓ model_6311.glb (408 polys)

[6312] Addington II Radiator 600 x 300 Type20 Matt Black -> radiator
  ✓ model_6312.glb (286 polys)

[6313] Addington II Radiator 1800 x 670 Type20 Matt Anthracite -> radiator
  ✓ model_6313.glb (286 polys)

[6314] Addington II Radiator 1800 x 596 Type20 Matt Anthracite -> radiator
  ✓ model_6314.glb (286 polys)

[6315] Addington II Radiator 1800 x 522 Type20 Matt Anthracite -> radiator
  ✓ model_6315.glb (286 polys)

[6316] Addington II Radiator 600 x 1040 Type20 Gloss White -> radiator
  ✓ model_6316.glb (286 polys)

[6317] Addington II Radiator 1800 x 448 Type20 Matt Anthracite -> radiator
  ✓ model_6317.glb (286 polys)

[6318] Addington II Radiator 600 x 818 Type20 Gloss White -> radiator
  ✓ model_6318.glb (286 polys)

[6319] Addington II Radiator 600 x 670 Type20 Gloss White -> radiator
  ✓ model_6319.glb (286 polys)

[6320] Addington II Radiator 1800 x 374 Type20 Matt Anthracite -> radiator
  ✓ model_6320.glb (286 polys)

[6321] Addington II Radiator 600 x 596 Type20 Gloss White -> radiator
  ✓ model_6321.glb (286 polys)

[6322] Addington II Radiator 1800 x 300 Type20 Matt Anthracite -> radiator
  ✓ model_6322.glb (286 polys)

[6323] Addington II Radiator 600 x 522 Type20 Gloss White -> radiator
  ✓ model_6323.glb (286 polys)

[6324] Addington II Radiator 600 x 1262 Type20 Matt Anthracite -> radiator
  ✓ model_6324.glb (286 polys)

[6325] Addington II Radiator 600 x 448 Type20 Gloss White -> radiator
  ✓ model_6325.glb (286 polys)

[6326] Addington II Radiator 600 x 374 Type20 Gloss White -> radiator
  ✓ model_6326.glb (286 polys)

[6327] Addington II Radiator 600 x 1188 Type20 Matt Anthracite -> radiator
  ✓ model_6327.glb (286 polys)

[6328] Addington II Radiator 600 x 300 Type20 Gloss White -> radiator
  ✓ model_6328.glb (286 polys)

[6329] Addington II Radiator 600 x 1040 Type20 Matt Anthracite -> radiator
  ✓ model_6329.glb (286 polys)

[6330] Addington II Radiator 1800 x 670 Type10 Chrome -> radiator
  ✓ model_6330.glb (286 polys)

[6331] Addington II Radiator 600 x 818 Type20 Matt Anthracite -> radiator
  ✓ model_6331.glb (286 polys)

[6332] Addington II Radiator 1800 x 596 Type10 Chrome -> radiator
  ✓ model_6332.glb (286 polys)

[6333] Addington II Radiator 600 x 670 Type20 Matt Anthracite -> radiator
  ✓ model_6333.glb (286 polys)

[6334] Addington II Radiator 1800 x 522 Type10 Chrome -> radiator
  ✓ model_6334.glb (286 polys)

[6335] Addington II Radiator 600 x 596 Type20 Matt Anthracite -> radiator
  ✓ model_6335.glb (286 polys)

[6336] Addington II Radiator 1800 x 448 Type10 Chrome -> radiator
  ✓ model_6336.glb (286 polys)

[6337] Addington II Radiator 600 x 522 Type20 Matt Anthracite -> radiator
  ✓ model_6337.glb (286 polys)

[6338] Addington II Radiator 1800 x 374 Type10 Chrome -> radiator
  ✓ model_6338.glb (286 polys)

[6339] Addington II Radiator 600 x 448 Type20 Matt Anthracite -> radiator
  ✓ model_6339.glb (286 polys)

[6340] Addington II Radiator 1800 x 300 Type10 Chrome -> radiator
  ✓ model_6340.glb (286 polys)

[6343] Addington II Radiator 1800 x 670 Type20 Gloss White -> radiator
  ✓ model_6343.glb (286 polys)

[6344] Addington II Radiator 1200 x 596 Type10 Chrome -> radiator
  ✓ model_6344.glb (286 polys)

[6345] Addington II Radiator 1800 x 596 Type20 Gloss White -> radiator
  ✓ model_6345.glb (286 polys)

[6346] Addington II Radiator 1800 x 522 Type20 Gloss White -> radiator
  ✓ model_6346.glb (286 polys)

[6347] Addington II Radiator 1800 x 448 Type20 Gloss White -> radiator
  ✓ model_6347.glb (286 polys)

[6348] Addington II Radiator 1800 x 374 Type20 Gloss White -> radiator
  ✓ model_6348.glb (286 polys)

[6349] Addington II Radiator 1800 x 300 Type20 Gloss White -> radiator
  ✓ model_6349.glb (286 polys)

[6350] Addington II Radiator 600 x 1262 Type20 Gloss White -> radiator
  ✓ model_6350.glb (286 polys)

[6351] Addington II Radiator 600 x 1188 Type20 Gloss White -> radiator
  ✓ model_6351.glb (286 polys)

[6352] Addington II Towel Rail 1750 x 400 Type10 Gloss White -> towel-rail
  ✓ model_6352.glb (408 polys)

[6353] Addington II Towel Rail 1110 x 600 Type10 Gloss White -> towel-rail
  ✓ model_6353.glb (408 polys)

[6354] Addington II Towel Rail 1110 x 500 Type10 Gloss White -> towel-rail
  ✓ model_6354.glb (408 polys)

[6355] Addington II Towel Rail 1110 x 400 Type10 Gloss White -> towel-rail
  ✓ model_6355.glb (408 polys)

[6356] Malmesbury 1800 x 280 Aluminium Radiator Silver Effect -> radiator
  ✓ model_6356.glb (286 polys)

[6357] Malmesbury 1800 x 565 Aluminium Radiator Brass Effect -> radiator
  ✓ model_6357.glb (286 polys)

[6358] Malmesbury 1800 x 470 Aluminium Radiator Brass Effect -> radiator
  ✓ model_6358.glb (286 polys)

[6359] Malmesbury 1800 x 375 Aluminium Radiator Brass Effect -> radiator
  ✓ model_6359.glb (286 polys)

[6360] Addington II Towel Rail 790 x 600 Type10 Matt Black -> towel-rail
  ✓ model_6360.glb (408 polys)

[6361] Addington II Towel Rail 1110 x 500 Type20 Matt Black -> towel-rail
  ✓ model_6361.glb (408 polys)

[6362] Addington II Towel Rail 790 x 500 Type10 Matt Black -> towel-rail
  ✓ model_6362.glb (408 polys)

[6363] Addington II Towel Rail 1750 x 500 Type20 Matt Anthracite -> towel-rail
  ✓ model_6363.glb (408 polys)

[6364] Addington II Towel Rail 790 x 400 Type10 Matt Black -> towel-rail
  ✓ model_6364.glb (408 polys)

[6365] Addington II Towel Rail 1110 x 500 Type20 Matt Anthracite -> towel-rail
  ✓ model_6365.glb (408 polys)

[6366] Addington II Towel Rail 1750 x 500 Type20 Gloss White -> towel-rail
  ✓ model_6366.glb (408 polys)

[6367] Addington II Towel Rail 1110 x 500 Type20 Gloss White -> towel-rail
  ✓ model_6367.glb (408 polys)

[6368] Addington II Towel Rail 1750 x 600 Type10 Chrome -> towel-rail
  ✓ model_6368.glb (408 polys)

[6369] Addington II Towel Rail 1750 x 500 Type10 Chrome -> towel-rail
  ✓ model_6369.glb (408 polys)

[6370] Addington II Towel Rail 1750 x 400 Type10 Chrome -> towel-rail
  ✓ model_6370.glb (408 polys)

[6371] Addington II Towel Rail 1110 x 600 Type10 Chrome -> towel-rail
  ✓ model_6371.glb (408 polys)

[6372] Imperia 4 Column Radiator 300 x 1010mm Gloss White -> radiator
  ✓ model_6372.glb (286 polys)

[6373] Imperia 4 Column Radiator 300 x 830mm Gloss White -> radiator
  ✓ model_6373.glb (286 polys)

[6374] Malmesbury 1800 x 565 Aluminium Radiator Black Effect -> radiator
  ✓ model_6374.glb (286 polys)

[6375] Addington II Towel Rail 1110 x 500 Type10 Chrome -> towel-rail
  ✓ model_6375.glb (408 polys)

[6376] Malmesbury 1800 x 470 Aluminium Radiator Black Effect -> radiator
  ✓ model_6376.glb (286 polys)

[6377] Addington II Towel Rail 1110 x 400 Type10 Chrome -> towel-rail
  ✓ model_6377.glb (408 polys)

[6378] Malmesbury 1800 x 375 Aluminium Radiator Black Effect -> radiator
  ✓ model_6378.glb (286 polys)

[6379] Addington II Towel Rail 790 x 600 Type10 Chrome -> towel-rail
  ✓ model_6379.glb (408 polys)

[6380] Malmesbury 1800 x 280 Aluminium Radiator Black Effect -> radiator
  ✓ model_6380.glb (286 polys)

[6381] Malmesbury 1800 x 565 Aluminium Radiator Silver Effect -> radiator
  ✓ model_6381.glb (286 polys)

[6382] Addington II Towel Rail 790 x 500 Type10 Chrome -> towel-rail
  ✓ model_6382.glb (408 polys)

[6383] Malmesbury 1800 x 470 Aluminium Radiator Silver Effect -> radiator
  ✓ model_6383.glb (286 polys)

[6384] Malmesbury 1800 x 375 Aluminium Radiator Silver Effect -> radiator
  ✓ model_6384.glb (286 polys)

[6386] Addington II Towel Rail 1750 x 600 Type10 Matt Black -> towel-rail
  ✓ model_6386.glb (408 polys)

[6387] Addington II Towel Rail 1750 x 500 Type10 Matt Black -> towel-rail
  ✓ model_6387.glb (408 polys)

[6388] Addington II Towel Rail 1750 x 400 Type10 Matt Black -> towel-rail
  ✓ model_6388.glb (408 polys)

[6389] Addington II Towel Rail 1110 x 600 Type10 Matt Black -> towel-rail
  ✓ model_6389.glb (408 polys)

[6390] Addington II Towel Rail 1110 x 500 Type10 Matt Black -> towel-rail
  ✓ model_6390.glb (408 polys)

[6391] Malmesbury 1800 x 280 Aluminium Radiator Brass Effect -> radiator
  ✓ model_6391.glb (286 polys)

[6392] Addington II Towel Rail 1110 x 400 Type10 Matt Black -> towel-rail
  ✓ model_6392.glb (408 polys)

[6393] Addington II Towel Rail 1750 x 500 Type20 Matt Black -> towel-rail
  ✓ model_6393.glb (408 polys)

[6394] Biava Multirail HV Straight 1118 x 450mm Gloss White -> towel-rail
  ✓ model_6394.glb (408 polys)

[6395] Biava Multirail HV Straight 1118 x 450mm Matt White -> towel-rail
  ✓ model_6395.glb (408 polys)

[6396] Biava Multirail HV Straight 688 x 750mm Matt White -> towel-rail
  ✓ model_6396.glb (408 polys)

[6397] Biava Multirail HV Straight 688 x 450mm Matt Black -> towel-rail
  ✓ model_6397.glb (408 polys)

[6398] Biava Multirail HV Straight 688 x 450mm Gloss White -> towel-rail
  ✓ model_6398.glb (408 polys)

[6399] Biava Multirail HV Straight 1720 x 450mm Chrome -> towel-rail
  ✓ model_6399.glb (408 polys)

[6400] Biava Multirail HV Straight 1118 x 450mm Chrome -> towel-rail
  ✓ model_6400.glb (408 polys)

[6401] Biava Multirail HV Straight 688 x 450mm Chrome -> towel-rail
  ✓ model_6401.glb (408 polys)

[6402] Eshton 1200 x 500mm. Towel Rail Matt White -> towel-rail
  ✓ model_6402.glb (408 polys)

[6403] Kenilworth 1200 x 500mm. Towel Rail Chrome -> towel-rail
  ✓ model_6403.glb (408 polys)

[6404] Kenilworth 1200 x 500mm. Towel Rail Matt White -> towel-rail
  ✓ model_6404.glb (408 polys)

[6405] Biava Multirail HV Straight 360 x 400mm Matt Black -> towel-rail
  ✓ model_6405.glb (408 polys)

[6406] Biava Multirail HV Straight 688 x 750mm Chrome -> towel-rail
  ✓ model_6406.glb (408 polys)

[6407] Biava Multirail HV Straight 1720 x 600mm Matt White -> towel-rail
  ✓ model_6407.glb (408 polys)

[6408] Haddenham Designer Towel Rail 1200x500mm Matt Anthracite -> towel-rail
  ✓ model_6408.glb (408 polys)

[6409] Launton Designer Towel Rail 1200x500mm Matt Anthracite -> towel-rail
  ✓ model_6409.glb (408 polys)

[6410] Kenilworth 1600 x 500mm. Towel Rail Chrome -> towel-rail
  ✓ model_6410.glb (408 polys)

[6411] Kenilworth 1600 x 500mm. Towel Rail Matt White -> towel-rail
  ✓ model_6411.glb (408 polys)

[6412] Ryton 1600 x 600mm. Towel Rail Chrome -> towel-rail
  ✓ model_6412.glb (408 polys)

[6413] Chesham 1524 x 813mm Freestanding Bath - Matt Copper -> bath
  ✓ model_6413.glb (122 polys)

[6415] Malin 1700 x 800 x 440mm Double Ended (DE) 5mm Bath - White -> bath
  ✓ model_6415.glb (122 polys)

[6416] Volente 1850 x 760mm Bi-Fold Shower Door - Matt Black -> shower-enclosure
  ✓ model_6416.glb (178 polys)

[6417] Volente 1850 x 700mm Bi-Fold Shower Door - Matt Black -> shower-enclosure
  ✓ model_6417.glb (178 polys)

[6418] Volente 1850 x 2000mm Sliding Shower Door (6mm Thick) - Matt Black -> shower-enclosure
  ✓ model_6418.glb (178 polys)

[6419] Volente 1850 x 1800mm Sliding Shower Door (6mm Thick) - Matt Black -> shower-enclosure
  ✓ model_6419.glb (178 polys)

[6420] Volente 1850 x 1400mm Sliding Shower Door (6mm Thick) - Matt Black -> shower-enclosure
  ✓ model_6420.glb (178 polys)

[6421] Volente 1850 x 1200mm Sliding Shower Door (6mm Thick) - Matt Black -> shower-enclosure
  ✓ model_6421.glb (178 polys)

[6422] Volente 1850 x 1100mm Sliding Shower Door (6mm Thick) - Matt Black -> shower-enclosure
  ✓ model_6422.glb (178 polys)

[6423] Volente 1850 x 1000mm Sliding Shower Door (6mm Thick) - Matt Black -> shower-enclosure
  ✓ model_6423.glb (178 polys)

[6424] Volente 1850 x 1700mm Sliding Shower Door (6mm Thick) - Matt Black -> shower-enclosure
  ✓ model_6424.glb (178 polys)

[6425] Volente 1850 x 1600mm Sliding Shower Door (6mm Thick) - Matt Black -> shower-enclosure
  ✓ model_6425.glb (178 polys)

[6426] Volente 1850 x 1500mm Sliding Shower Door (6mm Thick) - Matt Black -> shower-enclosure
  ✓ model_6426.glb (178 polys)

[6427] Volente 1850 x 1300mm Sliding Shower Door (6mm Thick) - Matt Black -> shower-enclosure
  ✓ model_6427.glb (178 polys)

[6428] Volente 1200 x 900mm Single Door Offset Quadrant Shower Enclosure - Matt Black -> shower-enclosure
  ✓ model_6428.glb (178 polys)

[6429] Volente 1200 x 800mm Single Door Offset Quadrant Shower Enclosure - Matt Black -> shower-enclosure
  ✓ model_6429.glb (178 polys)

[6430] Volente 1200 x 760mm Single Door Offset Quadrant Shower Enclosure - Matt Black -> shower-enclosure
  ✓ model_6430.glb (178 polys)

[6431] Volente 1000 x 900mm Single Door Offset Quadrant Shower Enclosure - Matt Black -> shower-enclosure
  ✓ model_6431.glb (178 polys)

[6432] Volente 1000 x 800mm Single Door Offset Quadrant Shower Enclosure - Matt Black -> shower-enclosure
  ✓ model_6432.glb (178 polys)

[6433] Volente 1850 x 1000mm Bi-Fold Shower Door - Matt Black -> shower-enclosure
  ✓ model_6433.glb (178 polys)

[6434] Volente 1000 x 760mm Single Door Offset Quadrant Shower Enclosure - Matt Black -> shower-enclosure
  ✓ model_6434.glb (178 polys)

[6435] Volente 1850 x 900mm Bi-Fold Shower Door - Matt Black -> shower-enclosure
  ✓ model_6435.glb (178 polys)

[6436] Volente 900 x 800mm Single Door Offset Quadrant Shower Enclosure - Matt Black -> shower-enclosure
  ✓ model_6436.glb (178 polys)

[6437] Volente 1850 x 800mm Bi-Fold Shower Door - Matt Black -> shower-enclosure
  ✓ model_6437.glb (178 polys)

[6438] Volente 900 x 760mm Single Door Offset Quadrant Shower Enclosure - Matt Black -> shower-enclosure
  ✓ model_6438.glb (178 polys)

[6439] Malin 1800 x 800 x 440mm Single Ended (SE) 5mm Bath - White -> bath
  ✓ model_6439.glb (122 polys)

[6440] Malin 1700 x 800 x 440mm Single Ended (SE) 5mm Bath - White -> bath
  ✓ model_6440.glb (122 polys)

[6441] Portland 1800 x 700 x 440mm Single Ended (SE) Twin Grip (TG) Beauforte Bath - White -> bath
  ✓ model_6441.glb (122 polys)

[6442] Portland 1900 x 900 x 440mm Single Ended (SE) Beauforte Bath - White -> bath
  ✓ model_6442.glb (122 polys)

[6443] Malin Double Ended (DE) 1800 x 800 x 440mm Beauforte Bath - White -> bath
  ✓ model_6443.glb (122 polys)

[6444] Malin Double Ended (DE) 1700 x 800 x 440mm Beauforte Bath - White -> bath
  ✓ model_6444.glb (122 polys)

[6445] Malin 1800 x 800 x 440mm Single Ended (SE) Beauforte Bath - White -> bath
  ✓ model_6445.glb (122 polys)

[6446] Malin 1700 x 800 x 440mm Single Ended (SE) Beauforte Bath - White -> bath
  ✓ model_6446.glb (122 polys)

[6447] Portland 1800 x 700 x 440mm Single Ended (SE) Twin Grip (TG) 5mm Bath - White -> bath
  ✓ model_6447.glb (122 polys)

[6448] Portland 1900 x 900 x 440mm Single Ended (SE) 5mm - White -> bath
  ✓ model_6448.glb (122 polys)

[6449] Malin Double Ended (DE) 1800 x 800 x 440mm 5mm Bath - White -> bath
  ✓ model_6449.glb (122 polys)

[6450] Volente 6mm Thick Easy Clean 1850 x 1200mm Walk-In Shower Panel - Brushed Brass -> shower-enclosure
  ✓ model_6450.glb (178 polys)

[6451] Volente 1200 x 760mm Single Door Offset Quadrant Shower Enclosure - Brushed Brass -> shower-enclosure
  ✓ model_6451.glb (178 polys)

[6452] Volente 6mm Thick Easy Clean 1850 x 1000mm Walk-In Shower Panel - Brushed Brass -> shower-enclosure
  ✓ model_6452.glb (178 polys)

[6453] Volente 1000 x 900mm Single Door Offset Quadrant Shower Enclosure - Brushed Brass -> shower-enclosure
  ✓ model_6453.glb (178 polys)

[6454] Volente 1000 x 800mm Single Door Offset Quadrant Shower Enclosure - Brushed Brass -> shower-enclosure
  ✓ model_6454.glb (178 polys)

[6455] Volente 6mm Thick Easy Clean 1850 x 900mm Walk-In Shower Panel - Brushed Brass -> shower-enclosure
  ✓ model_6455.glb (178 polys)

[6456] Volente 1000 x 760mm Single Door Offset Quadrant Shower Enclosure - Brushed Brass -> shower-enclosure
  ✓ model_6456.glb (178 polys)

[6457] Volente 1850 x 1000mm Bi-Fold Shower Door - Brushed Brass -> shower-enclosure
  ✓ model_6457.glb (178 polys)

[6458] Volente 900 x 800mm Single Door Offset Quadrant Shower Enclosure - Brushed Brass -> shower-enclosure
  ✓ model_6458.glb (178 polys)

[6459] Volente 1850 x 900mm Bi-Fold Shower Door - Brushed Brass -> shower-enclosure
  ✓ model_6459.glb (178 polys)

[6460] Volente 900 x 760mm Single Door Offset Quadrant Shower Enclosure - Brushed Brass -> shower-enclosure
  ✓ model_6460.glb (178 polys)

[6461] Volente 6mm Thick Easy Clean 1850 x 300mm Walk-In Shower Panel - Brushed Brass -> shower-enclosure
  ✓ model_6461.glb (178 polys)

[6462] Volente 1850 x 800mm Bi-Fold Shower Door - Brushed Brass -> shower-enclosure
  ✓ model_6462.glb (178 polys)

[6463] Volente 1850 x 760mm Bi-Fold Shower Door - Brushed Brass -> shower-enclosure
  ✓ model_6463.glb (178 polys)

[6464] Volente 1850 x 700mm Bi-Fold Shower Door - Brushed Brass -> shower-enclosure
  ✓ model_6464.glb (178 polys)

[6465] Volente 1850 x 2000mm Sliding Shower Door (6mm Thick) - Brushed Brass -> shower-enclosure
  ✓ model_6465.glb (178 polys)

[6466] Volente 6mm Thick Easy Clean 1850 x 500mm Walk-In Shower Panel - Matt Black -> shower-enclosure
  ✓ model_6466.glb (178 polys)

[6467] Volente 1850 x 1800mm Sliding Shower Door (6mm Thick) - Brushed Brass -> shower-enclosure
  ✓ model_6467.glb (178 polys)

[6468] Volente 6mm Thick Easy Clean 1850 x 800mm Walk-In Shower Panel - Matt Black -> shower-enclosure
  ✓ model_6468.glb (178 polys)

[6469] Volente 1850 x 1400mm Sliding Shower Door (6mm Thick) - Brushed Brass -> shower-enclosure
  ✓ model_6469.glb (178 polys)

[6470] Volente 6mm Thick Easy Clean 1850 x 760mm Walk-In Shower Panel - Matt Black -> shower-enclosure
  ✓ model_6470.glb (178 polys)

[6471] Volente 1850 x 1200mm Sliding Shower Door (6mm Thick) - Brushed Brass -> shower-enclosure
  ✓ model_6471.glb (178 polys)

[6472] Volente 6mm Thick Easy Clean 1850 x 700mm Walk-In Shower Panel - Matt Black -> shower-enclosure
  ✓ model_6472.glb (178 polys)

[6473] Volente 6mm Thick Easy Clean 1850 x 1200mm Walk-In Shower Panel - Matt Black -> shower-enclosure
  ✓ model_6473.glb (178 polys)

[6474] Volente 1850 x 1100mm Sliding Shower Door (6mm Thick) - Brushed Brass -> shower-enclosure
  ✓ model_6474.glb (178 polys)

[6475] Volente 6mm Thick Easy Clean 1850 x 1000mm Walk-In Shower Panel - Matt Black -> shower-enclosure
  ✓ model_6475.glb (178 polys)

[6476] Volente 1850 x 1000mm Sliding Shower Door (6mm Thick) - Brushed Brass -> shower-enclosure
  ✓ model_6476.glb (178 polys)

[6477] Volente 6mm Thick Easy Clean 1850 x 900mm Walk-In Shower Panel - Matt Black -> shower-enclosure
  ✓ model_6477.glb (178 polys)

[6478] Volente 1850 x 1700mm Sliding Shower Door (6mm Thick) - Brushed Brass -> shower-enclosure
  ✓ model_6478.glb (178 polys)

[6479] Volente 1850 x 1600mm Sliding Shower Door (6mm Thick) - Brushed Brass -> shower-enclosure
  ✓ model_6479.glb (178 polys)

[6480] Volente 1850 x 1500mm Sliding Shower Door (6mm Thick) - Brushed Brass -> shower-enclosure
  ✓ model_6480.glb (178 polys)

[6481] Volente 1850 x 1300mm Sliding Shower Door (6mm Thick) - Brushed Brass -> shower-enclosure
  ✓ model_6481.glb (178 polys)

[6482] Volente 1200 x 900mm Single Door Offset Quadrant Shower Enclosure - Brushed Brass -> shower-enclosure
  ✓ model_6482.glb (178 polys)

[6483] Volente 1200 x 800mm Single Door Offset Quadrant Shower Enclosure - Brushed Brass -> shower-enclosure
  ✓ model_6483.glb (178 polys)

[6484] Volente 6mm Thick Easy Clean 1850 x 500mm Walk-In Shower Panel - Brushed Brass -> shower-enclosure
  ✓ model_6484.glb (178 polys)

[6485] Volente 6mm Thick Easy Clean 1850 x 800mm Walk-In Shower Panel - Brushed Brass -> shower-enclosure
  ✓ model_6485.glb (178 polys)

[6486] Volente 6mm Thick Easy Clean 1850 x 760mm Walk-In Shower Panel - Brushed Brass -> shower-enclosure
  ✓ model_6486.glb (178 polys)

[6501] Addington Double Flat Style Towel Hanger 440mm Matt Anthracite -> shelf
  ✓ model_6501.glb (18 polys)

[6487] Volente 6mm Thick Easy Clean 1850 x 700mm Walk-In Shower Panel - Brushed Brass -> shower-enclosure
  ✓ model_6487.glb (178 polys)

[6488] Addington Double Flat Style Towel Hanger 440mm Matt Black -> shelf
  ✓ model_6488.glb (18 polys)

[6489] Addington Flat Style Towel Hanger 292mm Chrome -> shelf
  ✓ model_6489.glb (18 polys)

[6490] Vantage 2000 6mm Thick Easy Clean 2000 x 300mm Walk-In Shower Panel - Brushed Bronze -> shower-enclosure
  ✓ model_6490.glb (178 polys)

[6491] Addington Flat Style Towel Hanger 662mm Matt Black -> shelf
  ✓ model_6491.glb (18 polys)

[6492] Addington Double Flat Style Towel Hanger 366mm Matt Black -> shelf
  ✓ model_6492.glb (18 polys)

[6493] Addington Double Flat Style Towel Hanger 292mm Matt Black -> shelf
  ✓ model_6493.glb (18 polys)

[6494] Addington Flat Style Towel Hanger 588mm Matt Black -> shelf
  ✓ model_6494.glb (18 polys)

[6495] Addington Flat Style Towel Hanger 514mm Matt Black -> shelf
  ✓ model_6495.glb (18 polys)

[6496] Addington Double Flat Style Towel Hanger 662mm Matt Anthracite -> shelf
  ✓ model_6496.glb (18 polys)

[6497] Addington Double Flat Style Towel Hanger 588mm Matt Anthracite -> shelf
  ✓ model_6497.glb (18 polys)

[6498] Addington Flat Style Towel Hanger 440mm Matt Black -> shelf
  ✓ model_6498.glb (18 polys)

[6499] Addington Double Flat Style Towel Hanger 514mm Matt Anthracite -> shelf
  ✓ model_6499.glb (18 polys)

[6502] Addington Double Flat Style Towel Hanger 366mm Matt Anthracite -> shelf
  ✓ model_6502.glb (18 polys)

[6503] Addington Flat Style Towel Hanger 292mm Matt Black -> shelf
  ✓ model_6503.glb (18 polys)

[6504] Addington Double Flat Style Towel Hanger 292mm Matt Anthracite -> shelf
  ✓ model_6504.glb (18 polys)

[6505] Addington Flat Style Towel Hanger 662mm Matt Anthracite -> shelf
  ✓ model_6505.glb (18 polys)

[6506] Addington Double Flat Style Towel Hanger 662mm Gloss White -> shelf
  ✓ model_6506.glb (18 polys)

[6507] Addington Flat Style Towel Hanger 588mm Matt Anthracite -> shelf
  ✓ model_6507.glb (18 polys)

[6508] Addington Double Flat Style Towel Hanger 588mm Gloss White -> shelf
  ✓ model_6508.glb (18 polys)

[6509] Addington Flat Style Towel Hanger 514mm Matt Anthracite -> shelf
  ✓ model_6509.glb (18 polys)

[6510] Vantage 2000 Soft Close 2000 x 1700mm Sliding Shower Door (8mm Thick) - Brushed Bronze -> shower-enclosure
  ✓ model_6510.glb (178 polys)

[6511] Addington Double Flat Style Towel Hanger 514mm Gloss White -> shelf
  ✓ model_6511.glb (18 polys)

[6512] Addington Flat Style Towel Hanger 440mm Matt Anthracite -> shelf
  ✓ model_6512.glb (18 polys)

[6513] Addington Double Flat Style Towel Hanger 440mm Gloss White -> shelf
  ✓ model_6513.glb (18 polys)

[6514] Addington Flat Style Towel Hanger 366mm Matt Anthracite -> shelf
  ✓ model_6514.glb (18 polys)

[6515] Addington Double Flat Style Towel Hanger 366mm Gloss White -> shelf
  ✓ model_6515.glb (18 polys)

[6516] Addington Flat Style Towel Hanger 292mm Matt Anthracite -> shelf
  ✓ model_6516.glb (18 polys)

[6517] Vantage 2000 Soft Close 2000 x 1650mm Sliding Shower Door (8mm Thick) - Brushed Bronze -> shower-enclosure
  ✓ model_6517.glb (178 polys)

[6518] Addington Double Flat Style Towel Hanger 292mm Gloss White -> shelf
  ✓ model_6518.glb (18 polys)

[6519] Addington Flat Style Towel Hanger 662mm Gloss White -> shelf
  ✓ model_6519.glb (18 polys)

[6520] Universal Flat Style Towel Hanger 850mm Chrome -> shelf
  ✓ model_6520.glb (18 polys)

[6521] Vantage 2000 Soft Close 2000 x 1600mm Sliding Shower Door (8mm Thick) - Brushed Bronze -> shower-enclosure
  ✓ model_6521.glb (178 polys)

[6522] Addington Flat Style Towel Hanger 588mm Gloss White -> shelf
  ✓ model_6522.glb (18 polys)

[6523] Universal Flat Style Towel Hanger 660mm Chrome -> shelf
  ✓ model_6523.glb (18 polys)

[6524] Addington Flat Style Towel Hanger 514mm Gloss White -> shelf
  ✓ model_6524.glb (18 polys)

[6525] Universal Flat Style Towel Hanger 470mm Chrome -> shelf
  ✓ model_6525.glb (18 polys)

[6526] Vantage 2000 Soft Close 2000 x 1500mm Sliding Shower Door (8mm Thick) - Brushed Bronze -> shower-enclosure
  ✓ model_6526.glb (178 polys)

[6527] Addington Flat Style Towel Hanger 440mm Gloss White -> shelf
  ✓ model_6527.glb (18 polys)

[6528] Universal Flat Style Towel Hanger 375mm Chrome -> shelf
  ✓ model_6528.glb (18 polys)

[6529] Addington Flat Style Towel Hanger 366mm Gloss White -> shelf
  ✓ model_6529.glb (18 polys)

[6530] Vantage 2000 Soft Close 2000 x 1400mm Sliding Shower Door (8mm Thick) - Brushed Bronze -> shower-enclosure
  ✓ model_6530.glb (178 polys)

[6531] Universal Flat Style Towel Hanger 280mm Chrome -> shelf
  ✓ model_6531.glb (18 polys)

[6532] Addington Flat Style Towel Hanger 292mm Gloss White -> shelf
  ✓ model_6532.glb (18 polys)

[6533] Addington Flat Style Towel Hanger 662mm Chrome -> shelf
  ✓ model_6533.glb (18 polys)

[6534] Vantage 2000 Soft Close 2000 x 1300mm Sliding Shower Door (8mm Thick) - Brushed Bronze -> shower-enclosure
  ✓ model_6534.glb (178 polys)

[6535] Addington Flat Style Towel Hanger 588mm Chrome -> shelf
  ✓ model_6535.glb (18 polys)

[6536] Vantage 2000 Soft Close 2000 x 1200mm Sliding Shower Door (8mm Thick) - Brushed Bronze -> shower-enclosure
  ✓ model_6536.glb (178 polys)

[6537] Addington Flat Style Towel Hanger 514mm Chrome -> shelf
  ✓ model_6537.glb (18 polys)

[6538] Vantage 2000 6mm Thick Easy Clean 2000 x 1600mm Walk-In Shower Panel - Brushed Bronze -> shower-enclosure
  ✓ model_6538.glb (178 polys)

[6539] Addington Flat Style Towel Hanger 440mm Chrome -> shelf
  ✓ model_6539.glb (18 polys)

[6540] Vantage 2000 Soft Close 2000 x 1100mm Sliding Shower Door (8mm Thick) - Brushed Bronze -> shower-enclosure
  ✓ model_6540.glb (178 polys)

[6541] Addington Flat Style Towel Hanger 366mm Chrome -> shelf
  ✓ model_6541.glb (18 polys)

[6542] Vantage 2000 6mm Thick Easy Clean 2000 x 1500mm Walk-In Shower Panel - Brushed Bronze -> shower-enclosure
  ✓ model_6542.glb (178 polys)

[6543] Vantage 2000 Soft Close 2000 x 1000mm Sliding Shower Door (8mm Thick) - Brushed Bronze -> shower-enclosure
  ✓ model_6543.glb (178 polys)

[6544] Vantage 2000 6mm Thick Easy Clean 2000 x 1400mm Walk-In Shower Panel - Brushed Bronze -> shower-enclosure
  ✓ model_6544.glb (178 polys)

[6545] Vantage 2000 6mm Thick Easy Clean 2000 x 1300mm Walk-In Shower Panel - Brushed Bronze -> shower-enclosure
  ✓ model_6545.glb (178 polys)

[6546] Vantage 2000 6mm Thick Easy Clean 2000 x 1200mm Walk-In Shower Panel - Brushed Bronze -> shower-enclosure
  ✓ model_6546.glb (178 polys)

[6547] Vantage 2000 6mm Thick Easy Clean 2000 x 1100mm Walk-In Shower Panel - Brushed Bronze -> shower-enclosure
  ✓ model_6547.glb (178 polys)

[6548] Vantage 2000 6mm Thick Easy Clean 2000 x 1000mm Walk-In Shower Panel - Brushed Bronze -> shower-enclosure
  ✓ model_6548.glb (178 polys)

[6549] Vantage 2000 6mm Thick Easy Clean 2000 x 900mm Walk-In Shower Panel - Brushed Bronze -> shower-enclosure
  ✓ model_6549.glb (178 polys)

[6550] Vantage 2000 6mm Thick Easy Clean 2000 x 800mm Walk-In Shower Panel - Brushed Bronze -> shower-enclosure
  ✓ model_6550.glb (178 polys)

[6551] Vantage 2000 6mm Thick Easy Clean 2000 x 760mm Walk-In Shower Panel - Brushed Bronze -> shower-enclosure
  ✓ model_6551.glb (178 polys)

[6552] Vantage 2000 6mm Thick Easy Clean 2000 x 700mm Walk-In Shower Panel - Brushed Bronze -> shower-enclosure
  ✓ model_6552.glb (178 polys)

[6553] Vantage 2000 6mm Thick Easy Clean 2000 x 500mm Walk-In Shower Panel - Brushed Bronze -> shower-enclosure
  ✓ model_6553.glb (178 polys)

[6554] Longbridge Type 22 Compact Panel Radiator 600 x 400 Gloss White -> radiator
  ✓ model_6554.glb (286 polys)

[6555] Rosano Towel Hanger 660mm Matt Black -> shelf
  ✓ model_6555.glb (18 polys)

[6556] Wendover Straight Stainless Steel Multirail 1600 x 600 Brushed -> towel-rail
  ✓ model_6556.glb (408 polys)

[6557] Rosano Towel Hanger 660mm Matt Anthracite -> shelf
  ✓ model_6557.glb (18 polys)

[6558] Wendover Straight Stainless Steel Multirail 1000 x 400 Brushed -> towel-rail
  ✓ model_6558.glb (408 polys)

[6559] Rosano Towel Hanger 660mm Matt White -> shelf
  ✓ model_6559.glb (18 polys)

[6560] Wendover Straight Stainless Steel Multirail 1800 x 400 Brushed -> towel-rail
  ✓ model_6560.glb (408 polys)

[6561] Universal Double Flat Style Towel Hanger 565mm Chrome -> shelf
  ✓ model_6561.glb (18 polys)

[6562] Universal Double Flat Style Towel Hanger 565mm Matt Black -> shelf
  ✓ model_6562.glb (18 polys)

[6563] Wendover Straight Stainless Steel Multirail 1200 x 400 Brushed -> towel-rail
  ✓ model_6563.glb (408 polys)

[6564] Universal Double Flat Style Towel Hanger 565mm Matt Anthracite -> shelf
  ✓ model_6564.glb (18 polys)

[6565] Universal Double Flat Style Towel Hanger 565mm Matt White -> shelf
  ✓ model_6565.glb (18 polys)

[6566] Wendover Straight Stainless Steel Multirail 800 x 400 Brushed -> towel-rail
  ✓ model_6566.glb (408 polys)

[6567] Universal Flat Style Towel Hanger 565mm Chrome -> shelf
  ✓ model_6567.glb (18 polys)

[6568] Wendover Straight Stainless Steel Multirail 1600 x 600 Mirror Polished -> towel-rail
  ✓ model_6568.glb (408 polys)

[6569] Universal Flat Style Towel Hanger 565mm Matt Black -> shelf
  ✓ model_6569.glb (18 polys)

[6570] Universal Flat Style Towel Hanger 565mm Matt Anthracite -> shelf
  ✓ model_6570.glb (18 polys)

[6571] Wendover Straight Stainless Steel Multirail 1600 x 500 Mirror Polished -> towel-rail
  ✓ model_6571.glb (408 polys)

[6572] Universal Flat Style Towel Hanger 565mm Matt White -> shelf
  ✓ model_6572.glb (18 polys)

[6573] Wendover Straight Stainless Steel Multirail 1600 x 400 Mirror Polished -> towel-rail
  ✓ model_6573.glb (408 polys)

[6574] Universal Double Flat Style Towel Hanger 850mm Chrome -> shelf
  ✓ model_6574.glb (18 polys)

[6575] Universal Double Flat Style Towel Hanger 660mm Chrome -> shelf
  ✓ model_6575.glb (18 polys)

[6576] Wendover Straight Stainless Steel Multirail 1400 x 600 Mirror Polished -> towel-rail
  ✓ model_6576.glb (408 polys)

[6577] Universal Double Flat Style Towel Hanger 470mm Chrome -> shelf
  ✓ model_6577.glb (18 polys)

[6578] Wendover Straight Stainless Steel Multirail 1400 x 500 Mirror Polished -> towel-rail
  ✓ model_6578.glb (408 polys)

[6579] Universal Double Flat Style Towel Hanger 375mm Chrome -> shelf
  ✓ model_6579.glb (18 polys)

[6580] Universal Double Flat Style Towel Hanger 280mm Chrome -> shelf
  ✓ model_6580.glb (18 polys)

[6581] Wendover Straight Stainless Steel Multirail 1400 x 400 Mirror Polished -> towel-rail
  ✓ model_6581.glb (408 polys)

[6582] Addington Double Flat Style Towel Hanger 662mm Chrome -> shelf
  ✓ model_6582.glb (18 polys)

[6583] Addington Double Flat Style Towel Hanger 588mm Chrome -> shelf
  ✓ model_6583.glb (18 polys)

[6584] Addington Double Flat Style Towel Hanger 514mm Chrome -> shelf
  ✓ model_6584.glb (18 polys)

[6585] Wendover Straight Stainless Steel Multirail 1000 x 600 Mirror Polished -> towel-rail
  ✓ model_6585.glb (408 polys)

[6586] Addington Double Flat Style Towel Hanger 440mm Chrome -> shelf
  ✓ model_6586.glb (18 polys)

[6587] Wendover Straight Stainless Steel Multirail 1000 x 500 Mirror Polished -> towel-rail
  ✓ model_6587.glb (408 polys)

[6588] Addington Double Flat Style Towel Hanger 366mm Chrome -> shelf
  ✓ model_6588.glb (18 polys)

[6589] Addington Double Flat Style Towel Hanger 292mm Chrome -> shelf
  ✓ model_6589.glb (18 polys)

[6590] Addington Double Flat Style Towel Hanger 662mm Matt Black -> shelf
  ✓ model_6590.glb (18 polys)

[6591] Wendover Straight Stainless Steel Multirail 1000 x 400 Mirror Polished -> towel-rail
  ✓ model_6591.glb (408 polys)

[6592] Addington Double Flat Style Towel Hanger 588mm Matt Black -> shelf
  ✓ model_6592.glb (18 polys)

[6593] Wendover Straight Stainless Steel Multirail 1800 x 400 Mirror Polished -> towel-rail
  ✓ model_6593.glb (408 polys)

[6594] Addington Double Flat Style Towel Hanger 514mm Matt Black -> shelf
  ✓ model_6594.glb (18 polys)

[6595] Wendover Straight Stainless Steel Multirail 1200 x 400 Mirror Polished -> towel-rail
  ✓ model_6595.glb (408 polys)

[6596] Wendover Straight Stainless Steel Multirail 800 x 400 Mirror Polished -> towel-rail
  ✓ model_6596.glb (408 polys)

[6597] Peretti Stainless Steel Towel Hanger 660mm Mirror Polished -> shelf
  ✓ model_6597.glb (18 polys)

[6598] Peretti Towel Hanger 660mm Chrome -> shelf
  ✓ model_6598.glb (18 polys)

[6599] Peretti Towel Hanger 660mm Matt Black -> shelf
  ✓ model_6599.glb (18 polys)

[6600] Peretti Towel Hanger 660mm Matt Anthracite -> shelf
  ✓ model_6600.glb (18 polys)

[6601] Peretti Towel Hanger 660mm Matt White -> shelf
  ✓ model_6601.glb (18 polys)

[6602] Rosano Stainless Steel Towel Hanger 660mm Mirror Polished -> shelf
  ✓ model_6602.glb (18 polys)

[6603] Rosano Towel Hanger 660mm Chrome -> shelf
  ✓ model_6603.glb (18 polys)

[6604] Wendover Straight Stainless Steel Multirail 1600 x 500 Brushed -> towel-rail
  ✓ model_6604.glb (408 polys)

[6605] Wendover Straight Stainless Steel Multirail 1600 x 400 Brushed -> towel-rail
  ✓ model_6605.glb (408 polys)

[6606] Wendover Straight Stainless Steel Multirail 1400 x 600 Brushed -> towel-rail
  ✓ model_6606.glb (408 polys)

[6607] Wendover Straight Stainless Steel Multirail 1400 x 500 Brushed -> towel-rail
  ✓ model_6607.glb (408 polys)

[6608] Wendover Straight Stainless Steel Multirail 1400 x 400 Brushed -> towel-rail
  ✓ model_6608.glb (408 polys)

[6609] Wendover Straight Stainless Steel Multirail 1000 x 600 Brushed -> towel-rail
  ✓ model_6609.glb (408 polys)

[6610] Wendover Straight Stainless Steel Multirail 1000 x 500 Brushed -> towel-rail
  ✓ model_6610.glb (408 polys)

[6611] Longbridge Type 22 Compact Panel Radiator 600 x 2000 Gloss White -> radiator
  ✓ model_6611.glb (286 polys)

[6612] Longbridge Type 22 Compact Panel Radiator 600 x 1800 Gloss White -> radiator
  ✓ model_6612.glb (286 polys)

[6613] Longbridge Type 22 Compact Panel Radiator 600 x 1600 Gloss White -> radiator
  ✓ model_6613.glb (286 polys)

[6614] Longbridge Type 22 Compact Panel Radiator 600 x 1500 Gloss White -> radiator
  ✓ model_6614.glb (286 polys)

[6615] Longbridge Type 22 Compact Panel Radiator 600 x 1400 Gloss White -> radiator
  ✓ model_6615.glb (286 polys)

[6616] Longbridge Type 22 Compact Panel Radiator 600 x 1300 Gloss White -> radiator
  ✓ model_6616.glb (286 polys)

[6834] Isbourne 940 x 600 Chrome / Gloss White -> towel-rail
  ✓ model_6834.glb (408 polys)

[6617] Longbridge Type 22 Compact Panel Radiator 600 x 1200 Gloss White -> radiator
  ✓ model_6617.glb (286 polys)

[6618] Longbridge Type 22 Compact Panel Radiator 600 x 1100 Gloss White -> radiator
  ✓ model_6618.glb (286 polys)

[6619] Longbridge Type 22 Compact Panel Radiator 600 x 1000 Gloss White -> radiator
  ✓ model_6619.glb (286 polys)

[6620] Longbridge Type 22 Compact Panel Radiator 600 x 900 Gloss White -> radiator
  ✓ model_6620.glb (286 polys)

[6621] Longbridge Type 22 Compact Panel Radiator 600 x 800 Gloss White -> radiator
  ✓ model_6621.glb (286 polys)

[6622] Longbridge Type 22 Compact Panel Radiator 600 x 700 Gloss White -> radiator
  ✓ model_6622.glb (286 polys)

[6623] Longbridge Type 22 Compact Panel Radiator 600 x 600 Gloss White -> radiator
  ✓ model_6623.glb (286 polys)

[6624] Longbridge Type 22 Compact Panel Radiator 600 x 500 Gloss White -> radiator
  ✓ model_6624.glb (286 polys)

[6625] Volente Offset Quad 1100 x 700 Brushed Brass -> shower-enclosure
  ✓ model_6625.glb (178 polys)

[6626] Volente Offset Quad 1000 x 700 Brushed Brass -> shower-enclosure
  ✓ model_6626.glb (178 polys)

[6627] Volente offset quad 1200 x 700 Brushed Brass -> shower-enclosure
  ✓ model_6627.glb (178 polys)

[6628] Volente offset quad 1100 x 900 Brushed Brass -> shower-enclosure
  ✓ model_6628.glb (178 polys)

[6629] Volente offset quad 1100 x 800 Brushed Brass -> shower-enclosure
  ✓ model_6629.glb (178 polys)

Done: 2000 generated, 0 failed.
