Found 2000 pending; 2000 have a generator slot.

[4851] Kelmscott Towel Hanger 345mm Matt White -> shelf
  ✓ model_4851.glb (18 polys)

[3538] Deddington 600 x 470 Radiator Gloss White -> radiator
  ✓ model_3538.glb (286 polys)

[3539] Deddington 600 x 390 Radiator Gloss White -> radiator
  ✓ model_3539.glb (286 polys)

[3540] Valliant 8mm 1950mm x 800mm Round Pole Walk-In Front Shower Panel - Chrome -> shower-enclosure
  ✓ model_3540.glb (178 polys)

[4282] Addington Aluminium 600 x 440 Radiator Type10 Matt Anthracite -> radiator
  ✓ model_4282.glb (286 polys)

[3541] Corniche Easy Clean 1000x760mm Offset Quadrant Shower Enclosure - Chrome -> shower-enclosure
  ✓ model_3541.glb (178 polys)

[3436] Tunstall 1800 x 490 Radiator Chrome -> radiator
  ✓ model_3436.glb (286 polys)

[3542] Valliant 8mm 1950mm x 760mm Round Pole Walk-In Front Shower Panel - Chrome -> shower-enclosure
  ✓ model_3542.glb (178 polys)

[5306] Stour 1195 x 500 Matt White -> towel-rail
  ✓ model_5306.glb (408 polys)

[3543] Corniche Easy Clean 900x800mm Offset Quadrant Shower Enclosure - Chrome -> shower-enclosure
  ✓ model_3543.glb (178 polys)

[3544] Valliant 8mm 1950mm x 700mm Round Pole Walk-In Front Shower Panel - Chrome -> shower-enclosure
  ✓ model_3544.glb (178 polys)

[3545] Vantage 6mm Easy Clean 1850mm x 760mm Bi-Fold Shower Door - Chrome -> shower-enclosure
  ✓ model_3545.glb (178 polys)

[4294] Addington Aluminium 1800 x 514 Radiator Type10 Gloss White -> radiator
  ✓ model_4294.glb (286 polys)

[3546] Vantage 6mm Easy Clean 1200x760mm Offset Quadrant Shower Enclosure - Chrome -> shower-enclosure
  ✓ model_3546.glb (178 polys)

[5307] Stour 690 x 600 Matt White -> towel-rail
  ✓ model_5307.glb (408 polys)

[5308] Stour 690 x 500 Matt White -> towel-rail
  ✓ model_5308.glb (408 polys)

[5309] Stour 1550 x 600 Brushed Brass -> towel-rail
  ✓ model_5309.glb (408 polys)

[3547] Vantage 6mm Easy Clean 1850mm x 700mm Bi-Fold Shower Door - Chrome -> shower-enclosure
  ✓ model_3547.glb (178 polys)

[4337] Peretti Stainless Steel Towel Hanger 470mm Mirror Polished -> shelf
  ✓ model_4337.glb (18 polys)

[4338] Peretti 1800 x 565 Aluminium Radiator Matt Black -> radiator
  ✓ model_4338.glb (286 polys)

[4339] Hadleigh 1800 x 415 Aluminium Radiator Matt White -> radiator
  ✓ model_4339.glb (286 polys)

[4340] Peretti Stainless Steel Towel Hanger 375mm Mirror Polished -> shelf
  ✓ model_4340.glb (18 polys)

[4341] Peretti 1800 x 565 Aluminium Radiator Matt Anthracite -> radiator
  ✓ model_4341.glb (286 polys)

[4342] Sandhurst 600 x 1045 Aluminium Radiator Matt White -> radiator
  ✓ model_4342.glb (286 polys)

[4283] Addington Aluminium 600 x 810 Radiator Type20 Matt Anthracite -> radiator
  ✓ model_4283.glb (286 polys)

[5629] Corsair Anti-Slip 700 x 700mm square 25mm Shower Tray - White -> shower-tray
  ✓ model_5629.glb (138 polys)

[5630] Kingswood Slimline 600 x 1010 Aluminium Radiator Matt Anthracite -> radiator
  ✓ model_5630.glb (286 polys)

[4308] Addington Aluminium 600 x 810 Radiator Type20 Gloss White -> radiator
  ✓ model_4308.glb (286 polys)

[4309] Addington Aluminium 1000 x 588 Radiator Type10 Matt Anthracite -> radiator
  ✓ model_4309.glb (286 polys)

[4310] Sandhurst 1800 x 275 Aluminium Radiator Matt Anthracite -> radiator
  ✓ model_4310.glb (286 polys)

[4325] Guardia Towel Hanger 280mm Matt White -> shelf
  ✓ model_4325.glb (18 polys)

[4326] Guardia 1800 x 565 Aluminium Radiator Matt Grey -> radiator
  ✓ model_4326.glb (286 polys)

[4327] Hadleigh 600 x 625 Aluminium Radiator Matt Anthracite -> radiator
  ✓ model_4327.glb (286 polys)

[4328] Addington Aluminium 600 x 1032 Radiator Type10 Matt Anthracite -> radiator
  ✓ model_4328.glb (286 polys)

[4329] Sandhurst 1800 x 415 Aluminium Radiator Matt White -> radiator
  ✓ model_4329.glb (286 polys)

[4330] Guardia 1800 x 565 Aluminium Radiator Matt White -> radiator
  ✓ model_4330.glb (286 polys)

[4331] Hadleigh 600 x 485 Aluminium Radiator Matt Anthracite -> radiator
  ✓ model_4331.glb (286 polys)

[4332] Addington Aluminium 600 x 810 Radiator Type10 Matt Anthracite -> radiator
  ✓ model_4332.glb (286 polys)

[5631] Malmesbury Towel Hanger 280mm Matt Black -> shelf
  ✓ model_5631.glb (18 polys)

[5632] Corsair 1200 x 900mm Offset Quad Right Hand (RH) 25mm Shower Tray - White -> shower-tray
  ✓ model_5632.glb (138 polys)

[5633] Corsair 1300 x 760mm 25mm Rectangular Shower Tray - White -> shower-tray
  ✓ model_5633.glb (138 polys)

[4464] Hadleigh Towel Hanger 415mm Matt Anthracite -> shelf
  ✓ model_4464.glb (18 polys)

[5634] Corsair 1200 x 900mm Offset Quad Left Hand (LH)  25mm Shower Tray - White -> shower-tray
  ✓ model_5634.glb (138 polys)

[5635] Malmesbury Towel Hanger 185mm Matt Black -> shelf
  ✓ model_5635.glb (18 polys)

[3548] Vantage 6mm Easy Clean 1100x900mm Offset Quadrant Shower Enclosure - Chrome -> shower-enclosure
  ✓ model_3548.glb (178 polys)

[3549] Vantage 6mm Easy Clean 1100x800mm Offset Quadrant Shower Enclosure - Chrome -> shower-enclosure
  ✓ model_3549.glb (178 polys)

[5636] Corsair 1200 x 900mm 25mm Rectangular Shower Tray - White -> shower-tray
  ✓ model_5636.glb (138 polys)

[3550] Vantage 6mm Easy Clean 1100x760mm Offset Quadrant Shower Enclosure - Chrome -> shower-enclosure
  ✓ model_3550.glb (178 polys)

[3551] Vantage 6mm Easy Clean 1850mm x 1000mm Pivot Shower Door - Chrome -> shower-enclosure
  ✓ model_3551.glb (178 polys)

[3552] Vantage 8mm Easy Clean 1950mm x 1100mm Walk-In Front Shower Panel with Flipper- Chrome -> shower-enclosure
  ✓ model_3552.glb (178 polys)

[3553] Valliant 8mm 1850mm x 1400mm Square Pole Walk-In Offset Shower Panel - Chrome -> shower-enclosure
  ✓ model_3553.glb (178 polys)

[3554] Vantage 8mm Easy Clean 1950mm x 900mm Walk-In Front Shower Panel with Flipper- Chrome -> shower-enclosure
  ✓ model_3554.glb (178 polys)

[3555] Vantage 6mm Easy Clean 1850mm x 900mm Pivot Shower Door - Chrome -> shower-enclosure
  ✓ model_3555.glb (178 polys)

[3556] Valliant 8mm 1850mm x 1300mm Square Pole Walk-In Offset Shower Panel - Chrome -> shower-enclosure
  ✓ model_3556.glb (178 polys)

[4465] Hadleigh Towel Hanger 275mm Matt Anthracite -> shelf
  ✓ model_4465.glb (18 polys)

[3557] Vantage 8mm Easy Clean 1950mm x 800mm Walk-In Front Shower Panel with Flipper- Chrome -> shower-enclosure
  ✓ model_3557.glb (178 polys)

[3558] Vantage 6mm Easy Clean 1850mm x 800mm Pivot Shower Door - Chrome -> shower-enclosure
  ✓ model_3558.glb (178 polys)

[4333] Sandhurst 1800 x 275 Aluminium Radiator Matt White -> radiator
  ✓ model_4333.glb (286 polys)

[3559] Valliant 8mm 1850mm x 1200mm Square Pole Walk-In Offset Shower Panel - Chrome -> shower-enclosure
  ✓ model_3559.glb (178 polys)

[3560] Valliant 8mm 1850mm x 1100mm Square Pole Walk-In Offset Shower Panel - Chrome -> shower-enclosure
  ✓ model_3560.glb (178 polys)

[3561] Vantage 8mm Easy Clean 1950mm x 600mm Walk-In Front Shower Panel with Flipper- Chrome -> shower-enclosure
  ✓ model_3561.glb (178 polys)

[3562] Vantage 6mm Easy Clean 1850mm x 760mm Pivot Shower Door - Chrome -> shower-enclosure
  ✓ model_3562.glb (178 polys)

[3563] Valliant 8mm 1850mm x 1000mm Square Pole Walk-In Offset Shower Panel - Chrome -> shower-enclosure
  ✓ model_3563.glb (178 polys)

[3564] Valliant 8mm 1850mm x 1400mm Round Pole Walk-In Offset Shower Panel - Chrome -> shower-enclosure
  ✓ model_3564.glb (178 polys)

[3565] Vantage 6mm Easy Clean 1850mm x 700mm Pivot Shower Door - Chrome -> shower-enclosure
  ✓ model_3565.glb (178 polys)

[3566] Valliant 8mm 1850mm x 1300mm Round Pole Walk-In Offset Shower Panel - Chrome -> shower-enclosure
  ✓ model_3566.glb (178 polys)

[3567] Corniche Easy Clean 1950mm x 1200mm Slider Shower Door - Chrome -> shower-enclosure
  ✓ model_3567.glb (178 polys)

[3568] Valliant 8mm 1850mm x 1200mm Round Pole Walk-In Offset Shower Panel - Chrome -> shower-enclosure
  ✓ model_3568.glb (178 polys)

[3569] Corniche Easy Clean 1950mm x 1700mm Slider Shower Door - Chrome -> shower-enclosure
  ✓ model_3569.glb (178 polys)

[4466] Hadleigh Towel Hanger 485mm Matt White -> shelf
  ✓ model_4466.glb (18 polys)

[3570] Valliant 8mm 1850mm x 1100mm Round Pole Walk-In Offset Shower Panel - Chrome -> shower-enclosure
  ✓ model_3570.glb (178 polys)

[3571] Corniche Easy Clean 1950mm x 1600mm Slider Shower Door - Chrome -> shower-enclosure
  ✓ model_3571.glb (178 polys)

[3572] Valliant 8mm 1850mm x 1000mm Round Pole Walk-In Offset Shower Panel - Chrome -> shower-enclosure
  ✓ model_3572.glb (178 polys)

[3573] Corniche Easy Clean 1950mm x 1400mm Slider Shower Door - Chrome -> shower-enclosure
  ✓ model_3573.glb (178 polys)

[4467] Hadleigh Towel Hanger 415mm Matt White -> shelf
  ✓ model_4467.glb (18 polys)

[3574] Corniche Easy Clean 1950mm x 1200mm Slider Shower Door - Chrome -> shower-enclosure
  ✓ model_3574.glb (178 polys)

[3575] Corniche Easy Clean 900x760mm Offset Quadrant Shower Enclosure - Chrome -> shower-enclosure
  ✓ model_3575.glb (178 polys)

[3576] Corniche Easy Clean 1950mm x 1100mm Slider Shower Door - Chrome -> shower-enclosure
  ✓ model_3576.glb (178 polys)

[3577] Corniche Easy Clean 1950mm x 1000mm Slider Shower Door - Chrome -> shower-enclosure
  ✓ model_3577.glb (178 polys)

[3578] Vantage Easy Clean 1850mm x 1700mm Slider Shower Door - Chrome -> shower-enclosure
  ✓ model_3578.glb (178 polys)

[3579] Corniche 8mm Easy Clean 1950mm x 760mm Walk-In End Shower Panel for 760 Tray - Chrome -> shower-enclosure
  ✓ model_3579.glb (178 polys)

[3580] Vantage 6mm Easy Clean 1400x760mm Offset Quadrant Shower Enclosure - Chrome -> shower-enclosure
  ✓ model_3580.glb (178 polys)

[3581] Vantage Easy Clean 1850mm x 1600mm Slider Shower Door - Chrome -> shower-enclosure
  ✓ model_3581.glb (178 polys)

[3582] Vulcan 5mm 1850mm x 900mm Bi-Fold Shower Door - Chrome -> shower-enclosure
  ✓ model_3582.glb (178 polys)

[3583] Vantage 6mm Easy Clean 1400x800mm Offset Quadrant Shower Enclosure - Chrome -> shower-enclosure
  ✓ model_3583.glb (178 polys)

[5637] Malmesbury 1800 x 565 Aluminium Radiator Matt Black -> radiator
  ✓ model_5637.glb (286 polys)

[3584] Vantage Easy Clean 1850mm x 1400mm Slider Shower Door - Chrome -> shower-enclosure
  ✓ model_3584.glb (178 polys)

[3585] Corniche 8mm Easy Clean 1950mm x 700mm Walk-In End Shower Panel for 700 Tray - Chrome -> shower-enclosure
  ✓ model_3585.glb (178 polys)

[3586] Vulcan 5mm 1850mm x 800mm Bi-Fold Shower Door - Chrome -> shower-enclosure
  ✓ model_3586.glb (178 polys)

[3587] Vantage Easy Clean 1850mm x 1200mm Slider Shower Door - Chrome -> shower-enclosure
  ✓ model_3587.glb (178 polys)

[5638] Corsair 1200 x 800mm Offset Quad Right Hand (RH) 25mm Shower Tray - White -> shower-tray
  ✓ model_5638.glb (138 polys)

[3588] Vulcan 5mm 1850mm x 760mm Bi-Fold Shower Door - Chrome -> shower-enclosure
  ✓ model_3588.glb (178 polys)

[3589] Vantage Easy Clean 1850mm x 1100mm Slider Shower Door - Chrome -> shower-enclosure
  ✓ model_3589.glb (178 polys)

[3590] Corniche 8mm Easy Clean 1950mm x 800mm Walk-In End Shower Panel for 800 Tray - Chrome -> shower-enclosure
  ✓ model_3590.glb (178 polys)

[3591] Vulcan 5mm 1850mm x 700mm Bi-Fold Shower Door - Chrome -> shower-enclosure
  ✓ model_3591.glb (178 polys)

[3592] Vantage Easy Clean 1850mm x 1000mm Slider Shower Door - Chrome -> shower-enclosure
  ✓ model_3592.glb (178 polys)

[3593] Valliant 8mm 1950mm x 1400mm Round Pole Walk-In Front Shower Panel - Chrome -> shower-enclosure
  ✓ model_3593.glb (178 polys)

[3594] Corniche 8mm Easy Clean 1950mm x 1150mm Walk-In Front Shower Panel for 1700 Tray - Chrome -> shower-enclosure
  ✓ model_3594.glb (178 polys)

[3595] Corniche Easy Clean 1200x900mm Offset Quadrant Shower Enclosure - Chrome -> shower-enclosure
  ✓ model_3595.glb (178 polys)

[3596] Valliant 8mm 1950mm x 1200mm Round Pole Walk-In Front Shower Panel - Chrome -> shower-enclosure
  ✓ model_3596.glb (178 polys)

[3597] Corniche Easy Clean 1200x800mm Offset Quadrant Shower Enclosure - Chrome -> shower-enclosure
  ✓ model_3597.glb (178 polys)

[3598] Corniche 8mm Easy Clean 1950mm x 950mm Walk-In Front Shower Panel for 1500 Tray - Chrome -> shower-enclosure
  ✓ model_3598.glb (178 polys)

[3599] Valliant 8mm 1950mm x 1000mm Round Pole Walk-In Front Shower Panel - Chrome -> shower-enclosure
  ✓ model_3599.glb (178 polys)

[3600] Corniche Easy Clean 1000x900mm Offset Quadrant Shower Enclosure - Chrome -> shower-enclosure
  ✓ model_3600.glb (178 polys)

[3601] Valliant 8mm 1950mm x 900mm Round Pole Walk-In Front Shower Panel - Chrome -> shower-enclosure
  ✓ model_3601.glb (178 polys)

[3602] Corniche 8mm Easy Clean 1950mm x 850mm Walk-In End Shower Panel for 900 Tray - Chrome -> shower-enclosure
  ✓ model_3602.glb (178 polys)

[3603] Corniche Easy Clean 1000x800mm Offset Quadrant Shower Enclosure - Chrome -> shower-enclosure
  ✓ model_3603.glb (178 polys)

[3604] Corniche 8mm Easy Clean 1950mm x 850mm Walk-In Front Shower Panel for 1400 Tray - Chrome -> shower-enclosure
  ✓ model_3604.glb (178 polys)

[3605] Vantage 6mm Easy Clean 1850mm x 1000mm Bi-Fold Shower Door - Chrome -> shower-enclosure
  ✓ model_3605.glb (178 polys)

[3606] Vantage 6mm Easy Clean 1850mm x 900mm Bi-Fold Shower Door - Chrome -> shower-enclosure
  ✓ model_3606.glb (178 polys)

[3607] Vantage 6mm Easy Clean 1850mm x 800mm Bi-Fold Shower Door - Chrome -> shower-enclosure
  ✓ model_3607.glb (178 polys)

[3608] Vantage 6mm Easy Clean 1300x760mm Offset Quadrant Shower Enclosure - Chrome -> shower-enclosure
  ✓ model_3608.glb (178 polys)

[3609] Vantage 6mm Easy Clean 1300x800mm Offset Quadrant Shower Enclosure - Chrome -> shower-enclosure
  ✓ model_3609.glb (178 polys)

[3610] Tuscan Square Multirail 1200 x 600 Matt Black -> towel-rail
  ✓ model_3610.glb (408 polys)

[4468] Hadleigh Towel Hanger 275mm Matt White -> shelf
  ✓ model_4468.glb (18 polys)

[3611] Tuscan Square Multirail 1200 x 500 Matt Black -> towel-rail
  ✓ model_3611.glb (408 polys)

[3612] Tuscan Square Multirail 800 x 600 Matt Black -> towel-rail
  ✓ model_3612.glb (408 polys)

[3613] Tuscan Square Multirail 800 x 500 Matt Black -> towel-rail
  ✓ model_3613.glb (408 polys)

[3614] Tuscan Square Multirail 1800 x 600 Matt Anthracite -> towel-rail
  ✓ model_3614.glb (408 polys)

[3615] Rion Multirail 800 x 500 Matt Black -> towel-rail
  ✓ model_3615.glb (408 polys)

[3616] Tuscan Square Multirail 1800 x 500 Matt Anthracite -> towel-rail
  ✓ model_3616.glb (408 polys)

[3617] Rion Multirail 1800 x 600 Matt Anthracite -> towel-rail
  ✓ model_3617.glb (408 polys)

[4469] Tunstall 1800 x 630 Radiator Matt Anthracite -> radiator
  ✓ model_4469.glb (286 polys)

[3618] Tuscan Square Multirail 1200 x 600 Matt Anthracite -> towel-rail
  ✓ model_3618.glb (408 polys)

[3619] Rion Multirail 1800 x 500 Matt Anthracite -> towel-rail
  ✓ model_3619.glb (408 polys)

[3620] Addington 1000 x 514 Radiator Type10 Gloss White -> radiator
  ✓ model_3620.glb (286 polys)

[3621] Hurley 1500 x 600 Towel Rail Matt White -> towel-rail
  ✓ model_3621.glb (408 polys)

[3622] Addington 800 x 588 Radiator Type10 Gloss White -> radiator
  ✓ model_3622.glb (286 polys)

[5310] Stour 1550 x 500 Brushed Brass -> towel-rail
  ✓ model_5310.glb (408 polys)

[3623] Addington 800 x 514 Radiator Type10 Gloss White -> radiator
  ✓ model_3623.glb (286 polys)

[3624] Hurley 1500 x 500 Towel Rail Matt White -> towel-rail
  ✓ model_3624.glb (408 polys)

[3625] Addington 600 x 588 Radiator Type10 Gloss White -> radiator
  ✓ model_3625.glb (286 polys)

[3626] Hurley 1000 x 600 Towel Rail Chrome -> towel-rail
  ✓ model_3626.glb (408 polys)

[3627] Addington 600 x 514 Radiator Type10 Gloss White -> radiator
  ✓ model_3627.glb (286 polys)

[3628] Hurley 1000 x 500 Towel Rail Chrome -> towel-rail
  ✓ model_3628.glb (408 polys)

[3629] Addington 500 x 588 Radiator Type10 Gloss White -> radiator
  ✓ model_3629.glb (286 polys)

[3630] Hurley 1000 x 600 Towel Rail Matt Black -> towel-rail
  ✓ model_3630.glb (408 polys)

[3631] Lambourne 1200 x 420 Radiator Matt Anthracite -> radiator
  ✓ model_3631.glb (286 polys)

[3632] Addington 500 x 514 Radiator Type10 Gloss White -> radiator
  ✓ model_3632.glb (286 polys)

[3633] Hurley 1000 x 500 Towel Rail Matt Black -> towel-rail
  ✓ model_3633.glb (408 polys)

[3634] Rion Multirail 1200 x 600 Matt Anthracite -> towel-rail
  ✓ model_3634.glb (408 polys)

[3635] Addington 1000 x 514 Radiator Type10 Matt Anthracite -> radiator
  ✓ model_3635.glb (286 polys)

[3636] Hurley 1000 x 600 Towel Rail Matt Anthracite -> towel-rail
  ✓ model_3636.glb (408 polys)

[3637] Lambourne 1200 x 540 Radiator Matt White -> radiator
  ✓ model_3637.glb (286 polys)

[5639] Corsair 1200 x 800mm 25mm Rectangular Shower Tray - White -> shower-tray
  ✓ model_5639.glb (138 polys)

[3638] Addington 800 x 588 Radiator Type10 Matt Anthracite -> radiator
  ✓ model_3638.glb (286 polys)

[3639] Rion Multirail 1200 x 500 Matt Anthracite -> towel-rail
  ✓ model_3639.glb (408 polys)

[3640] Hurley 1000 x 500 Towel Rail Matt Anthracite -> towel-rail
  ✓ model_3640.glb (408 polys)

[3641] Addington 800 x 514 Radiator Type10 Matt Anthracite -> radiator
  ✓ model_3641.glb (286 polys)

[5311] Stour 1195 x 600 Brushed Brass -> towel-rail
  ✓ model_5311.glb (408 polys)

[3642] Lambourne 1200 x 420 Radiator Matt White -> radiator
  ✓ model_3642.glb (286 polys)

[3643] Rion Multirail 800 x 600 Matt Anthracite -> towel-rail
  ✓ model_3643.glb (408 polys)

[3644] Addington 600 x 588 Radiator Type10 Matt Anthracite -> radiator
  ✓ model_3644.glb (286 polys)

[3645] Lambourne 1800 x 540 Radiator Chrome -> radiator
  ✓ model_3645.glb (286 polys)

[3646] Hurley 1000 x 600 Towel Rail Matt Cappuccino -> towel-rail
  ✓ model_3646.glb (408 polys)

[3647] Rion Multirail 800 x 500 Matt Anthracite -> towel-rail
  ✓ model_3647.glb (408 polys)

[3648] Addington 600 x 514 Radiator Type10 Matt Anthracite -> radiator
  ✓ model_3648.glb (286 polys)

[3649] Rion Multirail 1800 x 600 Gloss White -> towel-rail
  ✓ model_3649.glb (408 polys)

[3650] Lambourne 1800 x 420 Radiator Chrome -> radiator
  ✓ model_3650.glb (286 polys)

[3651] Hurley 1000 x 500 Towel Rail Matt Cappuccino -> towel-rail
  ✓ model_3651.glb (408 polys)

[3652] Addington 500 x 588 Radiator Type10 Matt Anthracite -> radiator
  ✓ model_3652.glb (286 polys)

[3653] Rion Multirail 1800 x 500 Gloss White -> towel-rail
  ✓ model_3653.glb (408 polys)

[3654] Lambourne 1800 x 540 Radiator Matt Black -> radiator
  ✓ model_3654.glb (286 polys)

[3655] Hurley 1000 x 600 Towel Rail Matt Grey -> towel-rail
  ✓ model_3655.glb (408 polys)

[3656] Rion Multirail 1200 x 600 Gloss White -> towel-rail
  ✓ model_3656.glb (408 polys)

[3657] Addington 1800 x 588 Radiator Type10 Gloss White -> radiator
  ✓ model_3657.glb (286 polys)

[3658] Lambourne 1800 x 420 Radiator Matt Black -> radiator
  ✓ model_3658.glb (286 polys)

[5640] Malmesbury 1800 x 470 Aluminium Radiator Matt Black -> radiator
  ✓ model_5640.glb (286 polys)

[5641] Corsair 1200 x 800mm Offset Quad Left Hand (LH)  25mm Shower Tray - White -> shower-tray
  ✓ model_5641.glb (138 polys)

[5642] Corsair Anti-Slip 1600 x 900mm 25mm Rectangular Shower Tray - White -> shower-tray
  ✓ model_5642.glb (138 polys)

[5643] Malmesbury 1800 x 375 Aluminium Radiator Matt Black -> radiator
  ✓ model_5643.glb (286 polys)

[5644] Corsair 1200 x 760mm 25mm Rectangular Shower Tray - White -> shower-tray
  ✓ model_5644.glb (138 polys)

[5645] Corsair 1100 x 800mm Offset Quad Right Hand (RH) 25mm Shower Tray - White -> shower-tray
  ✓ model_5645.glb (138 polys)

[5646] Malmesbury 1800 x 280 Aluminium Radiator Matt Black -> radiator
  ✓ model_5646.glb (286 polys)

[5647] Corsair 1100 x 800mm Offset Quad Left Hand (LH) 25mm Shower Tray - White -> shower-tray
  ✓ model_5647.glb (138 polys)

[5648] Corsair 1200 x 700mm 25mm Rectangular Shower Tray - White -> shower-tray
  ✓ model_5648.glb (138 polys)

[3659] Hurley 1000 x 500 Towel Rail Matt Grey -> towel-rail
  ✓ model_3659.glb (408 polys)

[5649] Corsair 1100 x 900mm 25mm Rectangular Shower Tray - White -> shower-tray
  ✓ model_5649.glb (138 polys)

[5650] Malmesbury 1800 x 185 Aluminium Radiator Matt Black -> radiator
  ✓ model_5650.glb (286 polys)

[5651] Corsair 1100 x 800mm 25mm Rectangular Shower Tray - White -> shower-tray
  ✓ model_5651.glb (138 polys)

[5652] Corsair 1000 x 900mm 25mm Rectangular Shower Tray - White -> shower-tray
  ✓ model_5652.glb (138 polys)

[5653] Kingswood Slimline 600 x 1410 Aluminium Radiator Matt Black -> radiator
  ✓ model_5653.glb (286 polys)

[5654] Kingswood Slimline 600 x 1210 Aluminium Radiator Matt Black -> radiator
  ✓ model_5654.glb (286 polys)

[5655] Guardia 600 x 1610 Aluminium Radiator Matt Anthracite -> radiator
  ✓ model_5655.glb (286 polys)

[5656] Guardia 600 x 1610 Aluminium Radiator Matt Grey -> radiator
  ✓ model_5656.glb (286 polys)

[5657] Guardia 600 x 1610 Aluminium Radiator Matt White -> radiator
  ✓ model_5657.glb (286 polys)

[5658] Queenswood 600 x 582 Aluminium Radiator Matt Anthracite -> radiator
  ✓ model_5658.glb (286 polys)

[3660] Addington 1800 x 514 Radiator Type10 Gloss White -> radiator
  ✓ model_3660.glb (286 polys)

[5659] Queenswood 600 x 485 Aluminium Radiator Matt Anthracite -> radiator
  ✓ model_5659.glb (286 polys)

[5660] Guardia 1800 x 660 Aluminium Radiator Matt Black -> radiator
  ✓ model_5660.glb (286 polys)

[5661] Guardia 1800 x 660 Aluminium Radiator Matt Anthracite -> radiator
  ✓ model_5661.glb (286 polys)

[5662] Queenswood 1800 x 582 Aluminium Radiator Matt Anthracite -> radiator
  ✓ model_5662.glb (286 polys)

[5312] Stour 1195 x 500 Brushed Brass -> towel-rail
  ✓ model_5312.glb (408 polys)

[5313] Stour 690 x 600 Brushed Brass -> towel-rail
  ✓ model_5313.glb (408 polys)

[5314] Stour 690 x 500 Brushed Brass -> towel-rail
  ✓ model_5314.glb (408 polys)

[5315] Compact Pan.Rad. T.Hanger 690mm. for 800mm. Rad Black -> shelf
  ✓ model_5315.glb (18 polys)

[5316] Compact Pan.Rad. T.Hanger 490mm. for 600mm. Rad Black -> shelf
  ✓ model_5316.glb (18 polys)

[5317] Stour 1195 x 600 Matt Black -> towel-rail
  ✓ model_5317.glb (408 polys)

[5318] Compact Pan.Rad. T.Hanger 890mm. for 1000mm. Rad Anthracite -> shelf
  ✓ model_5318.glb (18 polys)

[5319] Stour 1195 x 500 Matt Black -> towel-rail
  ✓ model_5319.glb (408 polys)

[5320] Compact Pan.Rad. T.Hanger 690mm. for 800mm. Rad Anthracite -> shelf
  ✓ model_5320.glb (18 polys)

[5663] Queenswood 1800 x 485 Aluminium Radiator Matt Anthracite -> radiator
  ✓ model_5663.glb (286 polys)

[5664] Guardia 1800 x 660 Aluminium Radiator Matt Grey -> radiator
  ✓ model_5664.glb (286 polys)

[5665] Guardia 1800 x 660 Aluminium Radiator Matt White -> radiator
  ✓ model_5665.glb (286 polys)

[5666] Queenswood 600 x 1649 Aluminium Radiator Matt Black -> radiator
  ✓ model_5666.glb (286 polys)

[5667] Queenswood 600 x 1455 Aluminium Radiator Matt Black -> radiator
  ✓ model_5667.glb (286 polys)

[5668] Queenswood 600 x 1261 Aluminium Radiator Matt Black -> radiator
  ✓ model_5668.glb (286 polys)

[5669] Crossland  1600 x 800mm Rectangular Shower tray with Slate Finish - Black -> shower-tray
  ✓ model_5669.glb (138 polys)

[3661] Hurley 1500 x 600 Towel Rail Chrome -> towel-rail
  ✓ model_3661.glb (408 polys)

[3662] Rion Multirail 1200 x 500 Gloss White -> towel-rail
  ✓ model_3662.glb (408 polys)

[3663] Hurley 1000 x 600 Towel Rail Matt White -> towel-rail
  ✓ model_3663.glb (408 polys)

[3664] Addington 1800 x 440 Radiator Type10 Gloss White -> radiator
  ✓ model_3664.glb (286 polys)

[3665] Lambourne 1800 x 540 Radiator Matt Anthracite -> radiator
  ✓ model_3665.glb (286 polys)

[5670] Crossland  1600 x 700mm Rectangular  Shower Tray with Slate Finish - White -> shower-tray
  ✓ model_5670.glb (138 polys)

[5671] Crossland  1200 x 700mm Rectangular Shower Tray with Slate Finish - Grey -> shower-tray
  ✓ model_5671.glb (138 polys)

[3666] Hurley 1500 x 500 Towel Rail Chrome -> towel-rail
  ✓ model_3666.glb (408 polys)

[3667] Addington 1800 x 366 Radiator Type10 Gloss White -> radiator
  ✓ model_3667.glb (286 polys)

[3668] Rion Multirail 800 x 600 Gloss White -> towel-rail
  ✓ model_3668.glb (408 polys)

[3670] Tuscan Square Multirail 1200 x 500 Matt Anthracite -> towel-rail
  ✓ model_3670.glb (408 polys)

[3672] Hurley 1000 x 500 Towel Rail Matt White -> towel-rail
  ✓ model_3672.glb (408 polys)

[3674] Lambourne 1800 x 420 Radiator Matt Anthracite -> radiator
  ✓ model_3674.glb (286 polys)

[3677] Addington 1800 x 440 Radiator Type20 Matt Anthracite -> radiator
  ✓ model_3677.glb (286 polys)

[3679] Addington 1800 x 292 Radiator Type10 Gloss White -> radiator
  ✓ model_3679.glb (286 polys)

[3681] Rion Multirail 800 x 500 Gloss White -> towel-rail
  ✓ model_3681.glb (408 polys)

[3683] Tuscan Square Multirail 800 x 600 Matt Anthracite -> towel-rail
  ✓ model_3683.glb (408 polys)

[5672] Crossland  1600 x 700mm Rectangular  Shower tray with Slate Finish - Grey -> shower-tray
  ✓ model_5672.glb (138 polys)

[5673] Corsair Anti-Slip 1600 x 800mm 25mm Rectangular Shower Tray - White -> shower-tray
  ✓ model_5673.glb (138 polys)

[5674] Crossland  1200 x 700mm Rectangular Shower Tray with Slate Finish - Black -> shower-tray
  ✓ model_5674.glb (138 polys)

[5675] Crossland  1600 x 700mm Rectangular  Shower tray with Slate Finish - Black -> shower-tray
  ✓ model_5675.glb (138 polys)

[5676] Crossland  1000 x 800mm Rectangular Shower Tray with Slate Finish - White -> shower-tray
  ✓ model_5676.glb (138 polys)

[5677] Crossland  1500 x 900mm Rectangular  Shower Tray with Slate Finish - White -> shower-tray
  ✓ model_5677.glb (138 polys)

[4481] Tunstall 600 x 1179 Radiator Matt Anthracite -> radiator
  ✓ model_4481.glb (286 polys)

[4470] Tunstall 1800 x 630 Radiator Matt White -> radiator
  ✓ model_4470.glb (286 polys)

[4471] Tunstall 1800 x 420 Radiator Chrome -> radiator
  ✓ model_4471.glb (286 polys)

[4472] Tunstall 1800 x 420 Radiator Matt Black -> radiator
  ✓ model_4472.glb (286 polys)

[4473] Tunstall 800 x 500 Towel Rail Matt Anthracite -> towel-rail
  ✓ model_4473.glb (408 polys)

[4474] Tunstall 1800 x 420 Radiator Matt Anthracite -> radiator
  ✓ model_4474.glb (286 polys)

[4475] Tunstall 800 x 500 Towel Rail Matt White -> towel-rail
  ✓ model_4475.glb (408 polys)

[4476] Tunstall 560 x 1000 Towel Rail Chrome -> towel-rail
  ✓ model_4476.glb (408 polys)

[4477] Tunstall 560 x 1000 Towel Rail Matt Black -> towel-rail
  ✓ model_4477.glb (408 polys)

[4478] Tunstall 560 x 1000 Towel Rail Matt Anthracite -> towel-rail
  ✓ model_4478.glb (408 polys)

[4479] Tunstall 560 x 1000 Towel Rail Matt White -> towel-rail
  ✓ model_4479.glb (408 polys)

[4480] Tunstall 600 x 1179 Radiator Matt Black -> radiator
  ✓ model_4480.glb (286 polys)

[4482] Tunstall 600 x 1179 Radiator Matt White -> radiator
  ✓ model_4482.glb (286 polys)

[3685] Hurley 1500 x 600 Towel Rail Matt Black -> towel-rail
  ✓ model_3685.glb (408 polys)

[3688] Hurley 1800 x 600 Towel Rail Matt Black -> towel-rail
  ✓ model_3688.glb (408 polys)

[3690] Addington 1400 x 588 Radiator Type10 Gloss White -> radiator
  ✓ model_3690.glb (286 polys)

[3692] Addington 1800 x 366 Radiator Type20 Matt Anthracite -> radiator
  ✓ model_3692.glb (286 polys)

[3695] Lambourne 1800 x 540 Radiator Matt White -> radiator
  ✓ model_3695.glb (286 polys)

[3697] Tuscan Square Multirail 1800 x 600 Chrome -> towel-rail
  ✓ model_3697.glb (408 polys)

[3699] Hurley 1500 x 500 Towel Rail Matt Black -> towel-rail
  ✓ model_3699.glb (408 polys)

[3702] Tuscan Square Multirail 800 x 500 Matt Anthracite -> towel-rail
  ✓ model_3702.glb (408 polys)

[3704] Addington 1400 x 514 Radiator Type10 Gloss White -> radiator
  ✓ model_3704.glb (286 polys)

[3707] Hurley 1800 x 500 Towel Rail Matt Black -> towel-rail
  ✓ model_3707.glb (408 polys)

[3709] Lambourne 1800 x 420 Radiator Matt White -> radiator
  ✓ model_3709.glb (286 polys)

[3711] Addington 1200 x 588 Radiator Type10 Gloss White -> radiator
  ✓ model_3711.glb (286 polys)

[3713] Tuscan Square Multirail 1800 x 600 Gloss White -> towel-rail
  ✓ model_3713.glb (408 polys)

[3716] Hurley 1500 x 600 Towel Rail Matt Anthracite -> towel-rail
  ✓ model_3716.glb (408 polys)

[3718] Addington 1800 x 514 Radiator Type20 Gloss White -> radiator
  ✓ model_3718.glb (286 polys)

[3721] Tuscan Square Multirail 1800 x 500 Chrome -> towel-rail
  ✓ model_3721.glb (408 polys)

[3723] Hurley 1200 x 600 Towel Rail Matt Black -> towel-rail
  ✓ model_3723.glb (408 polys)

[3725] Hurley 1500 x 500 Towel Rail Matt Anthracite -> towel-rail
  ✓ model_3725.glb (408 polys)

[5678] Corsair Anti-Slip 1500 x 800mm 25mm Rectangular Shower Tray - White -> shower-tray
  ✓ model_5678.glb (138 polys)

[5679] Crossland  1000 x 800mm Rectangular Shower Tray with Slate Finish - Grey -> shower-tray
  ✓ model_5679.glb (138 polys)

[5680] Crossland  1500 x 900mm Rectangular  Shower tray with Slate Finish - Grey -> shower-tray
  ✓ model_5680.glb (138 polys)

[5681] Crossland  1000 x 800mm Rectangular Shower Tray with Slate Finish - Black -> shower-tray
  ✓ model_5681.glb (138 polys)

[5682] Corsair Anti-Slip 1400 x 900mm 25mm Rectangular Shower Tray - White -> shower-tray
  ✓ model_5682.glb (138 polys)

[5683] Crossland  1500 x 900mm Rectangular  Shower tray with Slate Finish - Black -> shower-tray
  ✓ model_5683.glb (138 polys)

[5684] Crossland  900 x 900mm Square  Shower Tray with Slate Finish - White -> shower-tray
  ✓ model_5684.glb (138 polys)

[5685] Corsair 1000x1000mm Quad 25mm Shower Tray - White -> shower-tray
  ✓ model_5685.glb (138 polys)

[5686] Crossland  1500 x 800mm Rectangular  Shower Tray with Slate Finish - White -> shower-tray
  ✓ model_5686.glb (138 polys)

[5687] Corsair Anti-Slip 1400 x 800mm 25mm Rectangular Shower Tray - White -> shower-tray
  ✓ model_5687.glb (138 polys)

[5688] Crossland  900 x 900mm Square  Shower Tray with Slate Finish - Grey -> shower-tray
  ✓ model_5688.glb (138 polys)

[5689] Crossland  1500 x 800mm Rectangular  Shower Tray with Slate Finish - Grey -> shower-tray
  ✓ model_5689.glb (138 polys)

[3727] Tuscan Square Multirail 1800 x 500 Gloss White -> towel-rail
  ✓ model_3727.glb (408 polys)

[3730] Rion Multirail 1800 x 600 Chrome -> towel-rail
  ✓ model_3730.glb (408 polys)

[3732] Addington 1200 x 514 Radiator Type10 Gloss White -> radiator
  ✓ model_3732.glb (286 polys)

[3735] Hurley 1200 x 500 Towel Rail Matt Black -> towel-rail
  ✓ model_3735.glb (408 polys)

[3737] Tuscan Square Multirail 1200 x 600 Chrome -> towel-rail
  ✓ model_3737.glb (408 polys)

[3739] Addington 1000 x 588 Radiator Type10 Gloss White -> radiator
  ✓ model_3739.glb (286 polys)

[3740] Hurley 1500 x 600 Towel Rail Matt Cappuccino -> towel-rail
  ✓ model_3740.glb (408 polys)

[3742] Tuscan Square Multirail 1200 x 600 Gloss White -> towel-rail
  ✓ model_3742.glb (408 polys)

[5690] Corsair 1000 x 800mm 25mm Rectangular Shower Tray - White -> shower-tray
  ✓ model_5690.glb (138 polys)

[3744] Addington 1800 x 366 Radiator Type20 Gloss White -> radiator
  ✓ model_3744.glb (286 polys)

[3745] Rion Multirail 1800 x 500 Chrome -> towel-rail
  ✓ model_3745.glb (408 polys)

[3747] Tuscan Square Multirail 1200 x 500 Chrome -> towel-rail
  ✓ model_3747.glb (408 polys)

[3748] Hurley 800 x 600 Towel Rail Matt Black -> towel-rail
  ✓ model_3748.glb (408 polys)

[3750] Rion Multirail 1200 x 600 Chrome -> towel-rail
  ✓ model_3750.glb (408 polys)

[3752] Hurley 1500 x 500 Towel Rail Matt Cappuccino -> towel-rail
  ✓ model_3752.glb (408 polys)

[4346] Sandhurst 600 x 835 Aluminium Radiator Matt White -> radiator
  ✓ model_4346.glb (286 polys)

[4343] Hadleigh 1800 x 275 Aluminium Radiator Matt White -> radiator
  ✓ model_4343.glb (286 polys)

[4344] Peretti Stainless Steel Towel Hanger 280mm Mirror Polished -> shelf
  ✓ model_4344.glb (18 polys)

[4345] Peretti 1800 x 565 Aluminium Radiator Matt White -> radiator
  ✓ model_4345.glb (286 polys)

[4347] Rosano Stainless Steel Towel Hanger 470mm Mirror Polished -> shelf
  ✓ model_4347.glb (18 polys)

[5691] Crossland  900 x 900mm Square  Shower Tray with Slate Finish - Black -> shower-tray
  ✓ model_5691.glb (138 polys)

[5692] Crossland  1500 x 800mm Rectangular  Shower Tray with Slate Finish - Black -> shower-tray
  ✓ model_5692.glb (138 polys)

[5693] Corsair 1000 x 760mm 25mm Rectangular Shower Tray White -> shower-tray
  ✓ model_5693.glb (138 polys)

[5694] Corsair Anti-Slip 1200 x 900mm 25mm Rectangular Shower Tray - White -> shower-tray
  ✓ model_5694.glb (138 polys)

[5695] Corsair 900 x 800mm 25mm Rectangular Shower Tray - White -> shower-tray
  ✓ model_5695.glb (138 polys)

[5696] Crossland  800 x 800mm Square  Shower Tray with Slate Finish - White -> shower-tray
  ✓ model_5696.glb (138 polys)

[5697] Corsair Anti-Slip 1200 x 800mm 25mm Rectangular Shower Tray - White -> shower-tray
  ✓ model_5697.glb (138 polys)

[5698] Crossland  1400 x 900mm Rectangular  Shower Tray with Slate Finish - White -> shower-tray
  ✓ model_5698.glb (138 polys)

[5699] Corsair Anit-Slip 1200 x 760mm 25mm Rectangular Shower Tray - White -> shower-tray
  ✓ model_5699.glb (138 polys)

[5700] Crossland  800 x 800mm Square  Shower Tray with Slate Finish - Grey -> shower-tray
  ✓ model_5700.glb (138 polys)

[5701] Corsair 900 x 760mm 25mm Rectangular Shower Tray - White -> shower-tray
  ✓ model_5701.glb (138 polys)

[5702] Crossland  1400 x 900mm Rectangular  Shower Tray with Slate Finish - Grey -> shower-tray
  ✓ model_5702.glb (138 polys)

[5703] Crossland  800 x 800mm Square  Shower Tray with Slate Finish  - Black -> shower-tray
  ✓ model_5703.glb (138 polys)

[5704] Corsair Anti-Slip 1200 x 700mm 25mm Rectangular Shower Tray - White -> shower-tray
  ✓ model_5704.glb (138 polys)

[5705] Crossland  1400 x 900mm Rectangular  Shower Tray with Slate Finish - Black -> shower-tray
  ✓ model_5705.glb (138 polys)

[5706] Corsair Anti-Slip 1200 x 900mm Offset Quad Right Hand (RH) 25mm Shower Tray - White -> shower-tray
  ✓ model_5706.glb (138 polys)

[5707] Corsair Anti-Slip 1100 x 900mm 25mm Rectangular Shower Tray - White -> shower-tray
  ✓ model_5707.glb (138 polys)

[5708] Crossland 1400 x 800mm Rectangular  Shower Tray with Slate Finish - White -> shower-tray
  ✓ model_5708.glb (138 polys)

[5709] Corsair Anti-Slip 1200 x 900mm Offset Quad Left Hand (LH) 25mm Shower Tray - White -> shower-tray
  ✓ model_5709.glb (138 polys)

[5710] Corsair Anti-Slip 1100 x 800mm 25mm Rectangular Shower Tray - White -> shower-tray
  ✓ model_5710.glb (138 polys)

[5711] Crossland  1400 x 800mm Rectangular  Shower Tray with Slate Finish - Grey -> shower-tray
  ✓ model_5711.glb (138 polys)

[5712] Corsair Anti-Slip 1000 x 900mm 25mm Rectangular Shower Tray - White -> shower-tray
  ✓ model_5712.glb (138 polys)

[5713] Corsair Anti-Slip 1200 x 800mm Offset Quad Right Hand (RH) 25mm Shower Tray - White -> shower-tray
  ✓ model_5713.glb (138 polys)

[5714] Crossland  1400 x 800mm Rectangular  Shower Tray with Slate Finish - Black -> shower-tray
  ✓ model_5714.glb (138 polys)

[5715] Corsair Anti-Slip 1000 x 800mm 25mm Rectangular Shower Tray - White -> shower-tray
  ✓ model_5715.glb (138 polys)

[5716] Corsair Anti-Slip 1200 x 800mm Offset Quad Left Hand (LH) 25mm Shower Tray - White -> shower-tray
  ✓ model_5716.glb (138 polys)

[5717] Crossland  1400 x 700mm Rectangular  Shower Tray with Slate Finish - White -> shower-tray
  ✓ model_5717.glb (138 polys)

[5718] Corsair Anti-Slip 900 x 800mm 25mm Rectangular Shower Tray - White -> shower-tray
  ✓ model_5718.glb (138 polys)

[5719] Corsair Anti-Slip 1100 x 800mm Offset Quad Right Hand (RH) 25mm Shower Tray - White -> shower-tray
  ✓ model_5719.glb (138 polys)

[5720] Corsair Anti-Slip 900 x 760mm 25mm Rectangular Shower Tray - White -> shower-tray
  ✓ model_5720.glb (138 polys)

[5721] Crossland  1400 x 700mm Rectangular  Shower Tray with Slate Finish - Grey -> shower-tray
  ✓ model_5721.glb (138 polys)

[5722] Corsair Anti-Slip 1100 x 800mm Offset Quad Left Hand (LH) 25mm Shower Tray - White -> shower-tray
  ✓ model_5722.glb (138 polys)

[5723] Corsair Anti-Slip 1000 x 1000mm Square 25mm Shower Tray - White -> shower-tray
  ✓ model_5723.glb (138 polys)

[5724] Crossland  1400 x 700mm Rectangular  Shower Tray with Slate Finish - Black -> shower-tray
  ✓ model_5724.glb (138 polys)

[5725] Corsair Anti-Slip 1000x1000mm Quad 25mm Shower Tray - White -> shower-tray
  ✓ model_5725.glb (138 polys)

[5726] Crossland  1200 x 900mm Rectangular  Shower Tray with Slate Finish - White -> shower-tray
  ✓ model_5726.glb (138 polys)

[5727] Corsair Anti-Slip 900x900mm Quad 25mm Shower Tray - White -> shower-tray
  ✓ model_5727.glb (138 polys)

[5728] Crossland  1200 x 900mm Rectangular  Shower Tray with Slate Finish - Grey -> shower-tray
  ✓ model_5728.glb (138 polys)

[5729] Corsair Anti-Slip 800x800mm Quad 25mm Shower Tray - White -> shower-tray
  ✓ model_5729.glb (138 polys)

[5730] Crossland  1600 x 800mm Rectangular Shower tray with Slate Finish - Grey -> shower-tray
  ✓ model_5730.glb (138 polys)

[3754] Addington 1800 x 588 Radiator Type10 Matt Anthracite -> radiator
  ✓ model_3754.glb (286 polys)

[5731] Crossland  1200 x 900mm Rectangular  Shower Tray with Slate Finish - Black -> shower-tray
  ✓ model_5731.glb (138 polys)

[5732] Corsair Anti-Slip 1700 x 900mm 25mm Rectangular Shower Tray - White -> shower-tray
  ✓ model_5732.glb (138 polys)

[5733] Crossland  1200 x 800mm Rectangular Shower Tray with Slate Finish - White -> shower-tray
  ✓ model_5733.glb (138 polys)

[5734] Crossland  1200 x 800mm Rectangular Shower Tray with Slate Finish - Grey -> shower-tray
  ✓ model_5734.glb (138 polys)

[5735] Corsair Anti-Slip 1700 x 800mm 25mm Rectangular Shower Tray - White -> shower-tray
  ✓ model_5735.glb (138 polys)

[5736] Crossland  1200 x 800mm Rectangular Shower Tray with Slate Finish - Black -> shower-tray
  ✓ model_5736.glb (138 polys)

[5737] Corsair Anti-Slip 1700 x 700mm 25mm Rectangular Shower Tray - White -> shower-tray
  ✓ model_5737.glb (138 polys)

[5738] Crossland  1200 x 700mm Rectangular Shower Tray with Slate Finish - White -> shower-tray
  ✓ model_5738.glb (138 polys)

[5739] Keynsham Type 22 Panel Radiator 600 x 1200 with Flat Designer Cover Gloss White -> radiator
  ✓ model_5739.glb (286 polys)

[5740] Keynsham Type 22 Panel Radiator 600 x 1000 with Flat Designer Cover Gloss White -> radiator
  ✓ model_5740.glb (286 polys)

[5741] Keynsham Type 22 Panel Radiator 600 x 800 with Flat Designer Cover Gloss White -> radiator
  ✓ model_5741.glb (286 polys)

[5742] Keynsham Type 22 Panel Radiator 600 x 600 with Flat Designer Cover Gloss White -> radiator
  ✓ model_5742.glb (286 polys)

[5743] Keynsham Type 22 Panel Radiator 600 x 500 with Flat Designer Cover Gloss White -> radiator
  ✓ model_5743.glb (286 polys)

[5744] Keynsham Type 22 Panel Radiator 600 x 400 with Flat Designer Cover Gloss White -> radiator
  ✓ model_5744.glb (286 polys)

[5745] Keynsham Type 22 Panel Radiator 600 x 400 with Lined Designer Cover Matt Anthracite -> radiator
  ✓ model_5745.glb (286 polys)

[5746] Keynsham Type 22 Panel Radiator 600 x 1200 with Lined Designer Cover Gloss White -> radiator
  ✓ model_5746.glb (286 polys)

[5747] Keynsham Type 22 Panel Radiator 600 x 1000 with Lined Designer Cover Gloss White -> radiator
  ✓ model_5747.glb (286 polys)

[5748] Keynsham Type 22 Panel Radiator 600 x 800 with Lined Designer Cover Gloss White -> radiator
  ✓ model_5748.glb (286 polys)

[5749] Keynsham Type 22 Panel Radiator 600 x 600 with Lined Designer Cover Gloss White -> radiator
  ✓ model_5749.glb (286 polys)

[5750] Keynsham Type 22 Panel Radiator 600 x 500 with Lined Designer Cover Gloss White -> radiator
  ✓ model_5750.glb (286 polys)

[5751] Keynsham Type 22 Panel Radiator 600 x 400 with Lined Designer Cover Gloss White -> radiator
  ✓ model_5751.glb (286 polys)

[5752] Keynsham Type 22 Panel Radiator 600 x 1200 with Flat Designer Cover Matt Black -> radiator
  ✓ model_5752.glb (286 polys)

[3756] Tuscan Square Multirail 1200 x 500 Gloss White -> towel-rail
  ✓ model_3756.glb (408 polys)

[5753] Keynsham Type 22 Panel Radiator 600 x 1000 with Flat Designer Cover Matt Black -> radiator
  ✓ model_5753.glb (286 polys)

[5754] Wendover Straight Multirail 1200 x 500 Black Gold -> towel-rail
  ✓ model_5754.glb (408 polys)

[5755] Keynsham Type 22 Panel Radiator 600 x 800 with Flat Designer Cover Matt Black -> radiator
  ✓ model_5755.glb (286 polys)

[5756] Wendover Straight Multirail 1200 x 400 Black Gold -> towel-rail
  ✓ model_5756.glb (408 polys)

[5757] Keynsham Type 22 Panel Radiator 600 x 600 with Flat Designer Cover Matt Black -> radiator
  ✓ model_5757.glb (286 polys)

[5758] Wendover Straight Multirail 800 x 600 Black Gold -> towel-rail
  ✓ model_5758.glb (408 polys)

[5759] Keynsham Type 22 Panel Radiator 600 x 400 with Flat Designer Cover Matt Black -> radiator
  ✓ model_5759.glb (286 polys)

[5760] Wendover Straight Multirail 800 x 500 Black Gold -> towel-rail
  ✓ model_5760.glb (408 polys)

[5761] Keynsham Type 22 Panel Radiator 600 x 1200 with Flat Designer Cover Matt Anthracite -> radiator
  ✓ model_5761.glb (286 polys)

[3757] Tuscan Square Multirail 800 x 600 Chrome -> towel-rail
  ✓ model_3757.glb (408 polys)

[5762] Wendover Straight Multirail 800 x 400 Black Gold -> towel-rail
  ✓ model_5762.glb (408 polys)

[5763] Keynsham Type 22 Panel Radiator 600 x 1000 with Flat Designer Cover Matt Anthracite -> radiator
  ✓ model_5763.glb (286 polys)

[5764] Keynsham Type 22 Panel Radiator 600 x 1200 with Lined Designer Cover Matt Black -> radiator
  ✓ model_5764.glb (286 polys)

[5765] Keynsham Type 22 Panel Radiator 600 x 800 with Flat Designer Cover Matt Anthracite -> radiator
  ✓ model_5765.glb (286 polys)

[5766] Keynsham Type 22 Panel Radiator 600 x 600 with Flat Designer Cover Matt Anthracite -> radiator
  ✓ model_5766.glb (286 polys)

[5767] Keynsham Type 22 Panel Radiator 600 x 400 with Flat Designer Cover Matt Anthracite -> radiator
  ✓ model_5767.glb (286 polys)

[5768] Keynsham Type 22 Panel Radiator 600 x 1000 with Lined Designer Cover Matt Black -> radiator
  ✓ model_5768.glb (286 polys)

[5769] Keynsham Type 22 Panel Radiator 600 x 800 with Lined Designer Cover Matt Black -> radiator
  ✓ model_5769.glb (286 polys)

[5770] Keynsham Type 22 Panel Radiator 600 x 600 with Lined Designer Cover Matt Black -> radiator
  ✓ model_5770.glb (286 polys)

[5771] Keynsham Type 22 Panel Radiator 600 x 400 with Lined Designer Cover Matt Black -> radiator
  ✓ model_5771.glb (286 polys)

[5772] Keynsham Type 22 Panel Radiator 600 x 1200 with Lined Designer Cover Matt Anthracite -> radiator
  ✓ model_5772.glb (286 polys)

[5773] Wendover Straight Multirail 1800 x 400 Brushed Gunmetal -> towel-rail
  ✓ model_5773.glb (408 polys)

[3758] Hurley 800 x 500 Towel Rail Matt Black -> towel-rail
  ✓ model_3758.glb (408 polys)

[5774] Keynsham Type 22 Panel Radiator 600 x 1000 with Lined Designer Cover Matt Anthracite -> radiator
  ✓ model_5774.glb (286 polys)

[5775] Wendover Straight Multirail 1200 x 600 Brushed Gunmetal -> towel-rail
  ✓ model_5775.glb (408 polys)

[5776] Keynsham Type 22 Panel Radiator 600 x 800 with Lined Designer Cover Matt Anthracite -> radiator
  ✓ model_5776.glb (286 polys)

[5777] Keynsham Type 22 Panel Radiator 600 x 600 with Lined Designer Cover Matt Anthracite -> radiator
  ✓ model_5777.glb (286 polys)

[5778] Wendover Straight Multirail 1200 x 500 Brushed Gunmetal -> towel-rail
  ✓ model_5778.glb (408 polys)

[5779] Wendover Straight Multirail 1200 x 400 Brushed Gunmetal -> towel-rail
  ✓ model_5779.glb (408 polys)

[5780] Wendover Straight Multirail 800 x 600 Brushed Gunmetal -> towel-rail
  ✓ model_5780.glb (408 polys)

[3759] Rion Multirail 1200 x 500 Chrome -> towel-rail
  ✓ model_3759.glb (408 polys)

[5781] Wendover Straight Multirail 800 x 500 Brushed Gunmetal -> towel-rail
  ✓ model_5781.glb (408 polys)

[5782] Wendover Straight Multirail 800 x 400 Brushed Gunmetal -> towel-rail
  ✓ model_5782.glb (408 polys)

[5783] Wendover Straight Multirail 1800 x 600 - Black Gold -> towel-rail
  ✓ model_5783.glb (408 polys)

[3761] Addington 1800 x 514 Radiator Type10 Matt Anthracite -> radiator
  ✓ model_3761.glb (286 polys)

[3763] Tuscan Square Multirail 800 x 500 Chrome -> towel-rail
  ✓ model_3763.glb (408 polys)

[3765] Hurley 1500 x 600 Towel Rail Matt Grey -> towel-rail
  ✓ model_3765.glb (408 polys)

[3767] Tuscan Square Multirail 800 x 600 Gloss White -> towel-rail
  ✓ model_3767.glb (408 polys)

[3769] Lambourne 1200 x 540 Radiator Chrome -> radiator
  ✓ model_3769.glb (286 polys)

[3771] Rion Multirail 800 x 600 Chrome -> towel-rail
  ✓ model_3771.glb (408 polys)

[5784] Wendover Straight Multirail 1800 x 500 Black Gold -> towel-rail
  ✓ model_5784.glb (408 polys)

[3773] Hurley 1500 x 500 Towel Rail Matt Grey -> towel-rail
  ✓ model_3773.glb (408 polys)

[3775] Tuscan Square Multirail 1800 x 600 Matt Black -> towel-rail
  ✓ model_3775.glb (408 polys)

[3777] Lambourne 1200 x 420 Radiator Chrome -> radiator
  ✓ model_3777.glb (286 polys)

[3779] Rion Multirail 800 x 500 Chrome -> towel-rail
  ✓ model_3779.glb (408 polys)

[3781] Tuscan Square Multirail 1800 x 500 Matt Black -> towel-rail
  ✓ model_3781.glb (408 polys)

[3784] Lambourne 1200 x 540 Radiator Matt Black -> radiator
  ✓ model_3784.glb (286 polys)

[3786] Rion Multirail 1800 x 600 Matt Black -> towel-rail
  ✓ model_3786.glb (408 polys)

[3787] Lambourne 1200 x 420 Radiator Matt Black -> radiator
  ✓ model_3787.glb (286 polys)

[3788] Rion Multirail 1800 x 500 Matt Black -> towel-rail
  ✓ model_3788.glb (408 polys)

[3789] Lambourne 1200 x 540 Radiator Matt Anthracite -> radiator
  ✓ model_3789.glb (286 polys)

[3790] Rion Multirail 1200 x 600 Matt Black -> towel-rail
  ✓ model_3790.glb (408 polys)

[3791] Rion Multirail 1200 x 500 Matt Black -> towel-rail
  ✓ model_3791.glb (408 polys)

[4284] Addington Aluminium 600 x 366 Radiator Type10 Matt Anthracite -> radiator
  ✓ model_4284.glb (286 polys)

[4285] Addington Aluminium 600 x 662 Radiator Type20 Matt Anthracite -> radiator
  ✓ model_4285.glb (286 polys)

[4286] Addington Aluminium 600 x 292 Radiator Type10 Matt Anthracite -> radiator
  ✓ model_4286.glb (286 polys)

[4287] Addington Aluminium 600 x 588 Radiator Type20 Matt Anthracite -> radiator
  ✓ model_4287.glb (286 polys)

[4288] Addington Aluminium 500 x 588 Radiator Type10 Matt Anthracite -> radiator
  ✓ model_4288.glb (286 polys)

[3792] Rion Multirail 800 x 600 Matt Black -> towel-rail
  ✓ model_3792.glb (408 polys)

[3793] Addington 1800 x 440 Radiator Type10 Matt Anthracite -> radiator
  ✓ model_3793.glb (286 polys)

[3794] Addington 1800 x 366 Radiator Type10 Matt Anthracite -> radiator
  ✓ model_3794.glb (286 polys)

[3795] Addington 1800 x 292 Radiator Type10 Matt Anthracite -> radiator
  ✓ model_3795.glb (286 polys)

[3796] Addington 1400 x 588 Radiator Type10 Matt Anthracite -> radiator
  ✓ model_3796.glb (286 polys)

[3797] Addington 1400 x 514 Radiator Type10 Matt Anthracite -> radiator
  ✓ model_3797.glb (286 polys)

[3798] Addington 1200 x 588 Radiator Type10 Matt Anthracite -> radiator
  ✓ model_3798.glb (286 polys)

[3799] Addington 1200 x 514 Radiator Type10 Matt Anthracite -> radiator
  ✓ model_3799.glb (286 polys)

[3800] Addington 1000 x 588 Radiator Type10 Matt Anthracite -> radiator
  ✓ model_3800.glb (286 polys)

[3801] Addington 588 x 1000 Radiator Type21 Matt Anthracite -> radiator
  ✓ model_3801.glb (286 polys)

[3802] Addington 588 x 800 Radiator Type21 Matt Anthracite -> radiator
  ✓ model_3802.glb (286 polys)

[3803] Addington 588 x 600 Radiator Type21 Matt Anthracite -> radiator
  ✓ model_3803.glb (286 polys)

[3804] Addington 1800 x 588 Radiator Type20 Matt Anthracite -> radiator
  ✓ model_3804.glb (286 polys)

[3805] Addington 1800 x 514 Radiator Type20 Matt Anthracite -> radiator
  ✓ model_3805.glb (286 polys)

[3806] Addington 1110 x 500 Towel Rail Type10 Gloss White -> towel-rail
  ✓ model_3806.glb (408 polys)

[3807] Addington 790 x 500 Towel Rail Type10 Gloss White -> towel-rail
  ✓ model_3807.glb (408 polys)

[3808] Addington 1750 x 400 Towel Rail Type10 Gloss White -> towel-rail
  ✓ model_3808.glb (408 polys)

[3809] Addington 1110 x 400 Towel Rail Type10 Gloss White -> towel-rail
  ✓ model_3809.glb (408 polys)

[3810] Addington 790 x 400 Towel Rail Type10 Gloss White -> towel-rail
  ✓ model_3810.glb (408 polys)

[3811] Addington 588 x 1200 Radiator Type22 Matt Anthracite -> radiator
  ✓ model_3811.glb (286 polys)

[3812] Addington 588 x 1000 Radiator Type22 Matt Anthracite -> radiator
  ✓ model_3812.glb (286 polys)

[3813] Addington 588 x 800 Radiator Type22 Matt Anthracite -> radiator
  ✓ model_3813.glb (286 polys)

[3814] Addington 588 x 600 Radiator Type22 Matt Anthracite -> radiator
  ✓ model_3814.glb (286 polys)

[3815] Addington 588 x 1200 Radiator Type22 Gloss White -> radiator
  ✓ model_3815.glb (286 polys)

[3816] Addington 588 x 800 Radiator Type22 Gloss White -> radiator
  ✓ model_3816.glb (286 polys)

[3817] Addington 588 x 600 Radiator Type22 Gloss White -> radiator
  ✓ model_3817.glb (286 polys)

[3818] Addington 588 x 1200 Radiator Type21 Matt Anthracite -> radiator
  ✓ model_3818.glb (286 polys)

[3819] Addington 600 x 292 Radiator Type10 Matt Anthracite -> radiator
  ✓ model_3819.glb (286 polys)

[3820] Addington 1110 x 500 Towel Rail Type10 Matt Anthracite -> towel-rail
  ✓ model_3820.glb (408 polys)

[3821] Addington 600 x 1254 Radiator Type20 Gloss White -> radiator
  ✓ model_3821.glb (286 polys)

[3822] Addington 790 x 500 Towel Rail Type10 Matt Anthracite -> towel-rail
  ✓ model_3822.glb (408 polys)

[3823] Addington 600 x 1180 Radiator Type20 Gloss White -> radiator
  ✓ model_3823.glb (286 polys)

[3824] Addington Flat Style Towel Hanger 514mm Chrome -> shelf
  ✓ model_3824.glb (18 polys)

[3825] Addington 1750 x 400 Towel Rail Type10 Matt Anthracite -> towel-rail
  ✓ model_3825.glb (408 polys)

[3826] Addington 600 x 1032 Radiator Type20 Gloss White -> radiator
  ✓ model_3826.glb (286 polys)

[3827] Addington Flat Style Towel Hanger 440mm Chrome -> shelf
  ✓ model_3827.glb (18 polys)

[3828] Addington 1110 x 400 Towel Rail Type10 Matt Anthracite -> towel-rail
  ✓ model_3828.glb (408 polys)

[3829] Addington Flat Style Towel Hanger 366mm Chrome -> shelf
  ✓ model_3829.glb (18 polys)

[3830] Addington 600 x 810 Radiator Type20 Gloss White -> radiator
  ✓ model_3830.glb (286 polys)

[3831] Addington 790 x 400 Towel Rail Type10 Matt Anthracite -> towel-rail
  ✓ model_3831.glb (408 polys)

[3832] Addington Flat Style Towel Hanger 292mm Chrome -> shelf
  ✓ model_3832.glb (18 polys)

[3833] Addington 600 x 662 Radiator Type20 Gloss White -> radiator
  ✓ model_3833.glb (286 polys)

[3834] Addington 1750 x 600 Towel Rail Type10 Gloss White -> towel-rail
  ✓ model_3834.glb (408 polys)

[3835] Addington Flat Style Towel Hanger 588mm Matt Anthracite -> shelf
  ✓ model_3835.glb (18 polys)

[3836] Addington 600 x 588 Radiator Type20 Gloss White -> radiator
  ✓ model_3836.glb (286 polys)

[3837] Addington 1110 x 600 Towel Rail Type10 Gloss White -> towel-rail
  ✓ model_3837.glb (408 polys)

[3838] Addington Flat Style Towel Hanger 514mm Matt Anthracite -> shelf
  ✓ model_3838.glb (18 polys)

[3839] Addington 600 x 514 Radiator Type20 Gloss White -> radiator
  ✓ model_3839.glb (286 polys)

[3840] Addington Flat Style Towel Hanger 440mm Matt Anthracite -> shelf
  ✓ model_3840.glb (18 polys)

[3841] Addington 790 x 600 Towel Rail Type10 Gloss White -> towel-rail
  ✓ model_3841.glb (408 polys)

[3842] Addington 1750 x 500 Towel Rail Type10 Gloss White -> towel-rail
  ✓ model_3842.glb (408 polys)

[3843] Addington 600 x 366 Radiator Type20 Gloss White -> radiator
  ✓ model_3843.glb (286 polys)

[3844] Addington 600 x 292 Radiator Type20 Gloss White -> radiator
  ✓ model_3844.glb (286 polys)

[3845] Addington 600 x 1254 Radiator Type10 Gloss White -> radiator
  ✓ model_3845.glb (286 polys)

[5333] Stour 1195 x 500 Matt Anthracite -> towel-rail
  ✓ model_5333.glb (408 polys)

[3846] Addington 600 x 1180 Radiator Type10 Gloss White -> radiator
  ✓ model_3846.glb (286 polys)

[3847] Addington 600 x 1032 Radiator Type10 Gloss White -> radiator
  ✓ model_3847.glb (286 polys)

[3848] Addington 600 x 810 Radiator Type10 Gloss White -> radiator
  ✓ model_3848.glb (286 polys)

[3849] Addington Flat Style Towel Hanger 366mm Matt Anthracite -> shelf
  ✓ model_3849.glb (18 polys)

[3850] Addington Flat Style Towel Hanger 292mm Matt Anthracite -> shelf
  ✓ model_3850.glb (18 polys)

[3851] Addington 600 x 662 Radiator Type10 Gloss White -> radiator
  ✓ model_3851.glb (286 polys)

[3852] Addington Flat Style Towel Hanger 588mm Gloss White -> shelf
  ✓ model_3852.glb (18 polys)

[3853] Addington 600 x 440 Radiator Type10 Gloss White -> radiator
  ✓ model_3853.glb (286 polys)

[3854] Addington Flat Style Towel Hanger 514mm Gloss White -> shelf
  ✓ model_3854.glb (18 polys)

[3855] Addington 600 x 366 Radiator Type10 Gloss White -> radiator
  ✓ model_3855.glb (286 polys)

[3856] Addington Flat Style Towel Hanger 440mm Gloss White -> shelf
  ✓ model_3856.glb (18 polys)

[3857] Addington Flat Style Towel Hanger 366mm Gloss White -> shelf
  ✓ model_3857.glb (18 polys)

[3858] Addington 600 x 292 Radiator Type10 Gloss White -> radiator
  ✓ model_3858.glb (286 polys)

[3859] Addington Flat Style Towel Hanger 292mm Gloss White -> shelf
  ✓ model_3859.glb (18 polys)

[3860] Addington 600 x 810 Radiator Type10 Matt Anthracite -> radiator
  ✓ model_3860.glb (286 polys)

[3861] Addington 1750 x 500 Towel Rail Type21 Matt Anthracite Matt Anthracite -> towel-rail
  ✓ model_3861.glb (408 polys)

[3862] Addington 1750 x 600 Towel Rail Type10 Matt Anthracite -> towel-rail
  ✓ model_3862.glb (408 polys)

[3863] Addington 600 x 662 Radiator Type10 Matt Anthracite -> radiator
  ✓ model_3863.glb (286 polys)

[3864] Addington Double Flat Style Towel Hanger 292mm Gloss White -> shelf
  ✓ model_3864.glb (18 polys)

[3865] Addington 1110 x 500 Towel Rail Type21 Matt Anthracite -> towel-rail
  ✓ model_3865.glb (408 polys)

[3866] Addington 1110 x 600 Towel Rail Type10 Matt Anthracite -> towel-rail
  ✓ model_3866.glb (408 polys)

[3867] Addington 600 x 440 Radiator Type10 Matt Anthracite -> radiator
  ✓ model_3867.glb (286 polys)

[3868] Universal Flat Style Towel Hanger 850mm Chrome -> shelf
  ✓ model_3868.glb (18 polys)

[3869] Addington 790 x 600 Towel Rail Type10 Matt Anthracite -> towel-rail
  ✓ model_3869.glb (408 polys)

[5334] Stour 1195 x 500 Chrome -> towel-rail
  ✓ model_5334.glb (408 polys)

[5335] Stour 690 x 600 Matt Anthracite -> towel-rail
  ✓ model_5335.glb (408 polys)

[5336] Stour 690 x 500 Chrome -> towel-rail
  ✓ model_5336.glb (408 polys)

[5337] Stour 690 x 600 Chrome -> towel-rail
  ✓ model_5337.glb (408 polys)

[5338] Stour 1550 x 600 Matt Black -> towel-rail
  ✓ model_5338.glb (408 polys)

[5339] Vantage 2000 8mm Easy Clean 2000mm x 800mm Walk-In Shower Panel with Fluted Glass - Matt Black -> shower-enclosure
  ✓ model_5339.glb (178 polys)

[5340] Vantage 2000 8mm Easy Clean 2000mm x 800mm Walk-In Shower Panel with Fluted Glass - Chrome -> shower-enclosure
  ✓ model_5340.glb (178 polys)

[5341] Vantage 2000 8mm Easy Clean 2000mm x 1100mm Walk-In Shower Panel with Fluted Glass - Brushed Brass -> shower-enclosure
  ✓ model_5341.glb (178 polys)

[5785] Wendover Straight Multirail 1800 x 400 Black Gold -> towel-rail
  ✓ model_5785.glb (408 polys)

[5786] Wendover Straight Multirail 1200 x 600 Black Gold -> towel-rail
  ✓ model_5786.glb (408 polys)

[5787] Wendover Straight Multirail 1800 x 600 Brushed Gunmetal -> towel-rail
  ✓ model_5787.glb (408 polys)

[5788] Wendover Straight Multirail 1800 x 500 Brushed Gunmetal -> towel-rail
  ✓ model_5788.glb (408 polys)

[5789] Crossland  1200 x 900mm Right Hand (RH) Offset Quad Shower Tray with Slate Finish - Grey -> shower-tray
  ✓ model_5789.glb (138 polys)

[5790] Crossland  1200 x 900mm Right Hand (RH) Offset Quad Shower Tray with Slate Finish - Black -> shower-tray
  ✓ model_5790.glb (138 polys)

[5791] Crossland  1200 x 900mm Left Hand (LH) Offset Quad Shower Tray with Slate Finish - White -> shower-tray
  ✓ model_5791.glb (138 polys)

[5792] Crossland  1200 x 900mm Left Hand (LH) Offset Quad Shower Tray with Slate Finish - Grey -> shower-tray
  ✓ model_5792.glb (138 polys)

[5793] Crossland  1200 x 900mm Left Hand (LH) Offset Quad Shower Tray with Slate Finish - Black -> shower-tray
  ✓ model_5793.glb (138 polys)

[5794] Crossland  900x900mm Quad Shower Tray with Slate Finish - White -> shower-tray
  ✓ model_5794.glb (138 polys)

[5795] Crossland  900x900mm Quad Shower Tray with Slate Finish  - Grey -> shower-tray
  ✓ model_5795.glb (138 polys)

[5796] Radcot 1650 x 750 x 590mm (450mm Depth) Right Hand (RH) Bath - White -> bath
  ✓ model_5796.glb (122 polys)

[5797] Crossland  900x900mm Quad Shower Tray with Slate  Finish - Black -> shower-tray
  ✓ model_5797.glb (138 polys)

[5798] Crossland  800x800mm Quad Shower Tray with Slate Finsih - White -> shower-tray
  ✓ model_5798.glb (138 polys)

[5799] Radcot 1650 x 750 x 590mm (450mm Depth) Left Hand (LH) Bath - White -> bath
  ✓ model_5799.glb (122 polys)

[5800] Crossland  800x800mm Quad Shower Tray with Slate Finish  - Grey -> shower-tray
  ✓ model_5800.glb (138 polys)

[5801] Crossland  800x800mm Quad Shower Tray with Slate Finish  - Black -> shower-tray
  ✓ model_5801.glb (138 polys)

[5802] Crossland  1700 x 900mm Rectangular  Shower Tray with Slate Finish - White -> shower-tray
  ✓ model_5802.glb (138 polys)

[5803] Crossland  1700 x 90mm Rectangular Shower tray with Slate Finish - Grey -> shower-tray
  ✓ model_5803.glb (138 polys)

[4289] Addington Aluminium 600 x 514 Radiator Type20 Matt Anthracite -> radiator
  ✓ model_4289.glb (286 polys)

[4290] Addington Aluminium 500 x 514 Radiator Type10 Matt Anthracite -> radiator
  ✓ model_4290.glb (286 polys)

[4291] Addington Aluminium 600 x 440 Radiator Type20 Matt Anthracite -> radiator
  ✓ model_4291.glb (286 polys)

[4292] Addington Aluminium 1800 x 588 Radiator Type10 Gloss White -> radiator
  ✓ model_4292.glb (286 polys)

[3870] Universal Flat Style Towel Hanger 660mm Chrome -> shelf
  ✓ model_3870.glb (18 polys)

[3871] Addington 600 x 366 Radiator Type10 Matt Anthracite -> radiator
  ✓ model_3871.glb (286 polys)

[3872] Universal Flat Style Towel Hanger 470mm Chrome -> shelf
  ✓ model_3872.glb (18 polys)

[3873] Addington 1750 x 500 Towel Rail Type10 Matt Anthracite -> towel-rail
  ✓ model_3873.glb (408 polys)

[3874] Universal Flat Style Towel Hanger 375mm Chrome -> shelf
  ✓ model_3874.glb (18 polys)

[3875] Universal Flat Style Towel Hanger 280mm Chrome -> shelf
  ✓ model_3875.glb (18 polys)

[3876] Addington Flat Style Towel Hanger 588mm Chrome -> shelf
  ✓ model_3876.glb (18 polys)

[3877] Addington Double Flat Style Towel Hanger 366mm Chrome -> shelf
  ✓ model_3877.glb (18 polys)

[3878] Addington Double Flat Style Towel Hanger 292mm Chrome -> shelf
  ✓ model_3878.glb (18 polys)

[3879] Addington Double Flat Style Towel Hanger 588mm Matt Anthracite -> shelf
  ✓ model_3879.glb (18 polys)

[3880] Addington Double Flat Style Towel Hanger 514mm Matt Anthracite -> shelf
  ✓ model_3880.glb (18 polys)

[3881] Addington Double Flat Style Towel Hanger 440mm Matt Anthracite -> shelf
  ✓ model_3881.glb (18 polys)

[3882] Addington Double Flat Style Towel Hanger 366mm Matt Anthracite -> shelf
  ✓ model_3882.glb (18 polys)

[3883] Addington Double Flat Style Towel Hanger 292mm Matt Anthracite -> shelf
  ✓ model_3883.glb (18 polys)

[3884] Addington Double Flat Style Towel Hanger 588mm Gloss White -> shelf
  ✓ model_3884.glb (18 polys)

[3885] Addington Double Flat Style Towel Hanger 514mm Gloss White -> shelf
  ✓ model_3885.glb (18 polys)

[3886] Addington Double Flat Style Towel Hanger 440mm Gloss White -> shelf
  ✓ model_3886.glb (18 polys)

[3887] Addington Double Flat Style Towel Hanger 366mm Gloss White -> shelf
  ✓ model_3887.glb (18 polys)

[3888] Addington 1750 x 500 Towel Rail Type21 Gloss White Gloss White -> towel-rail
  ✓ model_3888.glb (408 polys)

[3889] Addington 1750 x 500 Towel Rail Type20 Matt Anthracite -> towel-rail
  ✓ model_3889.glb (408 polys)

[3890] Addington 1110 x 500 Towel Rail Type20 Matt Anthracite -> towel-rail
  ✓ model_3890.glb (408 polys)

[3891] Addington 1750 x 500 Towel Rail Type20 Gloss White -> towel-rail
  ✓ model_3891.glb (408 polys)

[3892] Addington 1110 x 500 Towel Rail Type20 Gloss White -> towel-rail
  ✓ model_3892.glb (408 polys)

[3893] Universal Double Flat Style Towel Hanger 850mm Chrome -> shelf
  ✓ model_3893.glb (18 polys)

[3894] Universal Double Flat Style Towel Hanger 660mm Chrome -> shelf
  ✓ model_3894.glb (18 polys)

[3895] Universal Double Flat Style Towel Hanger 470mm Chrome -> shelf
  ✓ model_3895.glb (18 polys)

[3896] Universal Double Flat Style Towel Hanger 375mm Chrome -> shelf
  ✓ model_3896.glb (18 polys)

[3897] Universal Double Flat Style Towel Hanger 280mm Chrome -> shelf
  ✓ model_3897.glb (18 polys)

[3898] Addington Double Flat Style Towel Hanger 588mm Chrome -> shelf
  ✓ model_3898.glb (18 polys)

[3899] Addington Double Flat Style Towel Hanger 514mm Chrome -> shelf
  ✓ model_3899.glb (18 polys)

[3900] Addington Double Flat Style Towel Hanger 440mm Chrome -> shelf
  ✓ model_3900.glb (18 polys)

[3901] Tunstall Double 1800 x 420 Radiator Matt Black -> radiator
  ✓ model_3901.glb (286 polys)

[3902] Tunstall Double 1800 x 280 Radiator Matt Black -> radiator
  ✓ model_3902.glb (286 polys)

[3903] Tunstall Double Mirror 1800 x 500 Radiator Matt Anthracite -> radiator
  ✓ model_3903.glb (286 polys)

[3904] Tunstall Double Mirror 1800 x 380 Radiator Matt Anthracite -> radiator
  ✓ model_3904.glb (286 polys)

[3905] Tunstall Double 800 x 600 Towel Rail Matt White -> towel-rail
  ✓ model_3905.glb (408 polys)

[3906] Tunstall Mirror 1800 x 500 Radiator Matt Anthracite -> radiator
  ✓ model_3906.glb (286 polys)

[3907] Tunstall Double 1600 x 500 Towel Rail Matt White -> towel-rail
  ✓ model_3907.glb (408 polys)

[3908] Tunstall Mirror 1800 x 380 Radiator Matt Anthracite -> radiator
  ✓ model_3908.glb (286 polys)

[3909] Tunstall Double 1200 x 500 Towel Rail Matt White -> towel-rail
  ✓ model_3909.glb (408 polys)

[3910] Tunstall Double 560 x 1000 Towel Rail Matt Anthracite -> towel-rail
  ✓ model_3910.glb (408 polys)

[3911] Tunstall Double 800 x 500 Towel Rail Matt White -> towel-rail
  ✓ model_3911.glb (408 polys)

[3912] Tunstall Double 1800 x 630 Radiator Matt White -> radiator
  ✓ model_3912.glb (286 polys)

[3913] Tunstall Double 1600 x 600 Towel Rail Matt Anthracite -> towel-rail
  ✓ model_3913.glb (408 polys)

[4334] Peretti 1800 x 565 Aluminium Radiator Polished Aluminium -> radiator
  ✓ model_4334.glb (286 polys)

[3914] Tunstall Double 1800 x 420 Radiator Matt White -> radiator
  ✓ model_3914.glb (286 polys)

[4362] Guardia 600 x 1230 Aluminium Radiator Matt Grey -> radiator
  ✓ model_4362.glb (286 polys)

[4378] Guardia 600 x 470 Aluminium Radiator Matt Grey -> radiator
  ✓ model_4378.glb (286 polys)

[3915] Tunstall Double 1200 x 600 Towel Rail Matt Anthracite -> towel-rail
  ✓ model_3915.glb (408 polys)

[3916] Tunstall Double 1800 x 280 Radiator Matt White -> radiator
  ✓ model_3916.glb (286 polys)

[3917] Tunstall Double 800 x 600 Towel Rail Matt Anthracite -> towel-rail
  ✓ model_3917.glb (408 polys)

[3918] Tunstall Double 600 x 1179 Radiator Matt White -> radiator
  ✓ model_3918.glb (286 polys)

[3919] Tunstall Double 1600 x 500 Towel Rail Matt Anthracite -> towel-rail
  ✓ model_3919.glb (408 polys)

[3920] Tunstall Double 600 x 1002 Radiator Matt White -> radiator
  ✓ model_3920.glb (286 polys)

[3921] Tunstall Double 1200 x 500 Towel Rail Matt Anthracite -> towel-rail
  ✓ model_3921.glb (408 polys)

[3922] Tunstall Double 600 x 825 Radiator Matt White -> radiator
  ✓ model_3922.glb (286 polys)

[3923] Rubano 600 x 1103mm Radiator Gloss White -> radiator
  ✓ model_3923.glb (286 polys)

[3924] Tunstall Double 600 x 589 Radiator Matt White -> radiator
  ✓ model_3924.glb (286 polys)

[3925] Tunstall Double 800 x 500 Towel Rail Matt Anthracite -> towel-rail
  ✓ model_3925.glb (408 polys)

[3926] Rivassa 3 Column Rad. 600x833mm Matt Anthracite -> radiator
  ✓ model_3926.glb (286 polys)

[3927] Rubano 600 x 803mm Radiator Gloss White -> radiator
  ✓ model_3927.glb (286 polys)

[3928] Rivassa 3 Column Rad. 600x608mm Matt Anthracite -> radiator
  ✓ model_3928.glb (286 polys)

[3929] Tunstall Double 1800 x 630 Radiator Matt Anthracite -> radiator
  ✓ model_3929.glb (286 polys)

[3930] Rubano 600 x 623mm Radiator Gloss White -> radiator
  ✓ model_3930.glb (286 polys)

[3931] Tunstall Double 1800 x 420 Radiator Matt Anthracite -> radiator
  ✓ model_3931.glb (286 polys)

[3932] Rivassa 3 Column Rad. 300x1373mm Matt Anthracite -> radiator
  ✓ model_3932.glb (286 polys)

[3933] Rivassa 3 Column Radiator 1800 x 473mm Chrome Effect -> radiator
  ✓ model_3933.glb (286 polys)

[3934] Rubano 600 x 383mm Radiator Gloss White -> radiator
  ✓ model_3934.glb (286 polys)

[3935] Tunstall Double 1800 x 280 Radiator Matt Anthracite -> radiator
  ✓ model_3935.glb (286 polys)

[3936] Rivassa 3 Column Radiator 600 x 1148mm Chrome Effect -> radiator
  ✓ model_3936.glb (286 polys)

[3937] Rivassa 3 Column Rad. 300x1148mm Matt Anthracite -> radiator
  ✓ model_3937.glb (286 polys)

[3938] Rivassa 3 Column Radiator 600 x 563mm Matt Anthracite -> radiator
  ✓ model_3938.glb (286 polys)

[4379] Guardia Towel Hanger 375mm Matt Black -> shelf
  ✓ model_4379.glb (18 polys)

[3939] Rivassa 3 Column Radiator 600 x 1010mm Chrome Effect -> radiator
  ✓ model_3939.glb (286 polys)

[3940] Tunstall Double 600 x 1179 Radiator Matt Anthracite -> radiator
  ✓ model_3940.glb (286 polys)

[3941] Rivassa 3 Column Rad. 1800x473mm Matt Anthracite -> radiator
  ✓ model_3941.glb (286 polys)

[3942] Rivassa 3 Column Radiator 600 x 518mm Matt Anthracite -> radiator
  ✓ model_3942.glb (286 polys)

[3943] Rivassa 3 Column Radiator 600 x 833mm Chrome Effect -> radiator
  ✓ model_3943.glb (286 polys)

[3944] Tunstall Double 600 x 1002 Radiator Matt Anthracite -> radiator
  ✓ model_3944.glb (286 polys)

[3945] Rivassa 3 Column Radiator 600 x 608mm Chrome Effect -> radiator
  ✓ model_3945.glb (286 polys)

[3946] Rivassa 3 Column Rad. 1800x383mm Matt Anthracite -> radiator
  ✓ model_3946.glb (286 polys)

[3947] Tunstall Double 600 x 825 Radiator Matt Anthracite -> radiator
  ✓ model_3947.glb (286 polys)

[3948] Rivassa 3 Column Radiator 600 x 473mm Matt Anthracite -> radiator
  ✓ model_3948.glb (286 polys)

[3949] Tunstall Double 600 x 589 Radiator Matt Anthracite -> radiator
  ✓ model_3949.glb (286 polys)

[3950] Rivassa 3 Column Rad. 1800x293mm Matt Anthracite -> radiator
  ✓ model_3950.glb (286 polys)

[3951] Rivassa 3 Column Radiator 600 x 428mm Matt Anthracite -> radiator
  ✓ model_3951.glb (286 polys)

[3952] Tunstall Double Mirror 1800 x 500 Radiator Matt White -> radiator
  ✓ model_3952.glb (286 polys)

[3953] Rivassa 2 Column Radiator 1800 x 473mm Chrome Effect -> radiator
  ✓ model_3953.glb (286 polys)

[3954] Tunstall Double Mirror 1800 x 380 Radiator Matt White -> radiator
  ✓ model_3954.glb (286 polys)

[3955] Rivassa 2 Column Rad. 600x1148mm Matt Anthracite -> radiator
  ✓ model_3955.glb (286 polys)

[3956] Rivassa 2 Column Radiator 600 x 563mm Matt Anthracite -> radiator
  ✓ model_3956.glb (286 polys)

[3957] Rivassa 2 Column Radiator 600 x 1148mm Chrome Effect -> radiator
  ✓ model_3957.glb (286 polys)

[3958] Tunstall Mirror 1800 x 500 Radiator Matt White -> radiator
  ✓ model_3958.glb (286 polys)

[3959] Rivassa 2 Column Radiator 600 x 518mm Matt Anthracite -> radiator
  ✓ model_3959.glb (286 polys)

[3960] Rivassa 2 Column Rad. 600x833mm Matt Anthracite -> radiator
  ✓ model_3960.glb (286 polys)

[3961] Tunstall Mirror 1800 x 380 Radiator Matt White -> radiator
  ✓ model_3961.glb (286 polys)

[3962] Rivassa 2 Column Radiator 600 x 473mm Matt Anthracite -> radiator
  ✓ model_3962.glb (286 polys)

[3963] Rivassa 2 Column Rad. 600x608mm Matt Anthracite -> radiator
  ✓ model_3963.glb (286 polys)

[3964] Tunstall Double 560 x 1000 Towel Rail Matt White -> towel-rail
  ✓ model_3964.glb (408 polys)

[3965] Rivassa 2 Column Radiator 600 x 428mm Matt Anthracite -> radiator
  ✓ model_3965.glb (286 polys)

[3966] Rivassa 2 Column Rad. 300x1373mm Matt Anthracite -> radiator
  ✓ model_3966.glb (286 polys)

[3967] Rivassa 4 Column Radiator 600 x 1190mm Matt Anthracite -> radiator
  ✓ model_3967.glb (286 polys)

[3968] Tunstall Double 1800 x 630 Radiator Matt Black -> radiator
  ✓ model_3968.glb (286 polys)

[3969] Tunstall Double 1600 x 600 Towel Rail Matt White -> towel-rail
  ✓ model_3969.glb (408 polys)

[3970] Rivassa 3 Column Radiator 600 x 563mm Gloss White -> radiator
  ✓ model_3970.glb (286 polys)

[3971] Rivassa 2 Column Rad. 300x1148mm Matt Anthracite -> radiator
  ✓ model_3971.glb (286 polys)

[3972] Rivassa 4 Column Radiator 600 x 1010mm Matt Anthracite -> radiator
  ✓ model_3972.glb (286 polys)

[3973] Tunstall Double 1200 x 600 Towel Rail Matt White -> towel-rail
  ✓ model_3973.glb (408 polys)

[3974] Rivassa 3 Column Radiator 600 x 518mm Gloss White -> radiator
  ✓ model_3974.glb (286 polys)

[3975] Rivassa 2 Column Rad. 1800x473mm Matt Anthracite -> radiator
  ✓ model_3975.glb (286 polys)

[3976] Rivassa 4 Column Radiator 600 x 785mm Matt Anthracite -> radiator
  ✓ model_3976.glb (286 polys)

[3977] Rivassa 2 Column Rad. 1800x383mm Matt Anthracite -> radiator
  ✓ model_3977.glb (286 polys)

[3978] Rivassa 3 Column Radiator 600 x 473mm Gloss White -> radiator
  ✓ model_3978.glb (286 polys)

[3979] Rivassa 2 Column Rad. 1800x293mm Matt Anthracite -> radiator
  ✓ model_3979.glb (286 polys)

[3980] Rivassa 3 Column Radiator 600 x 428mm Gloss White -> radiator
  ✓ model_3980.glb (286 polys)

[3981] Rivassa 3 Column Radiator 600 x 1148mm Gloss White -> radiator
  ✓ model_3981.glb (286 polys)

[3982] Rivassa 2 Column Radiator 600 x 563mm Gloss White -> radiator
  ✓ model_3982.glb (286 polys)

[3983] Rivassa 2 Column Radiator 600 x 518mm Gloss White -> radiator
  ✓ model_3983.glb (286 polys)

[3984] Rivassa 3 Column Radiator 600 x 833mm Gloss White -> radiator
  ✓ model_3984.glb (286 polys)

[3985] Rivassa 2 Column Radiator 600 x 473mm Gloss White -> radiator
  ✓ model_3985.glb (286 polys)

[3986] Rivassa 3 Column Radiator 600 x 608mm Gloss White -> radiator
  ✓ model_3986.glb (286 polys)

[3987] Rivassa 2 Column Radiator 600 x 428mm Gloss White -> radiator
  ✓ model_3987.glb (286 polys)

[3988] Rivassa 3 Column Radiator 300 x 1373mm Gloss White -> radiator
  ✓ model_3988.glb (286 polys)

[3989] Rivassa 3 Column Radiator 300 x 1148mm Gloss White -> radiator
  ✓ model_3989.glb (286 polys)

[3990] Rivassa 3 Column Radiator 1800 x 473mm Gloss White -> radiator
  ✓ model_3990.glb (286 polys)

[3991] Rivassa 3 Column Radiator 1800 x 383mm Gloss White -> radiator
  ✓ model_3991.glb (286 polys)

[3992] Rivassa 3 Column Rad. 600x1148mm Matt Anthracite -> radiator
  ✓ model_3992.glb (286 polys)

[3993] Rubano 600 x 383mm Radiator Matt Anthracite -> radiator
  ✓ model_3993.glb (286 polys)

[3994] Rubano 1800 x 503mm Radiator Gloss White -> radiator
  ✓ model_3994.glb (286 polys)

[3995] Rubano 1800 x 383mm Radiator Gloss White -> radiator
  ✓ model_3995.glb (286 polys)

[3996] Rivassa 3 Column Radiator 1800 x 383mm Bronze Effect -> radiator
  ✓ model_3996.glb (286 polys)

[3997] Rivassa 3 Column Radiator 1800 x 473mm Bronze Effect -> radiator
  ✓ model_3997.glb (286 polys)

[3998] Rivassa 3 Column Radiator 600 x 1148mm Bronze Effect -> radiator
  ✓ model_3998.glb (286 polys)

[3999] Rivassa 3 Column Radiator 600 x 1010mm Bronze Effect -> radiator
  ✓ model_3999.glb (286 polys)

[4000] Rivassa 3 Column Radiator 600 x 833mm Bronze Effect -> radiator
  ✓ model_4000.glb (286 polys)

[4001] Rivassa 3 Column Radiator 600 x 608mm Bronze Effect -> radiator
  ✓ model_4001.glb (286 polys)

[4002] Rivassa 4 Column Radiator 300 x 1373mm Matt Anthracite -> radiator
  ✓ model_4002.glb (286 polys)

[4003] Rivassa 4 Column Radiator 300 x 1010mm Matt Anthracite -> radiator
  ✓ model_4003.glb (286 polys)

[4004] Rivassa 2 Column Radiator 1800 x 383mm Bronze Effect -> radiator
  ✓ model_4004.glb (286 polys)

[4005] Rivassa 3 Column Radiator 600 x 1460mm Gloss White -> radiator
  ✓ model_4005.glb (286 polys)

[4006] Rivassa 2 Column Radiator 1800 x 473mm Bronze Effect -> radiator
  ✓ model_4006.glb (286 polys)

[4007] Rivassa 2 Column Radiator 600 x 608mm Gloss White -> radiator
  ✓ model_4007.glb (286 polys)

[4008] Rivassa 3 Column Radiator 600 x 1010mm Gloss White -> radiator
  ✓ model_4008.glb (286 polys)

[4009] Rivassa 2 Column Radiator 600 x 1148mm Bronze Effect -> radiator
  ✓ model_4009.glb (286 polys)

[4010] Rivassa 2 Column Radiator 300 x 1373mm Gloss White -> radiator
  ✓ model_4010.glb (286 polys)

[4011] Rivassa 2 Column Radiator 600 x 1460mm Gloss White -> radiator
  ✓ model_4011.glb (286 polys)

[4012] Rivassa 2 Column Radiator 600 x 1010mm Bronze Effect -> radiator
  ✓ model_4012.glb (286 polys)

[4013] Rivassa 2 Column Radiator 300 x 1148mm Gloss White -> radiator
  ✓ model_4013.glb (286 polys)

[4014] Rivassa 2 Column Radiator 600 x 1010mm Gloss White -> radiator
  ✓ model_4014.glb (286 polys)

[4015] Rivassa 2 Column Radiator 600 x 833mm Bronze Effect -> radiator
  ✓ model_4015.glb (286 polys)

[4016] Rivassa 2 Column Radiator 1800 x 473mm Gloss White -> radiator
  ✓ model_4016.glb (286 polys)

[4017] Rivassa 2 Column Radiator 600 x 608mm Bronze Effect -> radiator
  ✓ model_4017.glb (286 polys)

[4018] Rivassa 2 Column Radiator 1800 x 383mm Gloss White -> radiator
  ✓ model_4018.glb (286 polys)

[4019] Rivassa 3 Column Radiator 600 x 1460mm Matt Anthracite -> radiator
  ✓ model_4019.glb (286 polys)

[4020] Rivassa 4 Column Radiator 600 x 1190mm Gloss White -> radiator
  ✓ model_4020.glb (286 polys)

[4021] Rivassa 2 Column Radiator 1800 x 293mm Gloss White -> radiator
  ✓ model_4021.glb (286 polys)

[4022] Rivassa 3 Column Radiator 600 x 1010mm Matt Anthracite -> radiator
  ✓ model_4022.glb (286 polys)

[4023] Rivassa 4 Column Radiator 600 x 1010mm Gloss White -> radiator
  ✓ model_4023.glb (286 polys)

[4024] Rivassa 2 Column Radiator 600 x 1460mm Matt Anthracite -> radiator
  ✓ model_4024.glb (286 polys)

[4025] Rivassa 4 Column Radiator 600 x 785mm Gloss White -> radiator
  ✓ model_4025.glb (286 polys)

[4026] Rivassa 2 Column Radiator 600 x 1010mm Chrome Effect -> radiator
  ✓ model_4026.glb (286 polys)

[4027] Rivassa 2 Column Radiator 600 x 1010mm Matt Anthracite -> radiator
  ✓ model_4027.glb (286 polys)

[4028] Rivassa 4 Column Radiator 600 x 605mm Gloss White -> radiator
  ✓ model_4028.glb (286 polys)

[4029] Rivassa 4 Column Radiator 600 x 425mm Gloss White -> radiator
  ✓ model_4029.glb (286 polys)

[4030] Rivassa 4 Column Radiator 300 x 1505mm Gloss White -> radiator
  ✓ model_4030.glb (286 polys)

[4031] Rivassa 4 Column Radiator 300 x 1373mm Gloss White -> radiator
  ✓ model_4031.glb (286 polys)

[4032] Rivassa 4 Column Radiator 300 x 1010mm Gloss White -> radiator
  ✓ model_4032.glb (286 polys)

[4033] Rivassa 4 Column Radiator 600 x 605mm Matt Anthracite -> radiator
  ✓ model_4033.glb (286 polys)

[4034] Rivassa 4 Column Radiator 600 x 425mm Matt Anthracite -> radiator
  ✓ model_4034.glb (286 polys)

[4035] Rivassa 4 Column Radiator 300 x 1505mm Matt Anthracite -> radiator
  ✓ model_4035.glb (286 polys)

[4036] Rubano 1800 x 503mm Radiator Matt Anthracite -> radiator
  ✓ model_4036.glb (286 polys)

[4037] Rubano 1800 x 383mm Radiator Matt Anthracite -> radiator
  ✓ model_4037.glb (286 polys)

[4038] Rubano 600 x 1103mm Radiator Matt Anthracite -> radiator
  ✓ model_4038.glb (286 polys)

[4039] Rubano 600 x 803mm Radiator Matt Anthracite -> radiator
  ✓ model_4039.glb (286 polys)

[4040] Rubano 600 x 623mm Radiator Matt Anthracite -> radiator
  ✓ model_4040.glb (286 polys)

[4041] Rivassa 3 Column Radiator 1800 x 293mm Gloss White -> radiator
  ✓ model_4041.glb (286 polys)

[4042] Rivassa 2 Column Radiator 600 x 1148mm Gloss White -> radiator
  ✓ model_4042.glb (286 polys)

[4043] Rivassa 2 Column Radiator 600 x 833mm Gloss White -> radiator
  ✓ model_4043.glb (286 polys)

[4044] Peretti 600 x 280 Aluminium Radiator Matt White -> radiator
  ✓ model_4044.glb (286 polys)

[4045] Rosano 600 x 280 Aluminium Radiator Matt Black -> radiator
  ✓ model_4045.glb (286 polys)

[4046] Rosano 600 x 280 Aluminium Radiator Matt Anthracite -> radiator
  ✓ model_4046.glb (286 polys)

[4047] Peretti 1800 x 375 Aluminium Radiator Polished Aluminium -> radiator
  ✓ model_4047.glb (286 polys)

[4048] Rosano 600 x 280 Aluminium Radiator Matt White -> radiator
  ✓ model_4048.glb (286 polys)

[4049] Peretti 1800 x 280 Aluminium Radiator Polished Aluminium -> radiator
  ✓ model_4049.glb (286 polys)

[4050] Peretti 600 x 660 Aluminium Radiator Matt White -> radiator
  ✓ model_4050.glb (286 polys)

[4051] Peretti 600 x 470 Aluminium Radiator Matt Black -> radiator
  ✓ model_4051.glb (286 polys)

[4052] Peretti 600 x 470 Aluminium Radiator Matt Anthracite -> radiator
  ✓ model_4052.glb (286 polys)

[4053] Peretti 600 x 470 Aluminium Radiator Matt White -> radiator
  ✓ model_4053.glb (286 polys)

[4054] Peretti 1800 x 470 Aluminium Radiator Matt Black -> radiator
  ✓ model_4054.glb (286 polys)

[4055] Peretti 1800 x 470 Aluminium Radiator Matt Anthracite -> radiator
  ✓ model_4055.glb (286 polys)

[4056] Peretti 1800 x 470 Aluminium Radiator Matt White -> radiator
  ✓ model_4056.glb (286 polys)

[4057] Peretti 1800 x 375 Aluminium Radiator Matt Black -> radiator
  ✓ model_4057.glb (286 polys)

[4058] Peretti 1800 x 375 Aluminium Radiator Matt Anthracite -> radiator
  ✓ model_4058.glb (286 polys)

[4059] Peretti 1800 x 375 Aluminium Radiator Matt White -> radiator
  ✓ model_4059.glb (286 polys)

[4060] Peretti 1800 x 280 Aluminium Radiator Matt Black -> radiator
  ✓ model_4060.glb (286 polys)

[4061] Peretti 1800 x 280 Aluminium Radiator Matt Anthracite -> radiator
  ✓ model_4061.glb (286 polys)

[4062] Peretti 1800 x 280 Aluminium Radiator Matt White -> radiator
  ✓ model_4062.glb (286 polys)

[4063] Guardia 600 x 1230 Aluminium Radiator Matt Black -> radiator
  ✓ model_4063.glb (286 polys)

[4064] Guardia 600 x 1230 Aluminium Radiator Matt Anthracite -> radiator
  ✓ model_4064.glb (286 polys)

[4065] Tunstall Double 1800 x 560 Radiator Matt White -> radiator
  ✓ model_4065.glb (286 polys)

[4066] Guardia 600 x 1230 Aluminium Radiator Matt White -> radiator
  ✓ model_4066.glb (286 polys)

[4067] Guardia 600 x 1040 Aluminium Radiator Matt Black -> radiator
  ✓ model_4067.glb (286 polys)

[4068] Tunstall Double 1800 x 490 Radiator Matt Black -> radiator
  ✓ model_4068.glb (286 polys)

[4069] Guardia 1800 x 280 Aluminium Radiator Matt Black -> radiator
  ✓ model_4069.glb (286 polys)

[4070] Guardia 600 x 1040 Aluminium Radiator Matt Anthracite -> radiator
  ✓ model_4070.glb (286 polys)

[4071] Tunstall Double 1800 x 490 Radiator Matt Anthracite -> radiator
  ✓ model_4071.glb (286 polys)

[4072] Guardia 1800 x 280 Aluminium Radiator Matt Anthracite -> radiator
  ✓ model_4072.glb (286 polys)

[4073] Guardia 600 x 1040 Aluminium Radiator Matt White -> radiator
  ✓ model_4073.glb (286 polys)

[4452] Sandhurst Towel Hanger 415mm Matt Anthracite -> shelf
  ✓ model_4452.glb (18 polys)

[4453] Sandhurst Towel Hanger 275mm Matt Anthracite -> shelf
  ✓ model_4453.glb (18 polys)

[4074] Tunstall Double 1800 x 490 Radiator Matt White -> radiator
  ✓ model_4074.glb (286 polys)

[4075] Guardia 1800 x 280 Aluminium Radiator Matt White -> radiator
  ✓ model_4075.glb (286 polys)

[4076] Guardia 600 x 850 Aluminium Radiator Matt Black -> radiator
  ✓ model_4076.glb (286 polys)

[4077] Tunstall Double 1800 x 350 Radiator Matt Black -> radiator
  ✓ model_4077.glb (286 polys)

[4078] Rosano Towel Hanger 470mm. Chrome -> shelf
  ✓ model_4078.glb (18 polys)

[4079] Guardia 600 x 850 Aluminium Radiator Matt Anthracite -> radiator
  ✓ model_4079.glb (286 polys)

[4080] Tunstall Double 1800 x 350 Radiator Matt Anthracite -> radiator
  ✓ model_4080.glb (286 polys)

[4081] Rosano Towel Hanger 375mm Chrome -> shelf
  ✓ model_4081.glb (18 polys)

[4082] Guardia 600 x 850 Aluminium Radiator Matt White -> radiator
  ✓ model_4082.glb (286 polys)

[4083] Tunstall Double 1800 x 350 Radiator Matt White -> radiator
  ✓ model_4083.glb (286 polys)

[4084] Guardia 600 x 660 Aluminium Radiator Matt Black -> radiator
  ✓ model_4084.glb (286 polys)

[4085] Rosano Towel Hanger 280mm Chrome -> shelf
  ✓ model_4085.glb (18 polys)

[4086] Tunstall Double Mirror 1800 x 500 Radiator Matt Black -> radiator
  ✓ model_4086.glb (286 polys)

[4087] Peretti 600 x 660 Aluminium Radiator Matt Black -> radiator
  ✓ model_4087.glb (286 polys)

[4088] Guardia 600 x 660 Aluminium Radiator Matt Anthracite -> radiator
  ✓ model_4088.glb (286 polys)

[4089] Rosano 600 x 1230 Aluminium Radiator Matt Black -> radiator
  ✓ model_4089.glb (286 polys)

[4090] Tunstall Double Mirror 1800 x 380 Radiator Matt Black -> radiator
  ✓ model_4090.glb (286 polys)

[4091] Peretti 600 x 660 Aluminium Radiator Matt Anthracite -> radiator
  ✓ model_4091.glb (286 polys)

[4092] Guardia 600 x 660 Aluminium Radiator Matt White -> radiator
  ✓ model_4092.glb (286 polys)

[4093] Rosano 600 x 1230 Aluminium Radiator Matt Anthracite -> radiator
  ✓ model_4093.glb (286 polys)

[4094] Tunstall Mirror 1800 x 500 Radiator Matt Black -> radiator
  ✓ model_4094.glb (286 polys)

[4095] Rosano 600 x 1230 Aluminium Radiator Matt White -> radiator
  ✓ model_4095.glb (286 polys)

[4096] Rosano 600 x 1040 Aluminium Radiator Matt Black -> radiator
  ✓ model_4096.glb (286 polys)

[4097] Tunstall Mirror 1800 x 380 Radiator Matt Black -> radiator
  ✓ model_4097.glb (286 polys)

[4098] Rosano 600 x 1040 Aluminium Radiator Matt Anthracite -> radiator
  ✓ model_4098.glb (286 polys)

[4099] Tunstall Double 1600 x 600 Towel Rail Matt Black -> towel-rail
  ✓ model_4099.glb (408 polys)

[4100] Rosano 600 x 1040 Aluminium Radiator Matt White -> radiator
  ✓ model_4100.glb (286 polys)

[4101] Tunstall Double 1600 x 500 Towel Rail Matt Black -> towel-rail
  ✓ model_4101.glb (408 polys)

[4102] Rosano 600 x 850 Aluminium Radiator Matt Black -> radiator
  ✓ model_4102.glb (286 polys)

[4103] Tunstall Double 1200 x 600 Towel Rail Matt Black -> towel-rail
  ✓ model_4103.glb (408 polys)

[4104] Rosano 600 x 850 Aluminium Radiator Matt Anthracite -> radiator
  ✓ model_4104.glb (286 polys)

[4105] Tunstall Double 1200 x 500 Towel Rail Matt Black -> towel-rail
  ✓ model_4105.glb (408 polys)

[4106] Tunstall Double 800 x 600 Towel Rail Matt Black -> towel-rail
  ✓ model_4106.glb (408 polys)

[4107] Tunstall Double 800 x 500 Towel Rail Matt Black -> towel-rail
  ✓ model_4107.glb (408 polys)

[4108] Tunstall Double 560 x 1000 Towel Rail Matt Black -> towel-rail
  ✓ model_4108.glb (408 polys)

[4109] Tunstall Double 600 x 1179 Radiator Matt Black -> radiator
  ✓ model_4109.glb (286 polys)

[4110] Tunstall Double 600 x 1002 Radiator Matt Black -> radiator
  ✓ model_4110.glb (286 polys)

[4111] Tunstall Double 600 x 825 Radiator Matt Black -> radiator
  ✓ model_4111.glb (286 polys)

[4112] Tunstall Double 600 x 589 Radiator Matt Black -> radiator
  ✓ model_4112.glb (286 polys)

[4113] Tunstall Double 600 x 471 Radiator Matt White -> radiator
  ✓ model_4113.glb (286 polys)

[4114] Tunstall Double 1800 x 560 Radiator Matt Black -> radiator
  ✓ model_4114.glb (286 polys)

[4115] Tunstall Double 1800 x 560 Radiator Matt Anthracite -> radiator
  ✓ model_4115.glb (286 polys)

[4116] Peretti 600 x 280 Aluminium Radiator Polished Aluminium -> radiator
  ✓ model_4116.glb (286 polys)

[4117] Guardia 600 x1420 Aluminium Radiator Matt Black -> radiator
  ✓ model_4117.glb (286 polys)

[4118] Guardia 600 x 1420 Aluminium Radiator Matt Anthracite -> radiator
  ✓ model_4118.glb (286 polys)

[4119] Guardia 600 x 1420 Aluminium Radiator Matt White -> radiator
  ✓ model_4119.glb (286 polys)

[4120] Vesima Towel Hanger 503mm Chrome -> shelf
  ✓ model_4120.glb (18 polys)

[4121] Vesima Towel Hanger 403mm Chrome -> shelf
  ✓ model_4121.glb (18 polys)

[4122] Vesima Towel Hanger 303mm Chrome -> shelf
  ✓ model_4122.glb (18 polys)

[4123] Vesima 600 x 1203 Aluminium Radiator Matt Black -> radiator
  ✓ model_4123.glb (286 polys)

[4124] Vesima 600 x 1203 Aluminium Radiator Matt Anthracite -> radiator
  ✓ model_4124.glb (286 polys)

[4125] Vesima 600 x 1203 Aluminium Radiator Matt White -> radiator
  ✓ model_4125.glb (286 polys)

[4126] Peretti 600 x 280 Aluminium Radiator Matt Black -> radiator
  ✓ model_4126.glb (286 polys)

[4127] Vesima 600 x 1003 Aluminium Radiator Matt Black -> radiator
  ✓ model_4127.glb (286 polys)

[4128] Peretti 600 x 280 Aluminium Radiator Matt Anthracite -> radiator
  ✓ model_4128.glb (286 polys)

[4129] Vesima 600 x 1003 Aluminium Radiator Matt Anthracite -> radiator
  ✓ model_4129.glb (286 polys)

[4130] Vesima 600 x 1003 Aluminium Radiator Matt White -> radiator
  ✓ model_4130.glb (286 polys)

[4131] Vesima 600 x 803 Aluminium Radiator Matt Black -> radiator
  ✓ model_4131.glb (286 polys)

[4132] Vesima 600 x 503 Aluminium Radiator Matt Anthracite -> radiator
  ✓ model_4132.glb (286 polys)

[4133] Vesima 600 x 803 Aluminium Radiator Matt Anthracite -> radiator
  ✓ model_4133.glb (286 polys)

[4134] Vesima 600 x 503 Aluminium Radiator Matt White -> radiator
  ✓ model_4134.glb (286 polys)

[4135] Vesima 600 x 803 Aluminium Radiator Matt White -> radiator
  ✓ model_4135.glb (286 polys)

[4136] Berlini 1200 x 185 Aluminium Radiator Matt Black -> radiator
  ✓ model_4136.glb (286 polys)

[4137] Vesima 1800 x 503 Aluminium Radiator Matt Black -> radiator
  ✓ model_4137.glb (286 polys)

[4138] Vesima 600 x 603 Aluminium Radiator Matt Black -> radiator
  ✓ model_4138.glb (286 polys)

[4139] Berlini 1200x185 Aluminium Radiator Matt Anthracite -> radiator
  ✓ model_4139.glb (286 polys)

[4140] Vesima 600 x 603 Aluminium Radiator Matt Anthracite -> radiator
  ✓ model_4140.glb (286 polys)

[4141] Vesima 1800 x 503 Aluminium Radiator Matt Anthracite -> radiator
  ✓ model_4141.glb (286 polys)

[4142] Vesima 600 x 603 Aluminium Radiator Matt White -> radiator
  ✓ model_4142.glb (286 polys)

[4143] Vesima 1800 x 503 Aluminium Radiator Matt White -> radiator
  ✓ model_4143.glb (286 polys)

[4144] Vesima 600 x 503 Aluminium Radiator Matt Black -> radiator
  ✓ model_4144.glb (286 polys)

[4145] Vesima 1800 x 403 Aluminium Radiator Matt Black -> radiator
  ✓ model_4145.glb (286 polys)

[5804] Crossland  1700 x 900mm Rectangular Shower tray with Slate Finish - Black -> shower-tray
  ✓ model_5804.glb (138 polys)

[5805] Crossland  1700 x 800mm Rectangular Shower Tray with Slate Finish - White -> shower-tray
  ✓ model_5805.glb (138 polys)

[5806] Crossland  1700 x 800mm Rectangular Shower tray with Slate Finish - Grey -> shower-tray
  ✓ model_5806.glb (138 polys)

[4149] Vesima 1800 x 403 Aluminium Radiator Matt Anthracite -> radiator
  ✓ model_4149.glb (286 polys)

[4150] Vesima 1800 x 403 Aluminium Radiator Matt White -> radiator
  ✓ model_4150.glb (286 polys)

[4151] Guardia 600 x 470 Aluminium Radiator Matt Black -> radiator
  ✓ model_4151.glb (286 polys)

[4152] Vesima 1800 x 303 Aluminium Radiator Matt Black -> radiator
  ✓ model_4152.glb (286 polys)

[4153] Guardia 600 x 470 Aluminium Radiator Matt Anthracite -> radiator
  ✓ model_4153.glb (286 polys)

[4154] Vesima 1800 x 303 Aluminium Radiator Matt Anthracite -> radiator
  ✓ model_4154.glb (286 polys)

[4155] Guardia 600 x 470 Aluminium Radiator Matt White -> radiator
  ✓ model_4155.glb (286 polys)

[4156] Rosano 600 x 660 Aluminium Radiator Matt Anthracite -> radiator
  ✓ model_4156.glb (286 polys)

[4157] Vesima 1800 x 303 Aluminium Radiator Matt White -> radiator
  ✓ model_4157.glb (286 polys)

[4158] Guardia 1800 x 470 Aluminium Radiator Matt Black -> radiator
  ✓ model_4158.glb (286 polys)

[4159] Rosano 600 x 660 Aluminium Radiator Matt White -> radiator
  ✓ model_4159.glb (286 polys)

[4160] Peretti Towel Hanger 470mm. Chrome -> shelf
  ✓ model_4160.glb (18 polys)

[4161] Rosano 600 x 470 Aluminium Radiator Matt Black -> radiator
  ✓ model_4161.glb (286 polys)

[4162] Peretti Towel Hanger 375mm. Chrome -> shelf
  ✓ model_4162.glb (18 polys)

[4454] Sandhurst Towel Hanger 485mm Matt White -> shelf
  ✓ model_4454.glb (18 polys)

[4163] Guardia 1800 x 470 Aluminium Radiator Matt Anthracite -> radiator
  ✓ model_4163.glb (286 polys)

[4164] Peretti Towel Hanger 280mm. Chrome -> shelf
  ✓ model_4164.glb (18 polys)

[4165] Rivassa 4 Column Radiator 600 x 1190mm Matt Black -> radiator
  ✓ model_4165.glb (286 polys)

[4166] Rosano 600 x 470 Aluminium Radiator Matt Anthracite -> radiator
  ✓ model_4166.glb (286 polys)

[4167] Guardia 1800 x 470 Aluminium Radiator Matt White -> radiator
  ✓ model_4167.glb (286 polys)

[4168] Peretti 600 x 1230 Aluminium Radiator Matt Black -> radiator
  ✓ model_4168.glb (286 polys)

[4169] Rosano 600 x 470 Aluminium Radiator Matt White -> radiator
  ✓ model_4169.glb (286 polys)

[4170] Guardia 1800 x 375 Aluminium Radiator Matt Black -> radiator
  ✓ model_4170.glb (286 polys)

[4171] Rivassa 4 Column Radiator 600 x 1010mm Matt Black -> radiator
  ✓ model_4171.glb (286 polys)

[4172] Peretti 600 x 1230 Aluminium Radiator Matt Anthracite -> radiator
  ✓ model_4172.glb (286 polys)

[4173] Rosano 1800 x 470 Aluminium Radiator Matt Black -> radiator
  ✓ model_4173.glb (286 polys)

[4174] Guardia 1800 x 375 Aluminium Radiator Matt Anthracite -> radiator
  ✓ model_4174.glb (286 polys)

[4175] Rivassa 4 Column Radiator 600 x 785mm Matt Black -> radiator
  ✓ model_4175.glb (286 polys)

[4176] Rivassa 2 Column Radiator 1800 x 473mm Matt Black -> radiator
  ✓ model_4176.glb (286 polys)

[4177] Peretti 600 x 1230 Aluminium Radiator Matt White -> radiator
  ✓ model_4177.glb (286 polys)

[4178] Rosano 1800 x 470 Aluminium Radiator Matt Anthracite -> radiator
  ✓ model_4178.glb (286 polys)

[4179] Guardia 1800 x 375 Aluminium Radiator Matt White -> radiator
  ✓ model_4179.glb (286 polys)

[4180] Rivassa 2 Column Radiator 1800 x 383mm Matt Black -> radiator
  ✓ model_4180.glb (286 polys)

[4181] Rivassa 4 Column Radiator 600 x 605mm Matt Black -> radiator
  ✓ model_4181.glb (286 polys)

[4182] Peretti 600 x 1040 Aluminium Radiator Matt Black -> radiator
  ✓ model_4182.glb (286 polys)

[4183] Rosano 1800 x 470 Aluminium Radiator Matt White -> radiator
  ✓ model_4183.glb (286 polys)

[4184] Rivassa 4 Column Radiator 600 x 425mm Matt Black -> radiator
  ✓ model_4184.glb (286 polys)

[4185] Rosano 1800 x 375 Aluminium Radiator Matt Black -> radiator
  ✓ model_4185.glb (286 polys)

[4186] Rivassa 2 Column Radiator 1800 x 293mm Matt Black -> radiator
  ✓ model_4186.glb (286 polys)

[4187] Peretti 600 x 1040 Aluminium Radiator Matt Anthracite -> radiator
  ✓ model_4187.glb (286 polys)

[4188] Rosano 1800 x 375 Aluminium Radiator Matt Anthracite -> radiator
  ✓ model_4188.glb (286 polys)

[4189] Peretti 600 x 1040 Aluminium Radiator Matt White -> radiator
  ✓ model_4189.glb (286 polys)

[4190] Rivassa 4 Column Radiator 300 x 1505mm Matt Black -> radiator
  ✓ model_4190.glb (286 polys)

[4191] Rivassa 2 Column Radiator 600 x 1460mm Matt Black -> radiator
  ✓ model_4191.glb (286 polys)

[4192] Rosano 1800 x 375 Aluminium Radiator Matt White -> radiator
  ✓ model_4192.glb (286 polys)

[4193] Peretti 600 x 850 Aluminium Radiator Matt Black -> radiator
  ✓ model_4193.glb (286 polys)

[4194] Rivassa 2 Column Radiator 600 x 1148mm Matt Black -> radiator
  ✓ model_4194.glb (286 polys)

[4195] Rivassa 4 Column Radiator 300 x 1373mm Matt Black -> radiator
  ✓ model_4195.glb (286 polys)

[4196] Peretti 600 x 850 Aluminium Radiator Matt Anthracite -> radiator
  ✓ model_4196.glb (286 polys)

[4197] Rosano 1800 x 280 Aluminium Radiator Matt Black -> radiator
  ✓ model_4197.glb (286 polys)

[4198] Rivassa 4 Column Radiator 300 x 1010mm Matt Black -> radiator
  ✓ model_4198.glb (286 polys)

[4199] Rivassa 2 Column Radiator 600 x 1010mm Matt Black -> radiator
  ✓ model_4199.glb (286 polys)

[4200] Rosano 1800 x 280 Aluminium Radiator Matt Anthracite -> radiator
  ✓ model_4200.glb (286 polys)

[4201] Peretti 600 x 850 Aluminium Radiator Matt White -> radiator
  ✓ model_4201.glb (286 polys)

[4202] Rivassa 2 Column Radiator 600 x 833mm Matt Black -> radiator
  ✓ model_4202.glb (286 polys)

[4203] Rosano 1800 x 280 Aluminium Radiator Matt White -> radiator
  ✓ model_4203.glb (286 polys)

[4204] Rivassa 3 Column Radiator 1800 x 473mm Matt Black -> radiator
  ✓ model_4204.glb (286 polys)

[4205] Rivassa 2 Column Radiator 600 x 608mm Matt Black -> radiator
  ✓ model_4205.glb (286 polys)

[4206] Rivassa 3 Column Radiator 1800 x 383mm Matt Black -> radiator
  ✓ model_4206.glb (286 polys)

[4207] Rivassa 2 Column Radiator 600 x 563mm Matt Black -> radiator
  ✓ model_4207.glb (286 polys)

[4208] Rivassa 3 Column Radiator 1800 x 293mm Matt Black -> radiator
  ✓ model_4208.glb (286 polys)

[4209] Rivassa 2 Column Radiator 600 x 518mm Matt Black -> radiator
  ✓ model_4209.glb (286 polys)

[4210] Rivassa 3 Column Radiator 600 x 1460mm Matt Black -> radiator
  ✓ model_4210.glb (286 polys)

[4211] Rivassa 2 Column Radiator 600 x 473mm Matt Black -> radiator
  ✓ model_4211.glb (286 polys)

[4212] Rivassa 3 Column Radiator 600 x 1148mm Matt Black -> radiator
  ✓ model_4212.glb (286 polys)

[4213] Rivassa 2 Column Radiator 600 x 428mm Matt Black -> radiator
  ✓ model_4213.glb (286 polys)

[4214] Rivassa 3 Column Radiator 600 x 1010mm Matt Black -> radiator
  ✓ model_4214.glb (286 polys)

[4215] Rivassa 2 Column Radiator 300 x 1373mm Matt Black -> radiator
  ✓ model_4215.glb (286 polys)

[4216] Rivassa 3 Column Radiator 600 x 833mm Matt Black -> radiator
  ✓ model_4216.glb (286 polys)

[4217] Rivassa 3 Column Radiator 600 x 608mm Matt Black -> radiator
  ✓ model_4217.glb (286 polys)

[4218] Rivassa 2 Column Radiator 300 x 1148mm Matt Black -> radiator
  ✓ model_4218.glb (286 polys)

[4219] Rivassa 3 Column Radiator 600 x 563mm Matt Black -> radiator
  ✓ model_4219.glb (286 polys)

[4220] Rosano 600 x 850 Aluminium Radiator Matt White -> radiator
  ✓ model_4220.glb (286 polys)

[4221] Tunstall Double 600 x 1061 Radiator Matt Black -> radiator
  ✓ model_4221.glb (286 polys)

[4222] Rivassa 3 Column Radiator 600 x 518mm Matt Black -> radiator
  ✓ model_4222.glb (286 polys)

[4223] Rosano 600 x 660 Aluminium Radiator Matt Black -> radiator
  ✓ model_4223.glb (286 polys)

[4224] Rivassa 3 Column Radiator 600 x 473mm Matt Black -> radiator
  ✓ model_4224.glb (286 polys)

[4225] Tunstall Double 600 x 1061 Radiator Matt Anthracite -> radiator
  ✓ model_4225.glb (286 polys)

[4226] Tunstall Double 600 x 1061 Radiator Matt White -> radiator
  ✓ model_4226.glb (286 polys)

[4227] Rivassa 3 Column Radiator 600 x 428mm Matt Black -> radiator
  ✓ model_4227.glb (286 polys)

[4228] Tunstall Double 600 x 648 Radiator Matt Black -> radiator
  ✓ model_4228.glb (286 polys)

[4229] Rivassa 3 Column Radiator 300 x 1373mm Matt Black -> radiator
  ✓ model_4229.glb (286 polys)

[4230] Tunstall Double 600 x 648 Radiator Matt Anthracite -> radiator
  ✓ model_4230.glb (286 polys)

[4231] Rivassa 3 Column Radiator 300 x 1148mm Matt Black -> radiator
  ✓ model_4231.glb (286 polys)

[4232] Tunstall Double 600 x 648 Radiator Matt White -> radiator
  ✓ model_4232.glb (286 polys)

[4233] Tunstall Double 600 x 471 Radiator Matt Black -> radiator
  ✓ model_4233.glb (286 polys)

[4234] Tunstall Double 600 x 471 Radiator Matt Anthracite -> radiator
  ✓ model_4234.glb (286 polys)

[4235] Berlini 1200 x 185 Aluminium Radiator Matt White -> radiator
  ✓ model_4235.glb (286 polys)

[4236] Berlini Towel Hanger 185mm. Chrome -> shelf
  ✓ model_4236.glb (18 polys)

[4237] Berlini 1800 x 185 Aluminium Radiator Matt Black -> radiator
  ✓ model_4237.glb (286 polys)

[4238] Berlini 1800 x 185 Aluminium Radiator Matt Anthracite -> radiator
  ✓ model_4238.glb (286 polys)

[4239] Berlini 1800 x 185 Aluminium Radiator Matt White -> radiator
  ✓ model_4239.glb (286 polys)

[4240] Addington 600 x 1032 Radiator Type10 Matt Anthracite -> radiator
  ✓ model_4240.glb (286 polys)

[4455] Sandhurst Towel Hanger 415mm Matt White -> shelf
  ✓ model_4455.glb (18 polys)

[4241] Universal Flat Style Towel Hanger 565mm Matt Anthracite -> shelf
  ✓ model_4241.glb (18 polys)

[4242] Universal Flat Style Towel Hanger 565mm Matt White -> shelf
  ✓ model_4242.glb (18 polys)

[4243] Addington 600 x 1254 Radiator Type20 Matt Anthracite -> radiator
  ✓ model_4243.glb (286 polys)

[4244] Addington 600 x 1180 Radiator Type20 Matt Anthracite -> radiator
  ✓ model_4244.glb (286 polys)

[4245] Addington 600 x 1032 Radiator Type20 Matt Anthracite -> radiator
  ✓ model_4245.glb (286 polys)

[4246] Addington 600 x 810 Radiator Type20 Matt Anthracite -> radiator
  ✓ model_4246.glb (286 polys)

[4247] Addington 600 x 662 Radiator Type20 Matt Anthracite -> radiator
  ✓ model_4247.glb (286 polys)

[4248] Addington 600 x 588 Radiator Type20 Matt Anthracite -> radiator
  ✓ model_4248.glb (286 polys)

[4249] Addington 600 x 514 Radiator Type20 Matt Anthracite -> radiator
  ✓ model_4249.glb (286 polys)

[4250] Addington 600 x 440 Radiator Type20 Matt Anthracite -> radiator
  ✓ model_4250.glb (286 polys)

[4251] Addington 600 x 366 Radiator Type20 Matt Anthracite -> radiator
  ✓ model_4251.glb (286 polys)

[4252] Universal Double Flat Style Towel Hanger 565mm Chrome -> shelf
  ✓ model_4252.glb (18 polys)

[4253] Universal Double Flat Style Towel Hanger 565mm Matt Black -> shelf
  ✓ model_4253.glb (18 polys)

[4254] Addington 600 x 292 Radiator Type20 Matt Anthracite -> radiator
  ✓ model_4254.glb (286 polys)

[4255] Universal Double Flat Style Towel Hanger 565mm Matt Anthracite -> shelf
  ✓ model_4255.glb (18 polys)

[4256] Addington 600 x 1254 Radiator Type10 Matt Anthracite -> radiator
  ✓ model_4256.glb (286 polys)

[4257] Universal Double Flat Style Towel Hanger 565mm Matt White -> shelf
  ✓ model_4257.glb (18 polys)

[4258] Universal Flat Style Towel Hanger 565mm Chrome -> shelf
  ✓ model_4258.glb (18 polys)

[4259] Addington 600 x 1180 Radiator Type10 Matt Anthracite -> radiator
  ✓ model_4259.glb (286 polys)

[4260] Universal Flat Style Towel Hanger 565mm Matt Black -> shelf
  ✓ model_4260.glb (18 polys)

[4261] Addington Aluminium 1400 x 514 Radiator Type10 Gloss White -> radiator
  ✓ model_4261.glb (286 polys)

[4262] Addington Aluminium 1200 x 588 Radiator Type10 Gloss White -> radiator
  ✓ model_4262.glb (286 polys)

[4263] Addington Aluminium 1200 x 514 Radiator Type10 Gloss White -> radiator
  ✓ model_4263.glb (286 polys)

[4264] Addington Aluminium 1000 x 588 Radiator Type10 Gloss White -> radiator
  ✓ model_4264.glb (286 polys)

[4265] Addington Aluminium 1000 x 514 Radiator Type10 Gloss White -> radiator
  ✓ model_4265.glb (286 polys)

[4266] Addington Aluminium 800 x 588 Radiator Type10 Gloss White -> radiator
  ✓ model_4266.glb (286 polys)

[4267] Addington Aluminium 800 x 514 Radiator Type10 Gloss White -> radiator
  ✓ model_4267.glb (286 polys)

[3117] Defford 1800 x 500mm Towel Rail Matt Black -> towel-rail
  ✓ model_3117.glb (408 polys)

[3118] Murano 1800 x 510 Radiator Matt Black -> radiator
  ✓ model_3118.glb (286 polys)

[3119] Tuscan Square Towel Rail 1200 x 500 Gloss White -> towel-rail
  ✓ model_3119.glb (408 polys)

[3120] Witney 600 x 850 Aluminium Radiator Matt White -> radiator
  ✓ model_3120.glb (286 polys)

[3121] Defford 1200 x 600mm Towel Rail Matt Black -> towel-rail
  ✓ model_3121.glb (408 polys)

[3122] Tuscan Square Towel Rail 800 x 600 Gloss White -> towel-rail
  ✓ model_3122.glb (408 polys)

[3123] Murano 1800 x 410 Radiator Matt Black -> radiator
  ✓ model_3123.glb (286 polys)

[3124] Multi-Purpose Towel Hanger LH 500mm Matt Grey -> shelf
  ✓ model_3124.glb (18 polys)

[3125] Tuscan Square Towel Rail 800 x 500 Gloss White -> towel-rail
  ✓ model_3125.glb (408 polys)

[3126] Defford 1200 x 500mm Towel Rail Matt Black -> towel-rail
  ✓ model_3126.glb (408 polys)

[3127] Multi-Purpose Towel Hanger RH 400mm Matt Grey -> shelf
  ✓ model_3127.glb (18 polys)

[3128] Defford 800 x 600mm Towel Rail Matt Black -> towel-rail
  ✓ model_3128.glb (408 polys)

[3129] Multi-Purpose Towel Hanger LH 400mm Matt Grey -> shelf
  ✓ model_3129.glb (18 polys)

[3130] Defford 800 x 500mm Towel Rail Matt Black -> towel-rail
  ✓ model_3130.glb (408 polys)

[3131] Multi-Purpose Towel Hanger RH 300mm Matt Grey -> shelf
  ✓ model_3131.glb (18 polys)

[3132] Multi-Purpose Towel Hanger RH 400mm Matt Black -> shelf
  ✓ model_3132.glb (18 polys)

[3133] Defford 1800 x 600mm Towel Rail Matt Anthracite -> towel-rail
  ✓ model_3133.glb (408 polys)

[3134] Multi-Purpose Towel Hanger LH 300mm Matt Grey -> shelf
  ✓ model_3134.glb (18 polys)

[3135] Multi-Purpose Towel Hanger LH 400mm Matt Black -> shelf
  ✓ model_3135.glb (18 polys)

[3136] Defford 1800 x 500mm Towel Rail Matt Anthracite -> towel-rail
  ✓ model_3136.glb (408 polys)

[3137] Multi-Purpose Towel Hanger RH 500mm Matt White -> shelf
  ✓ model_3137.glb (18 polys)

[3138] Multi-Purpose Towel Hanger RH 300mm Matt Black -> shelf
  ✓ model_3138.glb (18 polys)

[3139] Defford 1200 x 600mm Towel Rail Matt Anthracite -> towel-rail
  ✓ model_3139.glb (408 polys)

[3140] Multi-Purpose Towel Hanger LH 500mm Matt White -> shelf
  ✓ model_3140.glb (18 polys)

[3141] Multi-Purpose Towel Hanger LH 300mm Matt Black -> shelf
  ✓ model_3141.glb (18 polys)

[3142] Multi-Purpose Towel Hanger RH 500mm Matt Anthracite -> shelf
  ✓ model_3142.glb (18 polys)

[3143] Multi-Purpose Towel Hanger RH 400mm Matt White -> shelf
  ✓ model_3143.glb (18 polys)

[3144] Multi-Purpose Towel Hanger LH 500mm Matt Anthracite -> shelf
  ✓ model_3144.glb (18 polys)

[3145] Multi-Purpose Towel Hanger RH 400mm Matt Anthracite -> shelf
  ✓ model_3145.glb (18 polys)

[3146] Multi-Purpose Towel Hanger LH 400mm Matt Anthracite -> shelf
  ✓ model_3146.glb (18 polys)

[3147] Multi-Purpose Towel Hanger RH 300mm Matt Anthracite -> shelf
  ✓ model_3147.glb (18 polys)

[3148] Multi-Purpose Towel Hanger LH 300mm Matt Anthracite -> shelf
  ✓ model_3148.glb (18 polys)

[3149] Multi-Purpose Towel Hanger RH 500mm Matt Cappuccino -> shelf
  ✓ model_3149.glb (18 polys)

[3150] Multi-Purpose Towel Hanger LH 500mm Matt Cappuccino -> shelf
  ✓ model_3150.glb (18 polys)

[3151] Multi-Purpose Towel Hanger RH 400mm Matt Cappuccino -> shelf
  ✓ model_3151.glb (18 polys)

[3152] Multi-Purpose Towel Hanger LH 400mm Matt Cappuccino -> shelf
  ✓ model_3152.glb (18 polys)

[3153] Multi-Purpose Towel Hanger RH 300mm Matt Cappuccino -> shelf
  ✓ model_3153.glb (18 polys)

[3154] Multi-Purpose Towel Hanger LH 300mm Matt Cappuccino -> shelf
  ✓ model_3154.glb (18 polys)

[3155] Multi-Purpose Towel Hanger RH 500mm Matt Grey -> shelf
  ✓ model_3155.glb (18 polys)

[3156] Defford 1200 x 500mm Towel Rail Matt Anthracite -> towel-rail
  ✓ model_3156.glb (408 polys)

[3157] Defford 800 x 600mm Towel Rail Matt Anthracite -> towel-rail
  ✓ model_3157.glb (408 polys)

[3158] Defford 800 x 500mm Towel Rail Matt Anthracite -> towel-rail
  ✓ model_3158.glb (408 polys)

[3159] Defford 1800 x 600mm Towel Rail Matt Grey -> towel-rail
  ✓ model_3159.glb (408 polys)

[3160] Ryton 1600 x 600mm. Towel Rail Matt Anthracite -> towel-rail
  ✓ model_3160.glb (408 polys)

[3161] Ryton 1600 x 500mm. Towel Rail Matt Anthracite -> towel-rail
  ✓ model_3161.glb (408 polys)

[3162] Ryton 1200 x 600mm. Towel Rail Matt Anthracite -> towel-rail
  ✓ model_3162.glb (408 polys)

[3163] Ryton 1200 x 500mm. Towel Rail Matt Anthracite -> towel-rail
  ✓ model_3163.glb (408 polys)

[3164] Ryton 800 x 600mm. Towel Rail Matt Anthracite -> towel-rail
  ✓ model_3164.glb (408 polys)

[3165] Ryton 800 x 500mm. Towel Rail Matt Anthracite -> towel-rail
  ✓ model_3165.glb (408 polys)

[3166] Ryton 1600 x 600mm. Towel Rail Matt White -> towel-rail
  ✓ model_3166.glb (408 polys)

[3167] Ryton 1600 x 500mm. Towel Rail Matt White -> towel-rail
  ✓ model_3167.glb (408 polys)

[3168] Ryton 1200 x 600mm. Towel Rail Matt White -> towel-rail
  ✓ model_3168.glb (408 polys)

[3169] Ryton 1200 x 500mm. Towel Rail Matt White -> towel-rail
  ✓ model_3169.glb (408 polys)

[3170] Ryton 800 x 600mm. Towel Rail Matt White -> towel-rail
  ✓ model_3170.glb (408 polys)

[3171] Ryton 800 x 500mm. Towel Rail Matt White -> towel-rail
  ✓ model_3171.glb (408 polys)

[3172] Kenilworth 1200 x 500mm. Towel Rail Matt White -> towel-rail
  ✓ model_3172.glb (408 polys)

[3173] Kenilworth 800 x 600mm. Towel Rail Matt White -> towel-rail
  ✓ model_3173.glb (408 polys)

[3174] Kenilworth 800 x 500mm. Towel Rail Matt White -> towel-rail
  ✓ model_3174.glb (408 polys)

[3175] Ryton 1600 x 600mm. Towel rail Chrome -> towel-rail
  ✓ model_3175.glb (408 polys)

[3176] Ryton 1600 x 500mm. Towel Rail Chrome -> towel-rail
  ✓ model_3176.glb (408 polys)

[3177] Valliant 8mm 2000mm x 1200mm Round Pole Walk-In Shower Panel with Hand Hold - Chrome Profiles -> shower-enclosure
  ✓ model_3177.glb (178 polys)

[3178] Ryton 1200 x 600mm. Towel Rail Chrome -> towel-rail
  ✓ model_3178.glb (408 polys)

[3179] Ryton 1200 x 500mm. Towel Rail Chrome -> towel-rail
  ✓ model_3179.glb (408 polys)

[3180] Valliant 8mm 2000mm x 1000mm Round Pole Walk-In Shower Panel with Hand Hold - Chrome Profiles -> shower-enclosure
  ✓ model_3180.glb (178 polys)

[3181] Ryton 800 x 600mm. Towel Rail Chrome -> towel-rail
  ✓ model_3181.glb (408 polys)

[3182] Valliant 8mm 2000mm x 900mm Round Pole Walk-In Shower Panel with Hand Hold - Chrome Profiles -> shower-enclosure
  ✓ model_3182.glb (178 polys)

[3183] Ryton 800 x 500mm. Towel Rail Chrome -> towel-rail
  ✓ model_3183.glb (408 polys)

[3184] Valliant 2000mm x 800mm Round Pole Walk-In Shower Panel with Hand Hold - Chrome Profiles -> shower-enclosure
  ✓ model_3184.glb (178 polys)

[3185] Biava Multirail HV Straight 1118 x 750mm Gloss White -> towel-rail
  ✓ model_3185.glb (408 polys)

[3186] Biava Multirail HV Straight 1118 x 600mm Gloss White -> towel-rail
  ✓ model_3186.glb (408 polys)

[3187] Biava Multirail HV Straight 1118 x 450mm Gloss White -> towel-rail
  ✓ model_3187.glb (408 polys)

[3188] Biava Multirail HV Straight 688 x 750mm Gloss White -> towel-rail
  ✓ model_3188.glb (408 polys)

[3189] Biava Multirail HV Straight 688 x 600mm Gloss White -> towel-rail
  ✓ model_3189.glb (408 polys)

[3190] Biava Multirail HV Straight 688 x 450mm Gloss White -> towel-rail
  ✓ model_3190.glb (408 polys)

[3191] Biava Multirail HV Straight 360 x 400mm Gloss White -> towel-rail
  ✓ model_3191.glb (408 polys)

[3192] Biava Multirail HV Straight 1720 x 750mm Chrome -> towel-rail
  ✓ model_3192.glb (408 polys)

[3193] Biava Multirail HV Straight 1720 x 600mm Chrome -> towel-rail
  ✓ model_3193.glb (408 polys)

[3194] Biava Multirail HV Straight 1118 x 750mm Chrome -> towel-rail
  ✓ model_3194.glb (408 polys)

[3195] Biava Multirail HV Straight 1118 x 600mm Chrome -> towel-rail
  ✓ model_3195.glb (408 polys)

[3196] Biava Multirail HV Straight 1118 x 450mm Chrome -> towel-rail
  ✓ model_3196.glb (408 polys)

[3197] Biava Multirail HV Straight 688 x 750mm Chrome -> towel-rail
  ✓ model_3197.glb (408 polys)

[3198] Biava Multirail HV Straight 688 x 600mm Chrome -> towel-rail
  ✓ model_3198.glb (408 polys)

[3199] Biava Multirail HV Straight 688 x 450mm Chrome -> towel-rail
  ✓ model_3199.glb (408 polys)

[3200] Biava Multirail HV Straight 360 x 400mm Chrome -> towel-rail
  ✓ model_3200.glb (408 polys)

[3201] Haddenham Designer Towel Rail 1200x600mm Chrome -> towel-rail
  ✓ model_3201.glb (408 polys)

[3202] Biava Multirail HV Straight 688 x 750mm Matt Anthracite -> towel-rail
  ✓ model_3202.glb (408 polys)

[3203] Biava Multirail HV Straight 688 x 600mm Matt Anthracite -> towel-rail
  ✓ model_3203.glb (408 polys)

[3204] Biava Multirail HV Straight 688 x 450mm Matt Anthracite -> towel-rail
  ✓ model_3204.glb (408 polys)

[3205] Biava Multirail HV Straight 360 x 400mm Matt Anthracite -> towel-rail
  ✓ model_3205.glb (408 polys)

[3206] Biava Multirail HV Straight 1720 x 750mm Gloss White -> towel-rail
  ✓ model_3206.glb (408 polys)

[3207] Biava Multirail HV Straight 1720 x 600mm Gloss White -> towel-rail
  ✓ model_3207.glb (408 polys)

[3208] Biava Multirail HV Straight 1720 x 450mm Gloss White -> towel-rail
  ✓ model_3208.glb (408 polys)

[3209] Loxley 800 x 600mm. Towel Rail Matt White -> towel-rail
  ✓ model_3209.glb (408 polys)

[3210] Loxley 800 x 500mm. Towel Rail Matt White -> towel-rail
  ✓ model_3210.glb (408 polys)

[3211] Kenilworth 1600 x 600mm. Towel Rail Chrome -> towel-rail
  ✓ model_3211.glb (408 polys)

[3212] Kenilworth 1600 x 500mm. Towel Rail Chrome -> towel-rail
  ✓ model_3212.glb (408 polys)

[3213] Kenilworth 1200 x 600mm. Towel Rail Chrome -> towel-rail
  ✓ model_3213.glb (408 polys)

[3214] Kenilworth 800 x 600mm. Towel Rail Chrome -> towel-rail
  ✓ model_3214.glb (408 polys)

[3215] Kenilworth 800 x 500mm. Towel Rail Chrome -> towel-rail
  ✓ model_3215.glb (408 polys)

[3216] Kenilworth 1600 x 600mm. Towel Rail Matt Anthracite -> towel-rail
  ✓ model_3216.glb (408 polys)

[3217] Kenilworth 1600 x 500mm. Towel Rail Matt Anthracite -> towel-rail
  ✓ model_3217.glb (408 polys)

[3218] Kenilworth 1200 x 600mm. Towel Rail Matt Anthracite -> towel-rail
  ✓ model_3218.glb (408 polys)

[3347] Tunstall 600 x 1061 Radiator Matt Black -> radiator
  ✓ model_3347.glb (286 polys)

[3219] Kenilworth 1200 x 500mm. Towel Rail Matt Anthracite -> towel-rail
  ✓ model_3219.glb (408 polys)

[3220] Kenilworth 800 x 600mm. Towel Rail Matt Anthracite -> towel-rail
  ✓ model_3220.glb (408 polys)

[3221] Kenilworth 800 x 500mm. Towel Rail Matt Anthracite -> towel-rail
  ✓ model_3221.glb (408 polys)

[3222] Loxley 800 x 600mm. Towel Rail Chrome -> towel-rail
  ✓ model_3222.glb (408 polys)

[3223] Kenilworth 1600 x 600mm. Towel Rail Matt White -> towel-rail
  ✓ model_3223.glb (408 polys)

[3224] Loxley 800 x 500mm. Towel Rail Chrome -> towel-rail
  ✓ model_3224.glb (408 polys)

[3225] Kenilworth 1600 x 500mm. Towel Rail Matt White -> towel-rail
  ✓ model_3225.glb (408 polys)

[3226] Loxley 1200 x 600mm. Towel Rail Matt Anthracite -> towel-rail
  ✓ model_3226.glb (408 polys)

[3227] Kenilworth 1200 x 600mm. Towel Rail Matt White -> towel-rail
  ✓ model_3227.glb (408 polys)

[3228] Loxley 1200 x 500mm. Towel Rail Matt Anthracite -> towel-rail
  ✓ model_3228.glb (408 polys)

[3229] Loxley 800 x 600mm. Towel Rail Matt Anthracite -> towel-rail
  ✓ model_3229.glb (408 polys)

[3230] Loxley 800 x 500mm. Towel Rail Matt Anthracite -> towel-rail
  ✓ model_3230.glb (408 polys)

[3231] Loxley 1200 x 600mm. Towel Rail Matt White -> towel-rail
  ✓ model_3231.glb (408 polys)

[3232] Loxley 1200 x 500mm. Towel Rail Matt White -> towel-rail
  ✓ model_3232.glb (408 polys)

[3257] Launton Designer Towel Rail 1200x600mm Matt White -> towel-rail
  ✓ model_3257.glb (408 polys)

[3233] Vantage 6mm Easy Clean 1000x760mm Offset Quadrant Shower Enclosure - Chrome -> shower-enclosure
  ✓ model_3233.glb (178 polys)

[3234] Vantage 6mm Easy Clean 900x760mm Offset Quadrant Shower Enclosure - Chrome -> shower-enclosure
  ✓ model_3234.glb (178 polys)

[3235] Vantage 6mm Easy Clean 1000x900mm Offset Quadrant Shower Enclosure - Chrome -> shower-enclosure
  ✓ model_3235.glb (178 polys)

[3236] Vantage 6mm Easy Clean 1000x800mm Offset Quadrant Shower Enclosure - Chrome -> shower-enclosure
  ✓ model_3236.glb (178 polys)

[3237] Vantage 6mm Easy Clean 1200x900mm Offset Quadrant Shower Enclosure - Chrome -> shower-enclosure
  ✓ model_3237.glb (178 polys)

[3238] Vantage 6mm Easy Clean 1200x800mm Offset Quadrant Shower Enclosure - Chrome -> shower-enclosure
  ✓ model_3238.glb (178 polys)

[3239] Vantage 6mm Easy Clean 900x800mm Offset Quadrant Shower Enclosure - Chrome -> shower-enclosure
  ✓ model_3239.glb (178 polys)

[3240] Valliant 8mm 1950mm x 500mm Round Pole Walk-In Front Shower Panel - Chrome -> shower-enclosure
  ✓ model_3240.glb (178 polys)

[3241] Valliant 8mm 1950mm x 1400mm Square Pole Walk-In Front Shower Panel - Chrome -> shower-enclosure
  ✓ model_3241.glb (178 polys)

[3242] Valliant 8mm 1950mm x 1200mm Square Pole Walk-In Front Shower Panel - Chrome -> shower-enclosure
  ✓ model_3242.glb (178 polys)

[3243] Valliant 8mm 1950mm x 1000mm Square Pole Walk-In Front Shower Panel - Chrome -> shower-enclosure
  ✓ model_3243.glb (178 polys)

[3273] Loxley 1200 x 500mm. Towel Rail Chrome -> towel-rail
  ✓ model_3273.glb (408 polys)

[3244] Valliant 8mm 1950mm x 900mm Square Pole Walk-In Front Shower Panel - Chrome -> shower-enclosure
  ✓ model_3244.glb (178 polys)

[3245] Valliant 8mm 1950mm x 800mm Square Pole Walk-In Front Shower Panel - Chrome -> shower-enclosure
  ✓ model_3245.glb (178 polys)

[3246] Valliant 8mm 1950mm x 760mm Square Pole Walk-In Front Shower Panel - Chrome -> shower-enclosure
  ✓ model_3246.glb (178 polys)

[3247] Valliant 8mm 1950mm x 700mm Square Pole Walk-In Front Shower Panel - Chrome -> shower-enclosure
  ✓ model_3247.glb (178 polys)

[3248] Valliant 8mm 1950mm x 500mm Square Pole Walk-In Front Shower Panel - Chrome -> shower-enclosure
  ✓ model_3248.glb (178 polys)

[3249] Haddenham Designer Towel Rail 1200x500mm Chrome -> towel-rail
  ✓ model_3249.glb (408 polys)

[3250] Haddenham Designer Towel Rail 1200x600mm Matt Anthracite -> towel-rail
  ✓ model_3250.glb (408 polys)

[3251] Haddenham Designer Towel Rail 1200x500mm Matt Anthracite -> towel-rail
  ✓ model_3251.glb (408 polys)

[3252] Haddenham Designer Towel Rail 1200x600mm Matt White -> towel-rail
  ✓ model_3252.glb (408 polys)

[3253] Haddenham Designer Towel Rail 1200x500mm Matt White -> towel-rail
  ✓ model_3253.glb (408 polys)

[3254] Launton Designer Towel Rail 1200x600mm Chrome -> towel-rail
  ✓ model_3254.glb (408 polys)

[3255] Launton Designer Towel Rail 1200x500mm Matt Anthracite -> towel-rail
  ✓ model_3255.glb (408 polys)

[3256] Launton Designer Towel Rail 1200x500mm Chrome -> towel-rail
  ✓ model_3256.glb (408 polys)

[3258] Launton Designer Towel Rail 1200x600mm Matt Anthracite -> towel-rail
  ✓ model_3258.glb (408 polys)

[3259] Launton Designer Towel Rail 1200x500mm Matt White -> towel-rail
  ✓ model_3259.glb (408 polys)

[3260] Eshton 1200 x 600mm. Towel Rail Chrome -> towel-rail
  ✓ model_3260.glb (408 polys)

[3261] Eshton 1200 x 500mm. Towel Rail Chrome -> towel-rail
  ✓ model_3261.glb (408 polys)

[3262] Eshton 800 x 600mm. Towel Rail Chrome -> towel-rail
  ✓ model_3262.glb (408 polys)

[3263] Eshton 800 x 500mm. Towel Rail Chrome -> towel-rail
  ✓ model_3263.glb (408 polys)

[3264] Eshton 1200 x 600mm. Towel Rail Matt Anthracite -> towel-rail
  ✓ model_3264.glb (408 polys)

[3265] Eshton 1200 x 500mm. Towel Rail Matt Anthracite -> towel-rail
  ✓ model_3265.glb (408 polys)

[3266] Eshton 800 x 600mm. Towel Rail Matt Anthracite -> towel-rail
  ✓ model_3266.glb (408 polys)

[3267] Eshton 800 x 500mm. Towel Rail Matt Anthracite -> towel-rail
  ✓ model_3267.glb (408 polys)

[3268] Eshton 1200 x 600mm. Towel Rail Matt White -> towel-rail
  ✓ model_3268.glb (408 polys)

[3269] Eshton 1200 x 500mm. Towel Rail Matt White -> towel-rail
  ✓ model_3269.glb (408 polys)

[3270] Eshton 800 x 600mm. Towel Rail Matt White -> towel-rail
  ✓ model_3270.glb (408 polys)

[3271] Eshton 800 x 500mm. Towel Rail Matt White -> towel-rail
  ✓ model_3271.glb (408 polys)

[3272] Loxley 1200 x 600mm. Towel Rail Chrome -> towel-rail
  ✓ model_3272.glb (408 polys)

[3274] Biava Multirail HV Straight 1720 x 750mm Matt Black -> towel-rail
  ✓ model_3274.glb (408 polys)

[3275] Biava Multirail HV Straight 1720 x 600mm Matt Black -> towel-rail
  ✓ model_3275.glb (408 polys)

[3276] Biava Multirail HV Straight 1720 x 450mm Matt Black -> towel-rail
  ✓ model_3276.glb (408 polys)

[3277] Vulcan 1850mm x 1700mm Slider Shower Door - Chrome -> shower-enclosure
  ✓ model_3277.glb (178 polys)

[3278] Biava Multirail HV Straight 1118 x 750mm Matt Black -> towel-rail
  ✓ model_3278.glb (408 polys)

[3279] Vulcan 1850mm x 1600mm Slider Shower Door - Chrome -> shower-enclosure
  ✓ model_3279.glb (178 polys)

[3280] Vulcan 1850mm x 1500mm Slider Shower Door - Chrome -> shower-enclosure
  ✓ model_3280.glb (178 polys)

[3281] Biava Multirail HV Straight 1118 x 600mm Matt Black -> towel-rail
  ✓ model_3281.glb (408 polys)

[3282] Vulcan 1850mm x 1400mm Slider Shower Door - Chrome -> shower-enclosure
  ✓ model_3282.glb (178 polys)

[3283] Biava Multirail HV Straight 1118 x 450mm Matt Black -> towel-rail
  ✓ model_3283.glb (408 polys)

[3284] Vulcan 1850mm x 1300mm Slider Shower Door - Chrome -> shower-enclosure
  ✓ model_3284.glb (178 polys)

[3285] Vulcan 1850mm x 1200mm Slider Shower Door - Chrome -> shower-enclosure
  ✓ model_3285.glb (178 polys)

[3286] Biava Multirail HV Straight 688 x 750mm Matt Black -> towel-rail
  ✓ model_3286.glb (408 polys)

[3287] Biava Multirail HV Straight 688 x 600mm Matt Black -> towel-rail
  ✓ model_3287.glb (408 polys)

[3288] Vulcan 1850mm x 1100mm Slider Shower Door - Chrome -> shower-enclosure
  ✓ model_3288.glb (178 polys)

[3289] Vulcan 1850mm x 1000mm Slider Shower Door - Chrome -> shower-enclosure
  ✓ model_3289.glb (178 polys)

[3290] Biava Multirail HV Straight 360 x 400mm Matt Black -> towel-rail
  ✓ model_3290.glb (408 polys)

[3291] Biava Multirail HV Straight 1720 x 750mm Matt Anthracite -> towel-rail
  ✓ model_3291.glb (408 polys)

[3292] Biava Multirail HV Straight 1720 x 600mm Matt Anthracite -> towel-rail
  ✓ model_3292.glb (408 polys)

[3293] Biava Multirail HV Straight 1720 x 450mm Matt Anthracite -> towel-rail
  ✓ model_3293.glb (408 polys)

[3294] Biava Multirail HV Straight 1118 x 750mm Matt Anthracite -> towel-rail
  ✓ model_3294.glb (408 polys)

[3295] Biava Multirail HV Straight 1118 x 600mm Matt Anthracite -> towel-rail
  ✓ model_3295.glb (408 polys)

[3296] Biava Multirail HV Straight 1118 x 450mm Matt Anthracite -> towel-rail
  ✓ model_3296.glb (408 polys)

[3297] Corinium Round 1200 x 500 Towel Rail Chrome -> towel-rail
  ✓ model_3297.glb (408 polys)

[3298] Tuscan Round 800 x 600 Towel Rail Matt Anthracite -> towel-rail
  ✓ model_3298.glb (408 polys)

[3299] Corinium Round 800 x 600 Towel Rail Chrome -> towel-rail
  ✓ model_3299.glb (408 polys)

[3300] Corinium Round 800 x 500 Towel Rail Chrome -> towel-rail
  ✓ model_3300.glb (408 polys)

[3301] Tuscan Round 800 x 500 Towel Rail Matt Anthracite -> towel-rail
  ✓ model_3301.glb (408 polys)

[3302] Corinium Round 1800 x 600 Towel Rail Matt Black -> towel-rail
  ✓ model_3302.glb (408 polys)

[3303] Tuscan Round 1800 x 600 Towel Rail Matt Grey -> towel-rail
  ✓ model_3303.glb (408 polys)

[3304] Corinium Round 1800 x 500 Towel Rail Matt Black -> towel-rail
  ✓ model_3304.glb (408 polys)

[3305] Tuscan Round 1800 x 500 Towel Rail Matt Grey -> towel-rail
  ✓ model_3305.glb (408 polys)

[3306] Corinium Round 1200 x 600 Towel Rail Matt Black -> towel-rail
  ✓ model_3306.glb (408 polys)

[3307] Tuscan Round 1200 x 600 Towel Rail Matt Grey -> towel-rail
  ✓ model_3307.glb (408 polys)

[3308] Corinium Round 1200 x 500 Towel Rail Matt Black -> towel-rail
  ✓ model_3308.glb (408 polys)

[3309] Tuscan Round 1200 x 500 Towel Rail Matt Grey -> towel-rail
  ✓ model_3309.glb (408 polys)

[3310] Corinium Round 800 x 600 Towel Rail Matt Black -> towel-rail
  ✓ model_3310.glb (408 polys)

[3311] Tuscan Round 800 x 600 Towel Rail Matt Grey -> towel-rail
  ✓ model_3311.glb (408 polys)

[3312] Tuscan Round 800 x 500 Towel Rail Matt Grey -> towel-rail
  ✓ model_3312.glb (408 polys)

[3313] Tuscan Round 1800 x 600 Towel Rail Gloss White -> towel-rail
  ✓ model_3313.glb (408 polys)

[3314] Tuscan Round 1800 x 500 Towel Rail Gloss White -> towel-rail
  ✓ model_3314.glb (408 polys)

[3315] Withington 1800 x 470 Aluminium Radiator Matt Cobalt Blue -> radiator
  ✓ model_3315.glb (286 polys)

[3316] Tuscan Round 1200 x 600 Towel Rail Gloss White -> towel-rail
  ✓ model_3316.glb (408 polys)

[3317] Tuscan Round 1200 x 500 Towel Rail Gloss White -> towel-rail
  ✓ model_3317.glb (408 polys)

[3318] Withington 1800 x 375 Aluminium Radiator Matt Cobalt Blue -> radiator
  ✓ model_3318.glb (286 polys)

[3319] Tuscan Round 800 x 600 Towel Rail Gloss White -> towel-rail
  ✓ model_3319.glb (408 polys)

[3320] Withington 1800 x 280 Aluminium Radiator Matt Cobalt Blue -> radiator
  ✓ model_3320.glb (286 polys)

[3321] Tuscan Round 800 x 500 Towel Rail Gloss White -> towel-rail
  ✓ model_3321.glb (408 polys)

[3322] Corinium Round 1800 x 600 Towel Rail Chrome -> towel-rail
  ✓ model_3322.glb (408 polys)

[3323] Tuscan Round 1800 x 600 Towel Rail Chrome -> towel-rail
  ✓ model_3323.glb (408 polys)

[3324] Corinium Round 1800 x 500 Towel Rail Chrome -> towel-rail
  ✓ model_3324.glb (408 polys)

[3325] Tuscan Round 1800 x 500 Towel Rail Chrome -> towel-rail
  ✓ model_3325.glb (408 polys)

[3326] Corinium Round 1200 x 600 Towel Rail Chrome -> towel-rail
  ✓ model_3326.glb (408 polys)

[3327] Tuscan Round 1200 x 600 Towel Rail Chrome -> towel-rail
  ✓ model_3327.glb (408 polys)

[3328] Tuscan Round 1200 x 500 Towel Rail Chrome -> towel-rail
  ✓ model_3328.glb (408 polys)

[3329] Tuscan Round 800 x 600 Towel Rail Chrome -> towel-rail
  ✓ model_3329.glb (408 polys)

[3330] Tuscan Round 800 x 500 Towel Rail Chrome -> towel-rail
  ✓ model_3330.glb (408 polys)

[3331] Tuscan Round 1800 x 600 Towel Rail Matt Black -> towel-rail
  ✓ model_3331.glb (408 polys)

[3332] Tuscan Round 1800 x 500 Towel Rail Matt Black -> towel-rail
  ✓ model_3332.glb (408 polys)

[3333] Tuscan Round 1200 x 600 Towel Rail Matt Black -> towel-rail
  ✓ model_3333.glb (408 polys)

[3334] Tuscan Round 1200 x 500 Towel Rail Matt Black -> towel-rail
  ✓ model_3334.glb (408 polys)

[3335] Tuscan Round 800 x 600 Towel Rail Matt Black -> towel-rail
  ✓ model_3335.glb (408 polys)

[3336] Tuscan Round 800 x 500 Towel Rail Matt Black -> towel-rail
  ✓ model_3336.glb (408 polys)

[3337] Tuscan Round 1800 x 600 Towel Rail Matt Anthracite -> towel-rail
  ✓ model_3337.glb (408 polys)

[3338] Tuscan Round 1800 x 500 Towel Rail Matt Anthracite -> towel-rail
  ✓ model_3338.glb (408 polys)

[3339] Tuscan Round 1200 x 600 Towel Rail Matt Anthracite -> towel-rail
  ✓ model_3339.glb (408 polys)

[3340] Tuscan Round 1200 x 500 Towel Rail Matt Anthracite -> towel-rail
  ✓ model_3340.glb (408 polys)

[3341] Corinium Round 800 x 600 Towel Rail Gloss White -> towel-rail
  ✓ model_3341.glb (408 polys)

[3342] Deddington 1800 x 550 Radiator Matt Black -> radiator
  ✓ model_3342.glb (286 polys)

[3343] Tordino Towel Hanger 470mm Matt Grey -> shelf
  ✓ model_3343.glb (18 polys)

[3344] Corinium Round 800 x 500 Towel Rail Gloss White -> towel-rail
  ✓ model_3344.glb (408 polys)

[3345] Deddington 1800 x 470 Radiator Matt Black -> radiator
  ✓ model_3345.glb (286 polys)

[3346] Tordino Towel Hanger 375mm Matt Grey -> shelf
  ✓ model_3346.glb (18 polys)

[3348] Deddington Vertical 550mm Towel Hanger Chrome -> shelf
  ✓ model_3348.glb (18 polys)

[3349] Deddington Vertical 390mm Towel Hanger Chrome -> shelf
  ✓ model_3349.glb (18 polys)

[3350] Tordino Towel Hanger 280mm Matt Grey -> shelf
  ✓ model_3350.glb (18 polys)

[3351] Deddington 1800 x 390 Radiator Matt Black -> radiator
  ✓ model_3351.glb (286 polys)

[3352] Deddington Vertical 630mm Towel Hanger Matt Black -> shelf
  ✓ model_3352.glb (18 polys)

[3353] Tunstall 600 x 1061 Radiator Matt Anthracite -> radiator
  ✓ model_3353.glb (286 polys)

[3354] Deddington Vertical 550mm Towel Hanger Matt Black -> shelf
  ✓ model_3354.glb (18 polys)

[3355] Withington 600 x 1230 Aluminium Radiator Matt Cobalt Blue -> radiator
  ✓ model_3355.glb (286 polys)

[3356] Deddington 1800 x 310 Radiator Matt Black -> radiator
  ✓ model_3356.glb (286 polys)

[3357] Deddington Vertical 470mm Towel Hanger Matt Black -> shelf
  ✓ model_3357.glb (18 polys)

[3358] Tunstall 600 x 1061 Radiator Matt White -> radiator
  ✓ model_3358.glb (286 polys)

[3359] Deddington 1800 x 550 Radiator Matt Anthracite -> radiator
  ✓ model_3359.glb (286 polys)

[3360] Deddington Vertical 390mm Towel Hanger Matt Black -> shelf
  ✓ model_3360.glb (18 polys)

[3361] Withington 600 x 1040 Aluminium Radiator Matt Cobalt Blue -> radiator
  ✓ model_3361.glb (286 polys)

[3362] Deddington Vertical 310mm Towel Hanger Matt Black -> shelf
  ✓ model_3362.glb (18 polys)

[3363] Tunstall 600 x 648 Radiator Matt Black -> radiator
  ✓ model_3363.glb (286 polys)

[3364] Deddington 1800 x 390 Radiator Matt Anthracite -> radiator
  ✓ model_3364.glb (286 polys)

[3365] Corinium Round 800 x 500 Towel Rail Matt Black -> towel-rail
  ✓ model_3365.glb (408 polys)

[3366] Rowsham 800 x 500mm Towel Rail Matt White -> towel-rail
  ✓ model_3366.glb (408 polys)

[3367] Deddington Vertical 550mm Towel Hanger Matt Anthracite -> shelf
  ✓ model_3367.glb (18 polys)

[3368] Withington 600 x 850 Aluminium Radiator Matt Cobalt Blue -> radiator
  ✓ model_3368.glb (286 polys)

[3369] Corinium Round 1800 x 600 Towel Rail Matt Anthracite -> towel-rail
  ✓ model_3369.glb (408 polys)

[3370] Deddington Vertical 390mm Towel Hanger Matt Anthracite -> shelf
  ✓ model_3370.glb (18 polys)

[3371] Deddington 1800 x 550 Radiator Gloss White -> radiator
  ✓ model_3371.glb (286 polys)

[3372] Tunstall 600 x 648 Radiator Matt Anthracite -> radiator
  ✓ model_3372.glb (286 polys)

[3373] Reinbach 1800 x 600mm Towel Rail Matt Black -> towel-rail
  ✓ model_3373.glb (408 polys)

[3374] Deddington Vertical 550mm Towel Hanger Gloss White -> shelf
  ✓ model_3374.glb (18 polys)

[3375] Withington 600 x 660 Aluminium Radiator Matt Cobalt Blue -> radiator
  ✓ model_3375.glb (286 polys)

[3376] Corinium Round 1800 x 500 Towel Rail Matt Anthracite -> towel-rail
  ✓ model_3376.glb (408 polys)

[3392] Vesima Towel Hanger 603mm Matt White -> shelf
  ✓ model_3392.glb (18 polys)

[3377] Deddington 1800 x 390 Radiator Gloss White -> radiator
  ✓ model_3377.glb (286 polys)

[3378] Vesima Towel Hanger 603mm Chrome -> shelf
  ✓ model_3378.glb (18 polys)

[3379] Tunstall 600 x 648 Radiator Matt White -> radiator
  ✓ model_3379.glb (286 polys)

[3380] Withington 600 x 470 Aluminium Radiator Matt Cobalt Blue -> radiator
  ✓ model_3380.glb (286 polys)

[3381] Deddington Vertical 390mm Towel Hanger Gloss White -> shelf
  ✓ model_3381.glb (18 polys)

[3382] Reinbach 1800 x 500mm Towel Rail Matt Black -> towel-rail
  ✓ model_3382.glb (408 polys)

[3383] Vesima Towel Hanger 603mm Matt Black -> shelf
  ✓ model_3383.glb (18 polys)

[3384] Deddington 600 x 1110 Radiator Chrome -> radiator
  ✓ model_3384.glb (286 polys)

[3385] Tunstall 600 x 471 Radiator Matt Black -> radiator
  ✓ model_3385.glb (286 polys)

[3386] Corinium Round 1200 x 600 Towel Rail Matt Anthracite -> towel-rail
  ✓ model_3386.glb (408 polys)

[3387] Vesima Towel Hanger 603mm Matt Anthracite -> shelf
  ✓ model_3387.glb (18 polys)

[3388] Deddington 1800 x 500 Towel Rail Matt Cobalt Blue -> towel-rail
  ✓ model_3388.glb (408 polys)

[3389] Reinbach 1200 x 600mm Towel Rail Matt Black -> towel-rail
  ✓ model_3389.glb (408 polys)

[3390] Tunstall 600 x 471 Radiator Matt Anthracite -> radiator
  ✓ model_3390.glb (286 polys)

[3391] Deddington 600 x 550 Radiator Chrome -> radiator
  ✓ model_3391.glb (286 polys)

[3393] Reinbach 1800 x 600mm Towel Rail Matt White -> towel-rail
  ✓ model_3393.glb (408 polys)

[3394] Corinium Round 1200 x 500 Towel Rail Matt Anthracite -> towel-rail
  ✓ model_3394.glb (408 polys)

[3395] Deddington 600 x 470 Radiator Chrome -> radiator
  ✓ model_3395.glb (286 polys)

[3396] Rowsham 1800 x 600mm Towel Rail Matt Anthracite -> towel-rail
  ✓ model_3396.glb (408 polys)

[3397] Reinbach 1200 x 500mm Towel Rail Matt Black -> towel-rail
  ✓ model_3397.glb (408 polys)

[3398] Deddington 1200 x 500 Towel Rail Matt Cobalt Blue -> towel-rail
  ✓ model_3398.glb (408 polys)

[3399] Tunstall 600 x 471 Radiator Matt White -> radiator
  ✓ model_3399.glb (286 polys)

[3400] Platani 1800 x 500mm Towel Rail Matt Grey -> towel-rail
  ✓ model_3400.glb (408 polys)

[3401] Reinbach 1800 x 500mm Towel Rail Matt White -> towel-rail
  ✓ model_3401.glb (408 polys)

[3402] Rowsham 1800 x 500mm Towel Rail Matt Anthracite -> towel-rail
  ✓ model_3402.glb (408 polys)

[3403] Tunstall 1800 x 560 Radiator Chrome -> radiator
  ✓ model_3403.glb (286 polys)

[3404] Deddington 600 x 390 Radiator Chrome -> radiator
  ✓ model_3404.glb (286 polys)

[3405] Corinium Round 800 x 600 Towel Rail Matt Anthracite -> towel-rail
  ✓ model_3405.glb (408 polys)

[3406] Platani 1150 x 600mm Towel Rail Matt Grey -> towel-rail
  ✓ model_3406.glb (408 polys)

[3407] Reinbach 800 x 600mm Towel Rail Matt Black -> towel-rail
  ✓ model_3407.glb (408 polys)

[3408] Reinbach 1200 x 600mm Towel Rail Matt White -> towel-rail
  ✓ model_3408.glb (408 polys)

[3409] Rowsham 1200 x 600mm Towel Rail Matt Anthracite -> towel-rail
  ✓ model_3409.glb (408 polys)

[3410] Deddington 800 x 500 Towel Rail Matt Cobalt Blue -> towel-rail
  ✓ model_3410.glb (408 polys)

[3411] Tunstall 1800 x 560 Radiator Matt Black -> radiator
  ✓ model_3411.glb (286 polys)

[3412] Platani 1150 x 500mm Towel Rail Matt Grey -> towel-rail
  ✓ model_3412.glb (408 polys)

[3413] Rowsham 1200 x 500mm Towel Rail Matt Anthracite -> towel-rail
  ✓ model_3413.glb (408 polys)

[3414] Deddington 600 x 1270 Radiator Matt Cobalt Blue -> radiator
  ✓ model_3414.glb (286 polys)

[3415] Santero 1200 x 600mm Towel Rail Matt Anthracite -> towel-rail
  ✓ model_3415.glb (408 polys)

[3416] Reinbach 800 x 500mm Towel Rail Matt Black -> towel-rail
  ✓ model_3416.glb (408 polys)

[3417] Reinbach 1200 x 500mm Towel Rail Matt White -> towel-rail
  ✓ model_3417.glb (408 polys)

[3418] Corinium Round 800 x 500 Towel Rail Matt Anthracite -> towel-rail
  ✓ model_3418.glb (408 polys)

[3419] Deddington 1800 x 500 Towel Rail Matt Black -> towel-rail
  ✓ model_3419.glb (408 polys)

[3420] Rowsham 800 x 600mm Towel Rail Matt Anthracite -> towel-rail
  ✓ model_3420.glb (408 polys)

[3421] Tunstall 1800 x 560 Radiator Matt Anthracite -> radiator
  ✓ model_3421.glb (286 polys)

[3422] Platani 800 x 600mm Towel Rail Matt Grey -> towel-rail
  ✓ model_3422.glb (408 polys)

[3423] Deddington 600 x 950 Radiator Matt Cobalt Blue -> radiator
  ✓ model_3423.glb (286 polys)

[3424] Santero 1200 x 500mm Towel Rail Matt Anthracite -> towel-rail
  ✓ model_3424.glb (408 polys)

[3425] Reinbach 1800 x 600mm Towel Rail Matt Anthracite -> towel-rail
  ✓ model_3425.glb (408 polys)

[3426] Reinbach 800 x 600mm Towel Rail Matt White -> towel-rail
  ✓ model_3426.glb (408 polys)

[3427] Rowsham 800 x 500mm Towel Rail Matt Anthracite -> towel-rail
  ✓ model_3427.glb (408 polys)

[3428] Tunstall 1800 x 560 Radiator Matt White -> radiator
  ✓ model_3428.glb (286 polys)

[3429] Corinium Round 1800 x 600 Towel Rail Matt Grey -> towel-rail
  ✓ model_3429.glb (408 polys)

[3430] Platani 800 x 500mm Towel Rail Matt Grey -> towel-rail
  ✓ model_3430.glb (408 polys)

[3431] Reinbach 1800 x 500mm Towel Rail Matt Anthracite -> towel-rail
  ✓ model_3431.glb (408 polys)

[3432] Deddington 1200 x 500 Towel Rail Matt Black -> towel-rail
  ✓ model_3432.glb (408 polys)

[3433] Santero 800 x 600mm Towel Rail Matt Anthracite -> towel-rail
  ✓ model_3433.glb (408 polys)

[3434] Rowsham 1800 x 600mm Towel Rail Matt White -> towel-rail
  ✓ model_3434.glb (408 polys)

[3435] Deddington 600 x 790 Radiator Matt Cobalt Blue -> radiator
  ✓ model_3435.glb (286 polys)

[4268] Addington Aluminium 600 x 1254 Radiator Type10 Gloss White -> radiator
  ✓ model_4268.glb (286 polys)

[4335] Hadleigh 1800 x 485 Aluminium Radiator Matt White -> radiator
  ✓ model_4335.glb (286 polys)

[3437] Deddington 800 x 500 Towel Rail Matt Black -> towel-rail
  ✓ model_3437.glb (408 polys)

[3438] Reinbach 800 x 500mm Towel Rail Matt White -> towel-rail
  ✓ model_3438.glb (408 polys)

[3439] Platani 1800 x 600mm Towel Rail Matt White -> towel-rail
  ✓ model_3439.glb (408 polys)

[3440] Reinbach 1200 x 600mm Towel Rail Matt Anthracite -> towel-rail
  ✓ model_3440.glb (408 polys)

[3441] Rowsham 1800 x 500mm Towel Rail Matt White -> towel-rail
  ✓ model_3441.glb (408 polys)

[3442] Corinium Round 1800 x 500 Towel Rail Matt Grey -> towel-rail
  ✓ model_3442.glb (408 polys)

[3443] Santero 800 x 500mm Towel Rail Matt Anthracite -> towel-rail
  ✓ model_3443.glb (408 polys)

[3444] Platani 1800 x 600mm Towel Rail Chrome -> towel-rail
  ✓ model_3444.glb (408 polys)

[3445] Tunstall 1800 x 490 Radiator Matt Black -> radiator
  ✓ model_3445.glb (286 polys)

[3446] Deddington 600 x 630 Radiator Matt Cobalt Blue -> radiator
  ✓ model_3446.glb (286 polys)

[3447] Platani 1800 x 500mm Towel Rail Matt White -> towel-rail
  ✓ model_3447.glb (408 polys)

[3448] Rowsham 1200 x 600mm Towel Rail Matt White -> towel-rail
  ✓ model_3448.glb (408 polys)

[3449] Deddington 1800 x 550 Radiator Chrome -> radiator
  ✓ model_3449.glb (286 polys)

[3450] Reinbach 1200 x 500mm Towel Rail Matt Anthracite -> towel-rail
  ✓ model_3450.glb (408 polys)

[3451] Santero 1800 x 600mm Towel Rail Gloss White -> towel-rail
  ✓ model_3451.glb (408 polys)

[3452] Platani 1150 x 600mm Towel Rail Matt White -> towel-rail
  ✓ model_3452.glb (408 polys)

[3453] Platani 1800 x 500mm Towel Rail Chrome -> towel-rail
  ✓ model_3453.glb (408 polys)

[3454] Corinium Round 1200 x 600 Towel Rail Matt Grey -> towel-rail
  ✓ model_3454.glb (408 polys)

[3455] Tunstall 1800 x 490 Radiator Matt Anthracite -> radiator
  ✓ model_3455.glb (286 polys)

[3456] Rowsham 1200 x 500mm Towel Rail Matt White -> towel-rail
  ✓ model_3456.glb (408 polys)

[3457] Deddington 600 x 1270 Radiator Matt Black -> radiator
  ✓ model_3457.glb (286 polys)

[3458] Platani 1150 x 500mm Towel Rail Matt White -> towel-rail
  ✓ model_3458.glb (408 polys)

[3459] Reinbach 800 x 600mm Towel Rail Matt Anthracite -> towel-rail
  ✓ model_3459.glb (408 polys)

[3460] Rowsham 800 x 600mm Towel Rail Matt White -> towel-rail
  ✓ model_3460.glb (408 polys)

[3461] Deddington 1800 x 390 Radiator Chrome -> radiator
  ✓ model_3461.glb (286 polys)

[3462] Platani 1150 x 600mm Towel Rail Chrome -> towel-rail
  ✓ model_3462.glb (408 polys)

[3463] Santero 1800 x 500mm Towel Rail Gloss White -> towel-rail
  ✓ model_3463.glb (408 polys)

[3464] Deddington 600 x 950 Radiator Matt Black -> radiator
  ✓ model_3464.glb (286 polys)

[3465] Corinium Round 1200 x 500 Towel Rail Matt Grey -> towel-rail
  ✓ model_3465.glb (408 polys)

[3466] Platani 800 x 600mm Towel Rail Matt White -> towel-rail
  ✓ model_3466.glb (408 polys)

[3467] Reinbach 800 x 500mm Towel Rail Matt Anthracite -> towel-rail
  ✓ model_3467.glb (408 polys)

[3468] Platani 1150 x 500mm Towel Rail Chrome -> towel-rail
  ✓ model_3468.glb (408 polys)

[3469] Santero 1200 x 600mm Towel Rail Gloss White -> towel-rail
  ✓ model_3469.glb (408 polys)

[3470] Deddington 1800 x 630 Radiator Matt Cobalt Blue -> radiator
  ✓ model_3470.glb (286 polys)

[3471] Deddington 600 x 790 Radiator Matt Black -> radiator
  ✓ model_3471.glb (286 polys)

[3472] Platani 800 x 500mm Towel Rail Matt White -> towel-rail
  ✓ model_3472.glb (408 polys)

[3473] Platani 800 x 600mm Towel Rail Chrome -> towel-rail
  ✓ model_3473.glb (408 polys)

[3474] Corinium Round 800 x 600 Towel Rail Matt Grey -> towel-rail
  ✓ model_3474.glb (408 polys)

[3475] Reinbach 1800 x 600mm Towel Rail Matt Grey -> towel-rail
  ✓ model_3475.glb (408 polys)

[3476] Santero 1800 x 600mm Towel Rail Chrome -> towel-rail
  ✓ model_3476.glb (408 polys)

[3477] Santero 1200 x 500mm Towel Rail Gloss White -> towel-rail
  ✓ model_3477.glb (408 polys)

[3478] Deddington 600 x 630 Radiator Matt Black -> radiator
  ✓ model_3478.glb (286 polys)

[3479] Deddington 1800 x 470 Radiator Matt Cobalt Blue -> radiator
  ✓ model_3479.glb (286 polys)

[3480] Platani 800 x 500mm Towel Rail Chrome -> towel-rail
  ✓ model_3480.glb (408 polys)

[3481] Corinium Round 800 x 500 Towel Rail Matt Grey -> towel-rail
  ✓ model_3481.glb (408 polys)

[3482] Reinbach 1800 x 500mm Towel Rail Matt Grey -> towel-rail
  ✓ model_3482.glb (408 polys)

[3483] Santero 1800 x 500mm Towel Rail Chrome -> towel-rail
  ✓ model_3483.glb (408 polys)

[3484] Deddington 600 x 1110 Radiator Matt Anthracite -> radiator
  ✓ model_3484.glb (286 polys)

[3485] Deddington 1800 x 310 Radiator Matt Cobalt Blue -> radiator
  ✓ model_3485.glb (286 polys)

[3486] Platani 1800 x 600mm Towel Rail Matt Black -> towel-rail
  ✓ model_3486.glb (408 polys)

[3487] Santero 1200 x 600mm Towel Rail Chrome -> towel-rail
  ✓ model_3487.glb (408 polys)

[3488] Corinium Round 1800 x 600 Towel Rail Gloss White -> towel-rail
  ✓ model_3488.glb (408 polys)

[3489] Reinbach 1200 x 600mm Towel Rail Matt Grey -> towel-rail
  ✓ model_3489.glb (408 polys)

[3490] Deddington 600 x 550 Radiator Matt Anthracite -> radiator
  ✓ model_3490.glb (286 polys)

[3491] Santero 1200 x 500mm Towel Rail Chrome -> towel-rail
  ✓ model_3491.glb (408 polys)

[3492] Platani 1800 x 500mm Towel Rail Matt Black -> towel-rail
  ✓ model_3492.glb (408 polys)

[3493] Reinbach 1200 x 500mm Towel Rail Matt Grey -> towel-rail
  ✓ model_3493.glb (408 polys)

[3494] Deddington 1800 x 630 Radiator Matt Black -> radiator
  ✓ model_3494.glb (286 polys)

[3495] Corinium Round 1800 x 500 Towel Rail Gloss White -> towel-rail
  ✓ model_3495.glb (408 polys)

[3496] Santero 800 x 600mm Towel Rail Chrome -> towel-rail
  ✓ model_3496.glb (408 polys)

[3497] Platani 1150 x 600mm Towel Rail Matt Black -> towel-rail
  ✓ model_3497.glb (408 polys)

[3498] Deddington 600 x 470 Radiator Matt Anthracite -> radiator
  ✓ model_3498.glb (286 polys)

[3499] Reinbach 800 x 600mm Towel Rail Matt Grey -> towel-rail
  ✓ model_3499.glb (408 polys)

[3500] Santero 800 x 500mm Towel Rail Chrome -> towel-rail
  ✓ model_3500.glb (408 polys)

[3501] Corinium Round 1200 x 600 Towel Rail Gloss White -> towel-rail
  ✓ model_3501.glb (408 polys)

[3502] Platani 1150 x 500mm Towel Rail Matt Black -> towel-rail
  ✓ model_3502.glb (408 polys)

[3503] Reinbach 800 x 500mm Towel Rail Matt Grey -> towel-rail
  ✓ model_3503.glb (408 polys)

[3504] Deddington 600 x 390 Radiator Matt Anthracite -> radiator
  ✓ model_3504.glb (286 polys)

[3505] Santero 1800 x 600mm Towel Rail Matt Black -> towel-rail
  ✓ model_3505.glb (408 polys)

[3506] Platani 800 x 600mm Towel Rail Matt Black -> towel-rail
  ✓ model_3506.glb (408 polys)

[3507] Corinium Round 1200 x 500 Towel Rail Gloss White -> towel-rail
  ✓ model_3507.glb (408 polys)

[3508] Reinbach 1800 x 600mm Towel Rail Matt Cappuccino -> towel-rail
  ✓ model_3508.glb (408 polys)

[3509] Deddington 600 x 1110 Radiator Gloss White -> radiator
  ✓ model_3509.glb (286 polys)

[3510] Santero 1800 x 500mm Towel Rail Matt Black -> towel-rail
  ✓ model_3510.glb (408 polys)

[3511] Platani 800 x 500mm Towel Rail Matt Black -> towel-rail
  ✓ model_3511.glb (408 polys)

[3512] Santero 1200 x 600mm Towel Rail Matt Black -> towel-rail
  ✓ model_3512.glb (408 polys)

[3513] Reinbach 1800 x 500mm Towel Rail Matt Cappuccino -> towel-rail
  ✓ model_3513.glb (408 polys)

[3514] Santero 1200 x 500mm Towel Rail Matt Black -> towel-rail
  ✓ model_3514.glb (408 polys)

[3515] Platani 1800 x 600mm Towel Rail Matt Anthracite -> towel-rail
  ✓ model_3515.glb (408 polys)

[3516] Reinbach 1200 x 600mm Towel Rail Matt Cappuccino -> towel-rail
  ✓ model_3516.glb (408 polys)

[3517] Santero 800 x 600mm Towel Rail Matt Black -> towel-rail
  ✓ model_3517.glb (408 polys)

[3518] Reinbach 1200 x 500mm Towel Rail Matt Cappuccino -> towel-rail
  ✓ model_3518.glb (408 polys)

[3519] Platani 1800 x 500mm Towel Rail Matt Anthracite -> towel-rail
  ✓ model_3519.glb (408 polys)

[3520] Santero 800 x 500mm Towel Rail Matt Black -> towel-rail
  ✓ model_3520.glb (408 polys)

[3521] Santero 1800 x 600mm Towel Rail Matt Anthracite -> towel-rail
  ✓ model_3521.glb (408 polys)

[3522] Reinbach 800 x 600mm Towel Rail Matt Cappuccino -> towel-rail
  ✓ model_3522.glb (408 polys)

[4456] Sandhurst Towel Hanger 275mm Matt White -> shelf
  ✓ model_4456.glb (18 polys)

[4457] Hadleigh Towel Hanger 485mm Chrome -> shelf
  ✓ model_4457.glb (18 polys)

[4458] Hadleigh Towel Hanger 415mm Chrome -> shelf
  ✓ model_4458.glb (18 polys)

[3523] Platani 1150 x 600mm Towel Rail Matt Anthracite -> towel-rail
  ✓ model_3523.glb (408 polys)

[4459] Hadleigh Towel Hanger 275mm Chrome -> shelf
  ✓ model_4459.glb (18 polys)

[3524] Santero 1800 x 500mm Towel Rail Matt Anthracite -> towel-rail
  ✓ model_3524.glb (408 polys)

[4460] Hadleigh Towel Hanger 485mm Matt Black -> shelf
  ✓ model_4460.glb (18 polys)

[4269] Addington Aluminium 600 x 1180 Radiator Type10 Gloss White -> radiator
  ✓ model_4269.glb (286 polys)

[4270] Addington Aluminium 600 x 1032 Radiator Type10 Gloss White -> radiator
  ✓ model_4270.glb (286 polys)

[4271] Addington Aluminium 600 x 810 Radiator Type10 Gloss White -> radiator
  ✓ model_4271.glb (286 polys)

[4272] Addington Aluminium 600 x 662 Radiator Type10 Matt Anthracite -> radiator
  ✓ model_4272.glb (286 polys)

[4273] Addington Aluminium 600 x 588 Radiator Type10 Matt Anthracite -> radiator
  ✓ model_4273.glb (286 polys)

[4274] Addington Aluminium 1800 x 588 Radiator Type20 Matt Anthracite -> radiator
  ✓ model_4274.glb (286 polys)

[4275] Addington Aluminium 1800 x 514 Radiator Type20 Matt Anthracite -> radiator
  ✓ model_4275.glb (286 polys)

[4276] Addington Aluminium 1800 x 440 Radiator Type20 Matt Anthracite -> radiator
  ✓ model_4276.glb (286 polys)

[4277] Addington Aluminium 1800 x 366 Radiator Type20 Matt Anthracite -> radiator
  ✓ model_4277.glb (286 polys)

[4278] Addington Aluminium 600 x 1254 Radiator Type20 Matt Anthracite -> radiator
  ✓ model_4278.glb (286 polys)

[4279] Addington Aluminium 600 x 514 Radiator Type10 Matt Anthracite -> radiator
  ✓ model_4279.glb (286 polys)

[3525] Reinbach 800 x 500mm Towel Rail Matt Cappuccino -> towel-rail
  ✓ model_3525.glb (408 polys)

[3526] Platani 1150 x 500mm Towel Rail Matt Anthracite -> towel-rail
  ✓ model_3526.glb (408 polys)

[3527] Platani 800 x 600mm Towel Rail Matt Anthracite -> towel-rail
  ✓ model_3527.glb (408 polys)

[3528] Platani 800 x 500mm Towel Rail Matt Anthracite -> towel-rail
  ✓ model_3528.glb (408 polys)

[3529] Platani 1800 x 600mm Towel Rail Matt Grey -> towel-rail
  ✓ model_3529.glb (408 polys)

[3530] Tunstall 1800 x 490 Radiator Matt White -> radiator
  ✓ model_3530.glb (286 polys)

[3531] Tunstall 1800 x 350 Radiator Chrome -> radiator
  ✓ model_3531.glb (286 polys)

[3532] Tunstall 1800 x 350 Radiator Matt Black -> radiator
  ✓ model_3532.glb (286 polys)

[3533] Tunstall 1800 x 350 Radiator Matt Anthracite -> radiator
  ✓ model_3533.glb (286 polys)

[3534] Tunstall 1800 x 350 Radiator Matt White -> radiator
  ✓ model_3534.glb (286 polys)

[3535] Tordino Towel Hanger 565mm Matt Grey -> shelf
  ✓ model_3535.glb (18 polys)

[3536] Tuscan Square Multirail 800 x 500 Gloss White -> towel-rail
  ✓ model_3536.glb (408 polys)

[3537] Deddington 600 x 550 Radiator Gloss White -> radiator
  ✓ model_3537.glb (286 polys)

[4280] Addington Aluminium 600 x 1180 Radiator Type20 Matt Anthracite -> radiator
  ✓ model_4280.glb (286 polys)

[4281] Addington Aluminium 600 x 1032 Radiator Type20 Matt Anthracite -> radiator
  ✓ model_4281.glb (286 polys)

[4336] Sandhurst 600 x 1255 Aluminium Radiator Matt White -> radiator
  ✓ model_4336.glb (286 polys)

[4293] Addington Aluminium 600 x 366 Radiator Type20 Matt Anthracite -> radiator
  ✓ model_4293.glb (286 polys)

[4461] Hadleigh Towel Hanger 415mm Matt Black -> shelf
  ✓ model_4461.glb (18 polys)

[4462] Hadleigh Towel Hanger 275mm Matt Black -> shelf
  ✓ model_4462.glb (18 polys)

[5807] Crossland  1700 x 800mm Rectangular Shower tray with Slate Finish - Black -> shower-tray
  ✓ model_5807.glb (138 polys)

[5808] Crossland  1700 x 700mm Rectangular Shower Tray with Slate Finish - White -> shower-tray
  ✓ model_5808.glb (138 polys)

[5809] Crossland  1700 x 700mm Rectangular Shower tray with Slate Finish - Grey -> shower-tray
  ✓ model_5809.glb (138 polys)

[5810] Crossland  1700 x 700mm Rectangular Shower tray with Slate Finish - Black -> shower-tray
  ✓ model_5810.glb (138 polys)

[4295] Addington Aluminium 600 x 292 Radiator Type20 Matt Anthracite -> radiator
  ✓ model_4295.glb (286 polys)

[4296] Addington Aluminium 1800 x 440 Radiator Type10 Gloss White -> radiator
  ✓ model_4296.glb (286 polys)

[4297] Addington Aluminium 1800 x 588 Radiator Type20 Gloss White -> radiator
  ✓ model_4297.glb (286 polys)

[4298] Addington Aluminium 1800 x 366 Radiator Type10 Gloss White -> radiator
  ✓ model_4298.glb (286 polys)

[4299] Addington Aluminium 1800 x 292 Radiator Type10 Gloss White -> radiator
  ✓ model_4299.glb (286 polys)

[4300] Addington Aluminium 1800 x 514 Radiator Type20 Gloss White -> radiator
  ✓ model_4300.glb (286 polys)

[4301] Addington Aluminium 1800 x 440 Radiator Type20 Gloss White -> radiator
  ✓ model_4301.glb (286 polys)

[4302] Addington Aluminium 1400 x 588 Radiator Type10 Gloss White -> radiator
  ✓ model_4302.glb (286 polys)

[4303] Addington Aluminium 1800 x 366 Radiator Type20 Gloss White -> radiator
  ✓ model_4303.glb (286 polys)

[4304] Addington Aluminium 600 x 1254 Radiator Type20 Gloss White -> radiator
  ✓ model_4304.glb (286 polys)

[4305] Addington Aluminium 600 x 1180 Radiator Type20 Gloss White -> radiator
  ✓ model_4305.glb (286 polys)

[4306] Addington Aluminium 600 x 1032 Radiator Type20 Gloss white -> radiator
  ✓ model_4306.glb (286 polys)

[4307] Addington Aluminium 1200 x 514 Radiator Type10 Matt Anthracite -> radiator
  ✓ model_4307.glb (286 polys)

[4311] Addington Aluminium 1000 x 514 Radiator Type10 Matt Anthracite -> radiator
  ✓ model_4311.glb (286 polys)

[4312] Sandhurst 600 x 1255 Aluminium Radiator Matt Anthracite -> radiator
  ✓ model_4312.glb (286 polys)

[4313] Sandhurst 600 x 1045 Aluminium Radiator Matt Anthracite -> radiator
  ✓ model_4313.glb (286 polys)

[4314] Addington Aluminium 800 x 588 Radiator Type10 Matt Anthracite -> radiator
  ✓ model_4314.glb (286 polys)

[4315] Sandhurst 600 x 835 Aluminium Radiator Matt Anthracite -> radiator
  ✓ model_4315.glb (286 polys)

[4316] Addington Aluminium 800 x 514 Radiator Type10 Matt Anthracite -> radiator
  ✓ model_4316.glb (286 polys)

[4317] Sandhurst 600 x 625 Aluminium Radiator Matt Anthracite -> radiator
  ✓ model_4317.glb (286 polys)

[4318] Addington Aluminium 600 x 1254 Radiator Type10 Matt Anthracite -> radiator
  ✓ model_4318.glb (286 polys)

[4319] Guardia 1800 x 565 Aluminium Radiator Matt Black -> radiator
  ✓ model_4319.glb (286 polys)

[4320] Guardia Towel Hanger 470mm Matt White -> shelf
  ✓ model_4320.glb (18 polys)

[4321] Sandhurst 600 x 485 Aluminium Radiator Matt Anthracite -> radiator
  ✓ model_4321.glb (286 polys)

[4322] Guardia Towel Hanger 375mm Matt White -> shelf
  ✓ model_4322.glb (18 polys)

[4323] Addington Aluminium 600 x 1180 Radiator Type10 Matt Anthracite -> radiator
  ✓ model_4323.glb (286 polys)

[4324] Guardia 1800 x 565 Aluminium Radiator Matt Anthracite -> radiator
  ✓ model_4324.glb (286 polys)

[4348] Hadleigh 600 x 1255 Aluminium Radiator Matt White -> radiator
  ✓ model_4348.glb (286 polys)

[4349] Rosano 1800 x 565 Aluminium Radiator Matt Black -> radiator
  ✓ model_4349.glb (286 polys)

[4350] Sandhurst 600 x 625 Aluminium Radiator Matt White -> radiator
  ✓ model_4350.glb (286 polys)

[4351] Rosano Stainless Steel Towel Hanger 375mm Mirror Polished -> shelf
  ✓ model_4351.glb (18 polys)

[4352] Hadleigh 600 x 1045 Aluminium Radiator Matt White -> radiator
  ✓ model_4352.glb (286 polys)

[4353] Rosano 1800 x 565 Aluminium Radiator Matt Anthracite -> radiator
  ✓ model_4353.glb (286 polys)

[4354] Rosano Stainless Steel Towel Hanger 280mm Mirror Polished -> shelf
  ✓ model_4354.glb (18 polys)

[4355] Rosano 1800 x 565 Aluminium Radiator Matt White -> radiator
  ✓ model_4355.glb (286 polys)

[4356] Sandhurst 600 x 485 Aluminium Radiator Matt White -> radiator
  ✓ model_4356.glb (286 polys)

[4357] Hadleigh 600 x 835 Aluminium Radiator Matt White -> radiator
  ✓ model_4357.glb (286 polys)

[4358] Guardia 600 x 1420 Aluminium Radiator Matt Grey -> radiator
  ✓ model_4358.glb (286 polys)

[4359] Sandhurst 1800 x 485 Aluminium Radiator Polished Aluminium -> radiator
  ✓ model_4359.glb (286 polys)

[4360] Hadleigh 600 x 625 Aluminium Radiator Matt White -> radiator
  ✓ model_4360.glb (286 polys)

[4361] Hadleigh 1800 x 485 Aluminium Radiator Matt Black -> radiator
  ✓ model_4361.glb (286 polys)

[4363] Sandhurst 1800 x 415 Aluminium Radiator Polished Aluminium -> radiator
  ✓ model_4363.glb (286 polys)

[4364] Hadleigh 1800 x 415 Aluminium Radiator Matt Black -> radiator
  ✓ model_4364.glb (286 polys)

[4365] Sandhurst 1800 x 275 Aluminium Radiator Polished Aluminium -> radiator
  ✓ model_4365.glb (286 polys)

[4366] Hadleigh 600 x 485 Aluminium Radiator Matt White -> radiator
  ✓ model_4366.glb (286 polys)

[4367] Guardia 600 x 1040 Aluminium Radiator Matt Grey -> radiator
  ✓ model_4367.glb (286 polys)

[4368] Hadleigh 1800 x 275 Aluminium Radiator Matt Black -> radiator
  ✓ model_4368.glb (286 polys)

[4369] Guardia Towel Hanger 470mm. Chrome -> shelf
  ✓ model_4369.glb (18 polys)

[4370] Guardia 600 x 850 Aluminium Radiator Matt Grey -> radiator
  ✓ model_4370.glb (286 polys)

[4371] Hadleigh 600 x 1255 Aluminium Radiator Matt Black -> radiator
  ✓ model_4371.glb (286 polys)

[4372] Guardia Towel Hanger 375mm Chrome -> shelf
  ✓ model_4372.glb (18 polys)

[4373] Sandhurst 1800 x 415 Aluminium Radiator Matt Anthracite -> radiator
  ✓ model_4373.glb (286 polys)

[4374] Guardia 600 x 660 Aluminium Radiator Matt Grey -> radiator
  ✓ model_4374.glb (286 polys)

[4375] Guardia Towel Hanger 280mm Chrome -> shelf
  ✓ model_4375.glb (18 polys)

[4376] Hadleigh 600 x 1045 Aluminium Radiator Matt Black -> radiator
  ✓ model_4376.glb (286 polys)

[4377] Guardia Towel Hanger 470mm Matt Black -> shelf
  ✓ model_4377.glb (18 polys)

[4380] Hadleigh 600 x 835 Aluminium Radiator Matt Black -> radiator
  ✓ model_4380.glb (286 polys)

[4381] Guardia 1800 x 470 Aluminium Radiator Matt Grey -> radiator
  ✓ model_4381.glb (286 polys)

[4382] Guardia Towel Hanger 280mm Matt Black -> shelf
  ✓ model_4382.glb (18 polys)

[4383] Hadleigh 600 x 625 Aluminium Radiator Matt Black -> radiator
  ✓ model_4383.glb (286 polys)

[4384] Guardia Towel Hanger 470mm Matt Anthracite -> shelf
  ✓ model_4384.glb (18 polys)

[4385] Guardia 1800 x 375 Aluminium Radiator Matt Grey -> radiator
  ✓ model_4385.glb (286 polys)

[4386] Hadleigh 600 x 485 Aluminium Radiator Matt Black -> radiator
  ✓ model_4386.glb (286 polys)

[4387] Guardia Towel Hanger 375mm Matt Anthracite -> shelf
  ✓ model_4387.glb (18 polys)

[4388] Guardia 1800 x 280 Aluminium Radiator Matt Grey -> radiator
  ✓ model_4388.glb (286 polys)

[4389] Guardia Towel Hanger 280mm Matt Anthracite -> shelf
  ✓ model_4389.glb (18 polys)

[4390] Hadleigh 1800 x 485 Aluminium Radiator Matt Anthracite -> radiator
  ✓ model_4390.glb (286 polys)

[4391] Guardia Towel Hanger 470mm Matt Grey -> shelf
  ✓ model_4391.glb (18 polys)

[4392] Berlini 1800 x 185 Aluminium Radiator Polished Aluminium -> radiator
  ✓ model_4392.glb (286 polys)

[4393] Hadleigh 1800 x 415 Aluminium Radiator Matt Anthracite -> radiator
  ✓ model_4393.glb (286 polys)

[4394] Guardia Towel Hanger 375mm Matt Grey -> shelf
  ✓ model_4394.glb (18 polys)

[4395] Berlini 1200 x 185 Aluminium Radiator Polished Aluminium -> radiator
  ✓ model_4395.glb (286 polys)

[4396] Hadleigh 1800 x 275 Aluminium Radiator Matt Anthracite -> radiator
  ✓ model_4396.glb (286 polys)

[4397] Guardia Towel Hanger 280mm.  Matt Grey -> shelf
  ✓ model_4397.glb (18 polys)

[4398] Peretti 600 x 1230 Aluminium Radiator Polished Aluminium -> radiator
  ✓ model_4398.glb (286 polys)

[4399] Berlini Stainless Steel Towel Hanger 185mm Mirror Polished -> shelf
  ✓ model_4399.glb (18 polys)

[4400] Vesima Stainless Steel Towel Hanger 503mm Mirror Polished -> shelf
  ✓ model_4400.glb (18 polys)

[4401] Peretti 600 x 1040 Aluminium Radiator Polished Aluminium -> radiator
  ✓ model_4401.glb (286 polys)

[4402] Vesima Stainless Steel Towel Hanger 403mm Mirror Polished -> shelf
  ✓ model_4402.glb (18 polys)

[4403] Peretti 600 x 850 Aluminium Radiator Polished Aluminium -> radiator
  ✓ model_4403.glb (286 polys)

[4404] Vesima Stainless Steel Towel Hanger 303mm Mirror Polished -> shelf
  ✓ model_4404.glb (18 polys)

[4405] Peretti 600 x 660 Aluminium Radiator Polished Aluminium -> radiator
  ✓ model_4405.glb (286 polys)

[4406] Peretti 600 x 470 Aluminium Radiator Polished Aluminium -> radiator
  ✓ model_4406.glb (286 polys)

[4407] Peretti 1800 x 470 Aluminium Radiator Polished Aluminium -> radiator
  ✓ model_4407.glb (286 polys)

[4408] Addington Aluminium 600 x 662 Radiator Type20 Gloss White -> radiator
  ✓ model_4408.glb (286 polys)

[4409] Addington Aluminium 600 x 588 Radiator Type20 Gloss White -> radiator
  ✓ model_4409.glb (286 polys)

[4410] Addington Aluminium 600 x 514 Radiator Type10 Gloss White -> radiator
  ✓ model_4410.glb (286 polys)

[4411] Addington Aluminium 600 x 514 Radiator Type20 Gloss White -> radiator
  ✓ model_4411.glb (286 polys)

[4412] Addington Aluminium 600 x 440 Radiator Type10 Gloss White -> radiator
  ✓ model_4412.glb (286 polys)

[4413] Addington Aluminium 600 x 440 Radiator Type20 Gloss White -> radiator
  ✓ model_4413.glb (286 polys)

[4414] Addington Aluminium 600 x 366 Radiator Type10 Gloss White -> radiator
  ✓ model_4414.glb (286 polys)

[4415] Addington Aluminium 600 x 366 Radiator Type20 Gloss White -> radiator
  ✓ model_4415.glb (286 polys)

[4416] Addington Aluminium 600 x 292 Radiator Type10 Gloss White -> radiator
  ✓ model_4416.glb (286 polys)

[4417] Addington Aluminium 600 x 292 Radiator Type20 Gloss White -> radiator
  ✓ model_4417.glb (286 polys)

[4418] Addington Aluminium 500 x 588 Radiator Type10 Gloss White -> radiator
  ✓ model_4418.glb (286 polys)

[4419] Addington Aluminium 500 x 514 Radiator Type10 Gloss White -> radiator
  ✓ model_4419.glb (286 polys)

[4420] Addington Aluminium 1800 x 588 Radiator Type10 Matt Anthracite -> radiator
  ✓ model_4420.glb (286 polys)

[4421] Guardia Towel Hanger 565mm. Chrome -> shelf
  ✓ model_4421.glb (18 polys)

[4463] Hadleigh Towel Hanger 485mm Matt Anthracite -> shelf
  ✓ model_4463.glb (18 polys)

[4422] Addington Aluminium 1800 x 514 Radiator Type10 Matt Anthracite -> radiator
  ✓ model_4422.glb (286 polys)

[4423] Guardia Towel Hanger 565mm. Matt Black -> shelf
  ✓ model_4423.glb (18 polys)

[4424] Addington Aluminium 1800 x 440 Radiator Type10 Matt Anthracite -> radiator
  ✓ model_4424.glb (286 polys)

[4425] Guardia Towel Hanger 565mm. Matt Anthracite -> shelf
  ✓ model_4425.glb (18 polys)

[4426] Addington Aluminium 1800 x 366 Radiator Type10 Matt Anthracite -> radiator
  ✓ model_4426.glb (286 polys)

[4427] Guardia Towel Hanger 565mm. Matt Grey -> shelf
  ✓ model_4427.glb (18 polys)

[4428] Guardia Towel Hanger 565mm. Matt White -> shelf
  ✓ model_4428.glb (18 polys)

[4429] Addington Aluminium 1800 x 292 Radiator Type10 Matt Anthracite -> radiator
  ✓ model_4429.glb (286 polys)

[4430] Peretti Stainless Steel Towel Hanger 565mm Mirror Polished -> shelf
  ✓ model_4430.glb (18 polys)

[4431] Addington Aluminium 1400 x 588 Radiator Type10 Matt Anthracite -> radiator
  ✓ model_4431.glb (286 polys)

[4432] Peretti Towel Hanger 565mm Chrome -> shelf
  ✓ model_4432.glb (18 polys)

[4433] Peretti Towel Hanger 565mm Matt Black -> shelf
  ✓ model_4433.glb (18 polys)

[4434] Addington Aluminium 1400 x 514 Radiator Type10 Matt Anthracite -> radiator
  ✓ model_4434.glb (286 polys)

[4435] Peretti Towel Hanger 565mm Matt Anthracite -> shelf
  ✓ model_4435.glb (18 polys)

[4436] Peretti Towel Hanger 565mm Matt White -> shelf
  ✓ model_4436.glb (18 polys)

[4437] Addington Aluminium 1200 x 588 Radiator Type10 Matt Anthracite -> radiator
  ✓ model_4437.glb (286 polys)

[4438] Rosano Stainless Steel Towel Hanger 565mm Mirror Polished -> shelf
  ✓ model_4438.glb (18 polys)

[4439] Rosano Towel Hanger 565mm Chrome -> shelf
  ✓ model_4439.glb (18 polys)

[4440] Rosano Towel Hanger 565mm Matt Black -> shelf
  ✓ model_4440.glb (18 polys)

[4441] Rosano Towel Hanger 565mm Matt Anthracite -> shelf
  ✓ model_4441.glb (18 polys)

[4442] Rosano Towel Hanger 565mm Matt White -> shelf
  ✓ model_4442.glb (18 polys)

[4443] Sandhurst Towel Hanger 485mm Chrome -> shelf
  ✓ model_4443.glb (18 polys)

[4444] Sandhurst Towel Hanger 415mm Chrome -> shelf
  ✓ model_4444.glb (18 polys)

[4445] Sandhurst Towel Hanger 275mm Chrome -> shelf
  ✓ model_4445.glb (18 polys)

[4446] Hadleigh 600 x 1255 Aluminium Radiator Matt Anthracite -> radiator
  ✓ model_4446.glb (286 polys)

[4447] Sandhurst Towel Hanger 485mm Matt Anthracite -> shelf
  ✓ model_4447.glb (18 polys)

[4448] Hadleigh 600 x 1045 Aluminium Radiator Matt Anthracite -> radiator
  ✓ model_4448.glb (286 polys)

[4449] Hadleigh 600 x 835 Aluminium Radiator Matt Anthracite -> radiator
  ✓ model_4449.glb (286 polys)

[4450] Addington Aluminium 600 x 662 Radiator Type10 Gloss White -> radiator
  ✓ model_4450.glb (286 polys)

[4451] Addington Aluminium 600 x 588 Radiator Type10 Gloss White -> radiator
  ✓ model_4451.glb (286 polys)

[4483] Charlton 1800 x 280 Aluminium Radiator Matt Anthracite -> radiator
  ✓ model_4483.glb (286 polys)

[4484] Tunstall 600 x 1002 Radiator Matt Black -> radiator
  ✓ model_4484.glb (286 polys)

[4485] Charlton 1800 x 280 Aluminium Radiator Matt White -> radiator
  ✓ model_4485.glb (286 polys)

[4486] Rowsham Towel Hanger 300mm Chrome -> shelf
  ✓ model_4486.glb (18 polys)

[4487] Tunstall 600 x 1002 Radiator Matt Anthracite -> radiator
  ✓ model_4487.glb (286 polys)

[4488] Rowsham 1800 x 500mm Radiator Matt Anthracite -> radiator
  ✓ model_4488.glb (286 polys)

[4489] Tunstall 600 x 1002 Radiator Matt White -> radiator
  ✓ model_4489.glb (286 polys)

[4490] Rowsham 1800 x 380mm Radiator Matt Anthracite -> radiator
  ✓ model_4490.glb (286 polys)

[4491] Tunstall 600 x 825 Radiator Matt Black -> radiator
  ✓ model_4491.glb (286 polys)

[4492] Rowsham 1800 x 300mm Radiator Matt Anthracite -> radiator
  ✓ model_4492.glb (286 polys)

[4493] Tunstall 600 x 825 Radiator Matt Anthracite -> radiator
  ✓ model_4493.glb (286 polys)

[4494] Rowsham 600 x 1180mm Radiator Matt Anthracite -> radiator
  ✓ model_4494.glb (286 polys)

[4495] Tunstall 600 x 825 Radiator Matt White -> radiator
  ✓ model_4495.glb (286 polys)

[4496] Rowsham 600 x 980mm Radiator Matt Anthracite -> radiator
  ✓ model_4496.glb (286 polys)

[4497] Tunstall 600 x 589 Radiator Matt Black -> radiator
  ✓ model_4497.glb (286 polys)

[4498] Rowsham 600 x 780mm Radiator Matt Anthracite -> radiator
  ✓ model_4498.glb (286 polys)

[4499] Tunstall 600 x 589 Radiator Matt Anthracite -> radiator
  ✓ model_4499.glb (286 polys)

[4500] Tunstall 600 x 589 Radiator Matt White -> radiator
  ✓ model_4500.glb (286 polys)

[4501] Tunstall 1800 x 630 Radiator Chrome -> radiator
  ✓ model_4501.glb (286 polys)

[4502] Tunstall 1800 x 630 Radiator Matt Black -> radiator
  ✓ model_4502.glb (286 polys)

[4503] Guardia 1200 x 565 Aluminium Radiator Matt White -> radiator
  ✓ model_4503.glb (286 polys)

[4504] Guardia 1200 x 470 Aluminium Radiator Matt Black -> radiator
  ✓ model_4504.glb (286 polys)

[4505] Fairford 1800 x 375 Aluminium Radiator Matt White -> radiator
  ✓ model_4505.glb (286 polys)

[4506] Fairford 1200 x 375 Aluminium Radiator Matt White -> radiator
  ✓ model_4506.glb (286 polys)

[4507] Fairford 600 x 1325 Aluminium Radiator Matt White -> radiator
  ✓ model_4507.glb (286 polys)

[4508] Burford 600 x 1185 Aluminium Radiator Matt Anthracite -> radiator
  ✓ model_4508.glb (286 polys)

[4509] Fairford 600 x 945 Aluminium Radiator Matt White -> radiator
  ✓ model_4509.glb (286 polys)

[4510] Fairford 600 x 565 Aluminium Radiator Matt White -> radiator
  ✓ model_4510.glb (286 polys)

[4511] Burford 600 x 1045 Aluminium Radiator Matt Anthracite -> radiator
  ✓ model_4511.glb (286 polys)

[4527] Tunstall 1200 x 500 Towel Rail Matt Anthracite -> towel-rail
  ✓ model_4527.glb (408 polys)

[4512] Burford 600 x 835 Aluminium Radiator Matt Anthracite -> radiator
  ✓ model_4512.glb (286 polys)

[4513] Burford 600 x 625 Aluminium Radiator Matt Anthracite -> radiator
  ✓ model_4513.glb (286 polys)

[4514] Burford 600 x 485 Aluminium Radiator Matt Anthracite -> radiator
  ✓ model_4514.glb (286 polys)

[4515] Burford 1800 x 485 Aluminium Radiator Matt White -> radiator
  ✓ model_4515.glb (286 polys)

[4516] Withington/Peretti Towel Hanger 470mm Chrome -> shelf
  ✓ model_4516.glb (18 polys)

[4517] Preston/Berlini Towel Hanger 185mm Chrome -> shelf
  ✓ model_4517.glb (18 polys)

[4518] Burford 1800 x 415 Aluminium Radiator Matt White -> radiator
  ✓ model_4518.glb (286 polys)

[4519] Withington/Peretti Towel Hanger 375mm Chrome -> shelf
  ✓ model_4519.glb (18 polys)

[4520] Rowsham 600 x 580mm Radiator Matt Anthracite -> radiator
  ✓ model_4520.glb (286 polys)

[4521] Preston 1800 x 185 Aluminium Radiator Matt Black -> radiator
  ✓ model_4521.glb (286 polys)

[4522] Tunstall 1200 x 500 Towel Rail Matt Black -> towel-rail
  ✓ model_4522.glb (408 polys)

[4523] Withington/Peretti Towel Hanger 280mm Chrome -> shelf
  ✓ model_4523.glb (18 polys)

[4524] Burford 1800 x 345 Aluminium Radiator Matt White -> radiator
  ✓ model_4524.glb (286 polys)

[4525] Rowsham 1800 x 500mm Radiator Matt White -> radiator
  ✓ model_4525.glb (286 polys)

[4526] Preston 1800 x 185 Aluminium Radiator Matt Anthracite -> radiator
  ✓ model_4526.glb (286 polys)

[4528] Burford 1800 x 275 Aluminium Radiator Matt White -> radiator
  ✓ model_4528.glb (286 polys)

[4529] Withington 1800 x 470 Aluminium Radiator Matt Anthracite -> radiator
  ✓ model_4529.glb (286 polys)

[4530] Preston 1800 x 185 Aluminium Radiator Matt White -> radiator
  ✓ model_4530.glb (286 polys)

[4531] Rowsham 1800 x 380mm Radiator Matt White -> radiator
  ✓ model_4531.glb (286 polys)

[4532] Tunstall 1200 x 500 Towel Rail Matt White -> towel-rail
  ✓ model_4532.glb (408 polys)

[4533] Burford 600 x 1185 Aluminium Radiator Matt White -> radiator
  ✓ model_4533.glb (286 polys)

[4534] Withington 1800 x 470 Aluminium Radiator Matt White -> radiator
  ✓ model_4534.glb (286 polys)

[4535] Malmesbury Towel Hanger 470mm Chrome -> shelf
  ✓ model_4535.glb (18 polys)

[4536] Rowsham 1800 x 300mm Radiator Matt White -> radiator
  ✓ model_4536.glb (286 polys)

[4537] Withington 1800 x 375 Aluminium Radiator Matt Anthracite -> radiator
  ✓ model_4537.glb (286 polys)

[4538] Tunstall 800 x 500 Towel Rail Chrome -> towel-rail
  ✓ model_4538.glb (408 polys)

[4539] Malmesbury Towel Hanger 375mm Chrome -> shelf
  ✓ model_4539.glb (18 polys)

[4540] Burford 600 x 1045 Aluminium Radiator Matt White -> radiator
  ✓ model_4540.glb (286 polys)

[4541] Rowsham 600 x 1180mm Radiator Matt White -> radiator
  ✓ model_4541.glb (286 polys)

[4542] Malmesbury Towel Hanger 280mm Chrome -> shelf
  ✓ model_4542.glb (18 polys)

[4543] Withington 1800 x 375 Aluminium Radiator Matt White -> radiator
  ✓ model_4543.glb (286 polys)

[4544] Tunstall 800 x 500 Towel Rail Matt Black -> towel-rail
  ✓ model_4544.glb (408 polys)

[4545] Burford 600 x 835 Aluminium Radiator Matt White -> radiator
  ✓ model_4545.glb (286 polys)

[4546] Rowsham 600 x 980mm Radiator Matt White -> radiator
  ✓ model_4546.glb (286 polys)

[4547] Malmesbury 600 x 565 Aluminium Radiator Matt Anthracite -> radiator
  ✓ model_4547.glb (286 polys)

[4548] Withington 1800 x 280 Aluminium Radiator Matt Anthracite -> radiator
  ✓ model_4548.glb (286 polys)

[4549] Burford 600 x 625 Aluminium Radiator Matt White -> radiator
  ✓ model_4549.glb (286 polys)

[4550] Rowsham 600 x 780mm Radiator Matt White -> radiator
  ✓ model_4550.glb (286 polys)

[4551] Vesima 1800 x 603 Aluminium Radiator Matt Black -> radiator
  ✓ model_4551.glb (286 polys)

[4552] Malmesbury 600 x 565 Aluminium Radiator Matt White -> radiator
  ✓ model_4552.glb (286 polys)

[4553] Burford 600 x 485 Aluminium Radiator Matt White -> radiator
  ✓ model_4553.glb (286 polys)

[4554] Withington 1800 x 280 Aluminium Radiator Matt White -> radiator
  ✓ model_4554.glb (286 polys)

[4555] Guardia 1200 x 470 Aluminium Radiator Matt Anthracite -> radiator
  ✓ model_4555.glb (286 polys)

[4556] Malmesbury 600 x 470 Aluminium Radiator Matt Anthracite -> radiator
  ✓ model_4556.glb (286 polys)

[4557] Vesima 1800 x 603 Aluminium Radiator Matt Anthracite -> radiator
  ✓ model_4557.glb (286 polys)

[4558] Rowsham 600 x 580mm Radiator Matt White -> radiator
  ✓ model_4558.glb (286 polys)

[4559] Fairford 1800 x 375 Aluminium Radiator Matt Anthracite -> radiator
  ✓ model_4559.glb (286 polys)

[4560] Charlton/Rosano Towel Hanger 470mm Chrome -> shelf
  ✓ model_4560.glb (18 polys)

[4561] Vesima 1800 x 603 Aluminium Radiator Matt White -> radiator
  ✓ model_4561.glb (286 polys)

[4562] Guardia 1200 x 470 Aluminium Radiator Matt White -> radiator
  ✓ model_4562.glb (286 polys)

[4563] Tunstall 1600 x 600 Towel Rail Chrome -> towel-rail
  ✓ model_4563.glb (408 polys)

[4564] Malmesbury 600 x 470 Aluminium Radiator Matt White -> radiator
  ✓ model_4564.glb (286 polys)

[4565] Fairford 1200 x 375 Aluminium Radiator Matt Anthracite -> radiator
  ✓ model_4565.glb (286 polys)

[4566] Charlton/Rosano Towel Hanger 375mm Chrome -> shelf
  ✓ model_4566.glb (18 polys)

[4567] Hadleigh 600 x 1395 Aluminium Radiator Matt Black -> radiator
  ✓ model_4567.glb (286 polys)

[4568] Malmesbury 600 x 375 Aluminium Radiator Matt Anthracite -> radiator
  ✓ model_4568.glb (286 polys)

[4569] Tunstall 1600 x 600 Towel Rail Matt Black -> towel-rail
  ✓ model_4569.glb (408 polys)

[4570] Guardia 1200 x 375 Aluminium Radiator Matt Black -> radiator
  ✓ model_4570.glb (286 polys)

[4613] Tunstall 800 x 600 Towel Rail Matt White -> towel-rail
  ✓ model_4613.glb (408 polys)

[4571] Fairford 600 x 1325 Aluminium Radiator Matt Anthracite -> radiator
  ✓ model_4571.glb (286 polys)

[4572] Charlton/Rosano Towel Hanger 280mm Chrome -> shelf
  ✓ model_4572.glb (18 polys)

[4573] Hadleigh 600 x 1395 Aluminium Radiator Matt Anthracite -> radiator
  ✓ model_4573.glb (286 polys)

[4574] Guardia 1200 x 375 Aluminium Radiator Matt Anthracite -> radiator
  ✓ model_4574.glb (286 polys)

[4575] Malmesbury 600 x 375 Aluminium Radiator Matt White -> radiator
  ✓ model_4575.glb (286 polys)

[4576] Charlton 1800 x 470 Aluminium Radiator Matt Anthracite -> radiator
  ✓ model_4576.glb (286 polys)

[4577] Tunstall 1600 x 600 Towel Rail Matt Anthracite -> towel-rail
  ✓ model_4577.glb (408 polys)

[4578] Fairford 600 x 945 Aluminium Radiator Matt Anthracite -> radiator
  ✓ model_4578.glb (286 polys)

[4579] Hadleigh 600 x 1395 Aluminium Radiator Matt White -> radiator
  ✓ model_4579.glb (286 polys)

[4580] Tunstall 1600 x 600 Towel Rail Matt White -> towel-rail
  ✓ model_4580.glb (408 polys)

[4581] Malmesbury 1800 x 470 Aluminium Radiator Matt Anthracite -> radiator
  ✓ model_4581.glb (286 polys)

[4582] Guardia 1200 x 375 Aluminium Radiator Matt White -> radiator
  ✓ model_4582.glb (286 polys)

[4583] Charlton 1800 x 470 Aluminium Radiator Matt White -> radiator
  ✓ model_4583.glb (286 polys)

[4584] Hadleigh 1200 x 555 Aluminium Radiator Matt Black -> radiator
  ✓ model_4584.glb (286 polys)

[4585] Fairford 600 x 565 Aluminium Radiator Matt Anthracite -> radiator
  ✓ model_4585.glb (286 polys)

[4586] Tunstall 1200 x 600 Towel Rail Chrome -> towel-rail
  ✓ model_4586.glb (408 polys)

[4587] Guardia 1200 x 280 Aluminium Radiator Matt Black -> radiator
  ✓ model_4587.glb (286 polys)

[4588] Malmesbury 1800 x 470 Aluminium Radiator Matt White -> radiator
  ✓ model_4588.glb (286 polys)

[4589] Charlton 1800 x 375 Aluminium Radiator Matt Anthracite -> radiator
  ✓ model_4589.glb (286 polys)

[4590] Tunstall 1200 x 600 Towel Rail Matt Black -> towel-rail
  ✓ model_4590.glb (408 polys)

[4591] Fairford 600 x 375 Aluminium Radiator Matt Anthracite -> radiator
  ✓ model_4591.glb (286 polys)

[4592] Hadleigh 1200 x 555 Aluminium Radiator Matt Anthracite -> radiator
  ✓ model_4592.glb (286 polys)

[4593] Malmesbury 1800 x 375 Aluminium Radiator Matt Anthracite -> radiator
  ✓ model_4593.glb (286 polys)

[4594] Charlton 1800 x 375 Aluminium Radiator Matt White -> radiator
  ✓ model_4594.glb (286 polys)

[4595] Guardia 1200 x 280 Aluminium Radiator Matt Anthracite -> radiator
  ✓ model_4595.glb (286 polys)

[4596] Hadleigh 1200 x 555 Aluminium Radiator Matt White -> radiator
  ✓ model_4596.glb (286 polys)

[4597] Tunstall 1200 x 600 Towel Rail Matt Anthracite -> towel-rail
  ✓ model_4597.glb (408 polys)

[4598] Malmesbury 1800 x 375 Aluminium Radiator Matt White -> radiator
  ✓ model_4598.glb (286 polys)

[4599] Guardia 1200 x 280 Aluminium Radiator Matt White -> radiator
  ✓ model_4599.glb (286 polys)

[4600] Hadleigh 1200 x 485 Aluminium Radiator Matt Black -> radiator
  ✓ model_4600.glb (286 polys)

[4601] Tunstall 1200 x 600 Towel Rail Matt White -> towel-rail
  ✓ model_4601.glb (408 polys)

[4602] Malmesbury 1800 x 280 Aluminium Radiator Matt Anthracite -> radiator
  ✓ model_4602.glb (286 polys)

[4603] Hadleigh 1200 x 485 Aluminium Radiator Matt Anthracite -> radiator
  ✓ model_4603.glb (286 polys)

[4604] Tunstall 800 x 600 Towel Rail Chrome -> towel-rail
  ✓ model_4604.glb (408 polys)

[4605] Malmesbury 1800 x 280 Aluminium Radiator Matt White -> radiator
  ✓ model_4605.glb (286 polys)

[4606] Hadleigh 1200 x 485 Aluminium Radiator Matt White -> radiator
  ✓ model_4606.glb (286 polys)

[4607] Tunstall 800 x 600 Towel Rail Matt Black -> towel-rail
  ✓ model_4607.glb (408 polys)

[4608] Hadleigh 1200 x 415 Aluminium Radiator Matt Black -> radiator
  ✓ model_4608.glb (286 polys)

[4609] Hadleigh 1200 x 415 Aluminium Radiator Matt Anthracite -> radiator
  ✓ model_4609.glb (286 polys)

[4610] Tunstall 800 x 600 Towel Rail Matt Anthracite -> towel-rail
  ✓ model_4610.glb (408 polys)

[4611] Hadleigh 1200 x 415 Aluminium Radiator Matt White -> radiator
  ✓ model_4611.glb (286 polys)

[4612] Guardia 1200 x 470 Aluminium Radiator Matt Grey -> radiator
  ✓ model_4612.glb (286 polys)

[4614] Hadleigh 1200 x 275 Aluminium Radiator Matt Black -> radiator
  ✓ model_4614.glb (286 polys)

[4615] Tunstall 1600 x 500 Towel Rail Chrome -> towel-rail
  ✓ model_4615.glb (408 polys)

[4616] Guardia 1200 x 375 Aluminium Radiator Matt Grey -> radiator
  ✓ model_4616.glb (286 polys)

[4617] Hadleigh 1200 x 275 Aluminium Radiator Matt Anthracite -> radiator
  ✓ model_4617.glb (286 polys)

[4618] Guardia 1200 x 280 Aluminium Radiator Matt Grey -> radiator
  ✓ model_4618.glb (286 polys)

[4619] Tunstall 1600 x 500 Towel Rail Matt Black -> towel-rail
  ✓ model_4619.glb (408 polys)

[4620] Hadleigh 1200 x 275 Aluminium Radiator Matt White -> radiator
  ✓ model_4620.glb (286 polys)

[4621] Hadleigh 1800 x 555 Aluminium Radiator Matt Black -> radiator
  ✓ model_4621.glb (286 polys)

[4622] Vesima 600 x 1403 Aluminium Radiator Matt Black -> radiator
  ✓ model_4622.glb (286 polys)

[4623] Tunstall 1600 x 500 Towel Rail Matt Anthracite -> towel-rail
  ✓ model_4623.glb (408 polys)

[4624] Hadleigh 1800 x 555 Aluminium Radiator Matt Anthracite -> radiator
  ✓ model_4624.glb (286 polys)

[4625] Tunstall 1600 x 500 Towel Rail Matt White -> towel-rail
  ✓ model_4625.glb (408 polys)

[4626] Vesima 600 x 1403 Aluminium Radiator Matt Anthracite -> radiator
  ✓ model_4626.glb (286 polys)

[4627] Hadleigh 1800 x 555 Aluminium Radiator Matt White -> radiator
  ✓ model_4627.glb (286 polys)

[4628] Vesima 600 x 1403 Aluminium Radiator Matt White -> radiator
  ✓ model_4628.glb (286 polys)

[4629] Tunstall 1200 x 500 Towel Rail Chrome -> towel-rail
  ✓ model_4629.glb (408 polys)

[4630] Guardia 1200 x 565 Aluminium Radiator Matt Black -> radiator
  ✓ model_4630.glb (286 polys)

[4631] Guardia 1200 x 565 Aluminium Radiator Matt Anthracite -> radiator
  ✓ model_4631.glb (286 polys)

[4632] Vesima Towel Hanger 303mm Matt White -> shelf
  ✓ model_4632.glb (18 polys)

[4633] Peretti/Withington Towel Hanger 470mm Matt Black -> shelf
  ✓ model_4633.glb (18 polys)

[4634] Peretti/Withington Towel Hanger 375mm Matt Black -> shelf
  ✓ model_4634.glb (18 polys)

[4635] Fairford 600 x 375 Aluminium Radiator Matt White -> radiator
  ✓ model_4635.glb (286 polys)

[4636] Peretti/Withington Towel Hanger 280mm Matt Black -> shelf
  ✓ model_4636.glb (18 polys)

[4637] Peretti/Withington Towel Hanger 470mm Matt Anthracite -> shelf
  ✓ model_4637.glb (18 polys)

[4638] Malmesbury Towel Hanger 280mm Matt Anthracite -> shelf
  ✓ model_4638.glb (18 polys)

[4639] Malmesbury Towel Hanger 280mm Matt White -> shelf
  ✓ model_4639.glb (18 polys)

[4640] Malmesbury Towel Hanger 565mm Matt Anthracite -> shelf
  ✓ model_4640.glb (18 polys)

[4641] Malmesbury Towel Hanger 470mm Matt Anthracite -> shelf
  ✓ model_4641.glb (18 polys)

[4642] Malmesbury Towel Hanger 375mm Matt Anthracite -> shelf
  ✓ model_4642.glb (18 polys)

[4643] Malmesbury Towel Hanger 565mm Matt White -> shelf
  ✓ model_4643.glb (18 polys)

[4644] Malmesbury Towel Hanger 470mm Matt White -> shelf
  ✓ model_4644.glb (18 polys)

[4645] Malmesbury Towel Hanger 375mm Matt White -> shelf
  ✓ model_4645.glb (18 polys)

[4646] Rosano/Charlton Towel Hanger 280mm Matt Black -> shelf
  ✓ model_4646.glb (18 polys)

[4647] Rosano/Charlton Towel Hanger 470mm Matt Anthracite -> shelf
  ✓ model_4647.glb (18 polys)

[4648] Berlini/Preston Towel Hanger 185mm Matt Black -> shelf
  ✓ model_4648.glb (18 polys)

[4649] Rosano/Charlton Towel Hanger 375mm Matt Anthracite -> shelf
  ✓ model_4649.glb (18 polys)

[4650] Berlini/Preston Towel Hanger 185mm Matt Anthracite -> shelf
  ✓ model_4650.glb (18 polys)

[4651] Rosano/Charlton Towel Hanger 280mm Matt Anthracite -> shelf
  ✓ model_4651.glb (18 polys)

[4652] Rosano/Charlton Towel Hanger 470mm Matt White -> shelf
  ✓ model_4652.glb (18 polys)

[4653] Berlini/Preston Towel Hanger 185mm Matt White -> shelf
  ✓ model_4653.glb (18 polys)

[4654] Vesima Towel Hanger 503mm Matt Black -> shelf
  ✓ model_4654.glb (18 polys)

[4655] Rosano/Charlton Towel Hanger 375mm Matt White -> shelf
  ✓ model_4655.glb (18 polys)

[4656] Rosano/Charlton Towel Hanger 280mm Matt White -> shelf
  ✓ model_4656.glb (18 polys)

[4657] Vesima Towel Hanger 403mm Matt Black -> shelf
  ✓ model_4657.glb (18 polys)

[4658] Malmesbury Towel Hanger 565mm Chrome -> shelf
  ✓ model_4658.glb (18 polys)

[4659] Tunstall 1800 x 420 Radiator Matt White -> radiator
  ✓ model_4659.glb (286 polys)

[4660] Vesima Towel Hanger 303mm Matt Black -> shelf
  ✓ model_4660.glb (18 polys)

[4661] Tunstall 1800 x 280 Radiator Chrome -> radiator
  ✓ model_4661.glb (286 polys)

[4662] Vesima Towel Hanger 503mm Matt Anthracite -> shelf
  ✓ model_4662.glb (18 polys)

[4663] Tunstall 1800 x 280 Radiator Matt Black -> radiator
  ✓ model_4663.glb (286 polys)

[4664] Vesima Towel Hanger 403mm Matt Anthracite -> shelf
  ✓ model_4664.glb (18 polys)

[4665] Tunstall 1800 x 280 Radiator Matt Anthracite -> radiator
  ✓ model_4665.glb (286 polys)

[4666] Vesima Towel Hanger 303mm Matt Anthracite -> shelf
  ✓ model_4666.glb (18 polys)

[4667] Tunstall 1800 x 280 Radiator Matt White -> radiator
  ✓ model_4667.glb (286 polys)

[4668] Vesima Towel Hanger 503mm Matt White -> shelf
  ✓ model_4668.glb (18 polys)

[4669] Hadleigh Towel Hanger 555mm Chrome -> shelf
  ✓ model_4669.glb (18 polys)

[4670] Vesima Towel Hanger 403mm Matt White -> shelf
  ✓ model_4670.glb (18 polys)

[4671] Hadleigh Towel Hanger 555mm Matt Black -> shelf
  ✓ model_4671.glb (18 polys)

[4672] Hadleigh Towel Hanger 555mm Matt Anthracite -> shelf
  ✓ model_4672.glb (18 polys)

[4673] Hadleigh Towel Hanger 555mm Matt White -> shelf
  ✓ model_4673.glb (18 polys)

[4674] Vesima Stainless Steel Towel Hanger 603mm Mirror Polished -> shelf
  ✓ model_4674.glb (18 polys)

[4675] Guardia 1200 x 565 Aluminium Radiator Matt Grey -> radiator
  ✓ model_4675.glb (286 polys)

[4676] Peretti/Withington Towel Hanger 375mm Matt Anthracite -> shelf
  ✓ model_4676.glb (18 polys)

[4677] Peretti/Withington Towel Hanger 280mm Matt Anthracite -> shelf
  ✓ model_4677.glb (18 polys)

[4678] Peretti/Withington Towel Hanger 470mm Matt White -> shelf
  ✓ model_4678.glb (18 polys)

[4679] Peretti/Withington Towel Hanger 375mm Matt White -> shelf
  ✓ model_4679.glb (18 polys)

[4680] Peretti/Withington Towel Hanger 280mm Matt White -> shelf
  ✓ model_4680.glb (18 polys)

[4681] Rosano/Charlton Towel Hanger 470mm Matt Black -> shelf
  ✓ model_4681.glb (18 polys)

[4682] Rosano/Charlton Towel Hanger 375mm Matt Black -> shelf
  ✓ model_4682.glb (18 polys)

[4683] Wickham 1525 x 740 x 740mm (590mm Depth) Freestanding Bath inc Waste - White -> bath
  ✓ model_4683.glb (122 polys)

[4684] Wickham 1700 x 740 x 740mm (590mm Depth) Freestanding Bath inc Waste - White -> bath
  ✓ model_4684.glb (122 polys)

[4685] Chislehurst 1700 x 790 x 730mm (580mm Depth) Freestanding Bath inc Waste - White -> bath
  ✓ model_4685.glb (122 polys)

[4686] Charlton 1650 x 740 x 565mm Freestanding Bath inc Waste - Grey -> bath
  ✓ model_4686.glb (122 polys)

[4687] Charlton 1650 x 740 x 565mm Freestanding Bath inc Waste - White -> bath
  ✓ model_4687.glb (122 polys)

[4688] Lambeth 1590 x 740 x 560mm Freestanding Bath inc Waste - Grey -> bath
  ✓ model_4688.glb (122 polys)

[4689] Lambeth 1590 x 740 x 560mm Freestanding Bath inc Waste - White -> bath
  ✓ model_4689.glb (122 polys)

[4690] Wandsworth 1500 x 720 x 585mm Freestanding Bath inc Waste - Grey -> bath
  ✓ model_4690.glb (122 polys)

[4691] Wandsworth 1495 x 720 x 585mm Freestanding Bath inc Waste - White -> bath
  ✓ model_4691.glb (122 polys)

[4692] Margravine 1660 x 730 x 570mm Freestanding Bath inc Waste - Grey -> bath
  ✓ model_4692.glb (122 polys)

[4693] Towel Hanger 470mm Chrome -> shelf
  ✓ model_4693.glb (18 polys)

[4694] Rivassa Towel Hanger Set with 600mm Bar Chrome -> shelf
  ✓ model_4694.glb (18 polys)

[4695] Rivassa Towel Hanger Set with 600mm Bar Gloss White -> shelf
  ✓ model_4695.glb (18 polys)

[4696] Towel Hanger 360mm White -> shelf
  ✓ model_4696.glb (18 polys)

[4697] Towel Hanger 600mm White -> shelf
  ✓ model_4697.glb (18 polys)

[4698] Towel Hanger 470mm White -> shelf
  ✓ model_4698.glb (18 polys)

[4699] Round Magnetic Towel Hanger 600mm. Gloss White -> shelf
  ✓ model_4699.glb (18 polys)

[4700] Towel Hanger 360mm Chrome -> shelf
  ✓ model_4700.glb (18 polys)

[4701] Towel Hanger 600mm Chrome -> shelf
  ✓ model_4701.glb (18 polys)

[4702] Margravine 1660 x 730 x 570mm Freestanding Bath inc Waste - White -> bath
  ✓ model_4702.glb (122 polys)

[4703] Malmesbury 500 x 375 Aluminium Radiator Matt Anthracite -> radiator
  ✓ model_4703.glb (286 polys)

[4704] Malmesbury 500 x 565 Aluminium Radiator Matt Grey -> radiator
  ✓ model_4704.glb (286 polys)

[4705] Malmesbury 500 x 470 Aluminium Radiator Matt Grey -> radiator
  ✓ model_4705.glb (286 polys)

[4706] Malmesbury 500 x 375 Aluminium Radiator Matt Grey -> radiator
  ✓ model_4706.glb (286 polys)

[4707] Malmesbury 500 x 565 Aluminium Radiator Matt White -> radiator
  ✓ model_4707.glb (286 polys)

[4708] Malmesbury 500 x 470 Aluminium Radiator Matt White -> radiator
  ✓ model_4708.glb (286 polys)

[4709] Malmesbury 500 x 375 Aluminium Radiator Matt White -> radiator
  ✓ model_4709.glb (286 polys)

[4710] Malmesbury 600 x 1230 Aluminium Radiator Matt Anthracite -> radiator
  ✓ model_4710.glb (286 polys)

[4711] Malmesbury 600 x 1040 Aluminium Radiator Matt Anthracite -> radiator
  ✓ model_4711.glb (286 polys)

[4712] Malmesbury 600 x 850 Aluminium Radiator Matt Anthracite -> radiator
  ✓ model_4712.glb (286 polys)

[4713] Malmesbury 600 x 1230 Aluminium Radiator Matt Grey -> radiator
  ✓ model_4713.glb (286 polys)

[4714] Malmesbury 600 x 1040 Aluminium Radiator Matt Grey -> radiator
  ✓ model_4714.glb (286 polys)

[4715] Malmesbury 600 x 850 Aluminium Radiator Matt Grey -> radiator
  ✓ model_4715.glb (286 polys)

[4716] Malmesbury 600 x 1230 Aluminium Radiator Matt White -> radiator
  ✓ model_4716.glb (286 polys)

[4717] Malmesbury 600 x 1040 Aluminium Radiator Matt White -> radiator
  ✓ model_4717.glb (286 polys)

[4718] Malmesbury 600 x 850 Aluminium Radiator Matt White -> radiator
  ✓ model_4718.glb (286 polys)

[4719] Malmesbury Towel Hanger 280mm Matt Cappuccino -> shelf
  ✓ model_4719.glb (18 polys)

[4720] Malmesbury Towel Hanger 185mm Matt Cappuccino -> shelf
  ✓ model_4720.glb (18 polys)

[4721] Malmesbury 600 x 1230 Aluminium Radiator Matt Cappuccino -> radiator
  ✓ model_4721.glb (286 polys)

[4722] Malmesbury 600 x 1040 Aluminium Radiator Matt Cappuccino -> radiator
  ✓ model_4722.glb (286 polys)

[4723] Malmesbury 600 x 850 Aluminium Radiator Matt Cappuccino -> radiator
  ✓ model_4723.glb (286 polys)

[4724] Kelmscott Towel Hanger 345mm Chrome -> shelf
  ✓ model_4724.glb (18 polys)

[4725] Malmesbury 600 x 565 Aluminium Radiator Matt Cappuccino -> radiator
  ✓ model_4725.glb (286 polys)

[4726] Kelmscott Towel Hanger 275mm Chrome -> shelf
  ✓ model_4726.glb (18 polys)

[4727] Malmesbury 600 x 470 Aluminium Radiator Matt Cappuccino -> radiator
  ✓ model_4727.glb (286 polys)

[4728] Kelmscott Towel Hanger 625mm Matt Anthracite -> shelf
  ✓ model_4728.glb (18 polys)

[4729] Malmesbury 600 x 375 Aluminium Radiator Matt Cappuccino -> radiator
  ✓ model_4729.glb (286 polys)

[4730] Universal Double Flat Style Towel Hanger 660mm Matt Anthracite -> shelf
  ✓ model_4730.glb (18 polys)

[4731] Kelmscott Towel Hanger 485mm Matt Anthracite -> shelf
  ✓ model_4731.glb (18 polys)

[4732] Malmesbury 1800 x 470 Aluminium Radiator Matt Cappuccino -> radiator
  ✓ model_4732.glb (286 polys)

[4733] Universal Double Flat Style Towel Hanger 470mm Matt Anthracite -> shelf
  ✓ model_4733.glb (18 polys)

[4734] Kelmscott Towel Hanger 415mm Matt Anthracite -> shelf
  ✓ model_4734.glb (18 polys)

[4735] Malmesbury 1800 x 375 Aluminium Radiator Matt Cappuccino -> radiator
  ✓ model_4735.glb (286 polys)

[4736] Kelmscott Towel Hanger 345mm Matt Anthracite -> shelf
  ✓ model_4736.glb (18 polys)

[4737] Universal Double Flat Style Towel Hanger 375mm Matt Anthracite -> shelf
  ✓ model_4737.glb (18 polys)

[4738] Malmesbury 1800 x 280 Aluminium Radiator Matt Cappuccino -> radiator
  ✓ model_4738.glb (286 polys)

[4739] Kelmscott Towel Hanger 275mm Matt Anthracite -> shelf
  ✓ model_4739.glb (18 polys)

[4740] Universal Double Flat Style Towel Hanger 280mm Matt Anthracite -> shelf
  ✓ model_4740.glb (18 polys)

[4741] Malmesbury 1800 x 185 Aluminium Radiator Matt Cappuccino -> radiator
  ✓ model_4741.glb (286 polys)

[4742] Kelmscott Towel Hanger 625mm Matt White -> shelf
  ✓ model_4742.glb (18 polys)

[4743] Universal Double Flat Style Towel Hanger 850mm Matt White -> shelf
  ✓ model_4743.glb (18 polys)

[4744] Universal Double Flat Style Towel Hanger 660mm Matt White -> shelf
  ✓ model_4744.glb (18 polys)

[4745] Universal Double Flat Style Towel Hanger 470mm Matt White -> shelf
  ✓ model_4745.glb (18 polys)

[4746] Universal Double Flat Style Towel Hanger 375mm Matt White -> shelf
  ✓ model_4746.glb (18 polys)

[4747] Kelmscott Towel Hanger 275mm Matt White -> shelf
  ✓ model_4747.glb (18 polys)

[4748] Burford Towel Hanger 625mm Chrome -> shelf
  ✓ model_4748.glb (18 polys)

[4749] Universal Double Flat Style Towel Hanger 280mm Matt White -> shelf
  ✓ model_4749.glb (18 polys)

[4750] Burford Towel Hanger 485mm Chrome -> shelf
  ✓ model_4750.glb (18 polys)

[4751] Witney Towel Hanger 470mm Chrome -> shelf
  ✓ model_4751.glb (18 polys)

[4752] Burford Towel Hanger 415mm Chrome -> shelf
  ✓ model_4752.glb (18 polys)

[4753] Witney Towel Hanger 375mm Chrome -> shelf
  ✓ model_4753.glb (18 polys)

[4754] Burford Towel Hanger 345mm Chrome -> shelf
  ✓ model_4754.glb (18 polys)

[4755] Witney Towel Hanger 280mm Chrome -> shelf
  ✓ model_4755.glb (18 polys)

[4756] Witney Towel Hanger 470mm Matt Anthracite -> shelf
  ✓ model_4756.glb (18 polys)

[4757] Burford Towel Hanger 275mm Chrome -> shelf
  ✓ model_4757.glb (18 polys)

[4758] Witney Towel Hanger 375mm Matt Anthracite -> shelf
  ✓ model_4758.glb (18 polys)

[4759] Burford Towel Hanger 625mm Matt Anthracite -> shelf
  ✓ model_4759.glb (18 polys)

[4760] Witney Towel Hanger 280mm Matt Anthracite -> shelf
  ✓ model_4760.glb (18 polys)

[4761] Universal Flat Style Towel Hanger 850mm Matt Anthracite -> shelf
  ✓ model_4761.glb (18 polys)

[4762] Burford Towel Hanger 485mm Matt Anthracite -> shelf
  ✓ model_4762.glb (18 polys)

[4763] Witney 1800 x 280 Aluminium Radiator Matt Anthracite -> radiator
  ✓ model_4763.glb (286 polys)

[4764] Witney Towel Hanger 470mm Matt White -> shelf
  ✓ model_4764.glb (18 polys)

[4765] Universal Flat Style Towel Hanger 660mm Matt Anthracite -> shelf
  ✓ model_4765.glb (18 polys)

[4766] Burford Towel Hanger 415mm Matt Anthracite -> shelf
  ✓ model_4766.glb (18 polys)

[4767] Witney 1800 x 470 Aluminium Radiator Matt White -> radiator
  ✓ model_4767.glb (286 polys)

[4768] Universal Flat Style Towel Hanger 470mm Matt Anthracite -> shelf
  ✓ model_4768.glb (18 polys)

[4769] Witney Towel Hanger 375mm Matt White -> shelf
  ✓ model_4769.glb (18 polys)

[4770] Burford Towel Hanger 345mm Matt Anthracite -> shelf
  ✓ model_4770.glb (18 polys)

[4771] Witney Towel Hanger 280mm Matt White -> shelf
  ✓ model_4771.glb (18 polys)

[4772] Universal Flat Style Towel Hanger 375mm Matt Anthracite -> shelf
  ✓ model_4772.glb (18 polys)

[4773] Witney 1800 x 375 Aluminium Radiator Matt White -> radiator
  ✓ model_4773.glb (286 polys)

[4774] Burford Towel Hanger 275mm Matt Anthracite -> shelf
  ✓ model_4774.glb (18 polys)

[4775] Universal Flat Style Towel Hanger 280mm Matt Anthracite -> shelf
  ✓ model_4775.glb (18 polys)

[4776] Kelmscott Towel Hanger 625mm Chrome -> shelf
  ✓ model_4776.glb (18 polys)

[4777] Universal Double Flat Style Towel Hanger 850mm Matt Black -> shelf
  ✓ model_4777.glb (18 polys)

[4778] Burford Towel Hanger 625mm Matt White -> shelf
  ✓ model_4778.glb (18 polys)

[4779] Witney 1800 x 280 Aluminium Radiator Matt White -> radiator
  ✓ model_4779.glb (286 polys)

[4780] Universal Flat Style Towel Hanger 850mm Matt White -> shelf
  ✓ model_4780.glb (18 polys)

[4781] Kelmscott Towel Hanger 485mm Chrome -> shelf
  ✓ model_4781.glb (18 polys)

[4782] Burford Towel Hanger 485mm Matt White -> shelf
  ✓ model_4782.glb (18 polys)

[4783] Universal Double Flat Style Towel Hanger 660mm Matt Black -> shelf
  ✓ model_4783.glb (18 polys)

[4784] Kelmscott Towel Hanger 415mm Chrome -> shelf
  ✓ model_4784.glb (18 polys)

[4785] Universal Flat Style Towel Hanger 660mm Matt White -> shelf
  ✓ model_4785.glb (18 polys)

[4786] Kelmscott 1800 x 485 Aluminium Radiator Matt Anthracite -> radiator
  ✓ model_4786.glb (286 polys)

[4787] Burford Towel Hanger 415mm Matt White -> shelf
  ✓ model_4787.glb (18 polys)

[4788] Kelmscott 1800 x 415 Aluminium Radiator Matt Anthracite -> radiator
  ✓ model_4788.glb (286 polys)

[4789] Universal Flat Style Towel Hanger 470mm Matt White -> shelf
  ✓ model_4789.glb (18 polys)

[4790] Kelmscott 1800 x 345 Aluminium Radiator Matt Anthracite -> radiator
  ✓ model_4790.glb (286 polys)

[4791] Universal Flat Style Towel Hanger 375mm Matt White -> shelf
  ✓ model_4791.glb (18 polys)

[4792] Kelmscott 1800 x 275 Aluminium Radiator Matt Anthracite -> radiator
  ✓ model_4792.glb (286 polys)

[4793] Universal Flat Style Towel Hanger 280mm Matt White -> shelf
  ✓ model_4793.glb (18 polys)

[4794] Malmesbury Towel Hanger 280mm Matt Grey -> shelf
  ✓ model_4794.glb (18 polys)

[4795] Kelmscott 600 x 1185 Aluminium Radiator Matt Anthracite -> radiator
  ✓ model_4795.glb (286 polys)

[4796] Kelmscott 600 x 485 Aluminium Radiator Matt White -> radiator
  ✓ model_4796.glb (286 polys)

[4797] Malmesbury 1800 x 470 Aluminium Radiator Matt Grey -> radiator
  ✓ model_4797.glb (286 polys)

[4798] Malmesbury Towel Hanger 185mm Chrome -> shelf
  ✓ model_4798.glb (18 polys)

[4799] Kelmscott 600 x 1045 Aluminium Radiator Matt Anthracite -> radiator
  ✓ model_4799.glb (286 polys)

[4800] Burford 1800 x 485 Aluminium Radiator Matt Anthracite -> radiator
  ✓ model_4800.glb (286 polys)

[4801] Malmesbury 1800 x 375 Aluminium Radiator Matt Grey -> radiator
  ✓ model_4801.glb (286 polys)

[4802] Kelmscott 600 x 835 Aluminium Radiator Matt Anthracite -> radiator
  ✓ model_4802.glb (286 polys)

[4803] Kelmscott 600 x 625 Aluminium Radiator Matt Anthracite -> radiator
  ✓ model_4803.glb (286 polys)

[4804] Burford 1800 x 415 Aluminium Radiator Matt Anthracite -> radiator
  ✓ model_4804.glb (286 polys)

[4805] Malmesbury 1800 x 280 Aluminium Radiator Matt Grey -> radiator
  ✓ model_4805.glb (286 polys)

[4806] Kelmscott 600 x 485 Aluminium Radiator Matt Anthracite -> radiator
  ✓ model_4806.glb (286 polys)

[4807] Burford 1800 x 345 Aluminium Radiator Matt Anthracite -> radiator
  ✓ model_4807.glb (286 polys)

[4808] Malmesbury 1800 x 185 Aluminium Radiator Matt Grey -> radiator
  ✓ model_4808.glb (286 polys)

[4809] Kelmscott 1800 x 485 Aluminium Radiator Matt White -> radiator
  ✓ model_4809.glb (286 polys)

[4810] Burford 1800 x 275 Aluminium Radiator Matt Anthracite -> radiator
  ✓ model_4810.glb (286 polys)

[4811] Malmesbury 1800 x 185 Aluminium Radiator Matt Anthracite -> radiator
  ✓ model_4811.glb (286 polys)

[4812] Kelmscott 1800 x 415 Aluminium Radiator Matt White -> radiator
  ✓ model_4812.glb (286 polys)

[4813] Malmesbury 1800 x 185 Aluminium Radiator Matt White -> radiator
  ✓ model_4813.glb (286 polys)

[4814] Kelmscott 1800 x 345 Aluminium Radiator Matt White -> radiator
  ✓ model_4814.glb (286 polys)

[4815] Kelmscott 1800 x 275 Aluminium Radiator Matt White -> radiator
  ✓ model_4815.glb (286 polys)

[4816] Malmesbury 600 x 565 Aluminium Radiator Matt Grey -> radiator
  ✓ model_4816.glb (286 polys)

[4817] Kelmscott 600 x 1185 Aluminium Radiator Matt White -> radiator
  ✓ model_4817.glb (286 polys)

[4818] Kelmscott 600 x 1045 Aluminium Radiator Matt White -> radiator
  ✓ model_4818.glb (286 polys)

[4819] Kelmscott 600 x 835 Aluminium Radiator Matt White -> radiator
  ✓ model_4819.glb (286 polys)

[4820] Kelmscott 600 x 625 Aluminium Radiator Matt White -> radiator
  ✓ model_4820.glb (286 polys)

[4821] Malmesbury Flat Style Towel Hanger 280mm Matt Cappuccino -> shelf
  ✓ model_4821.glb (18 polys)

[4822] Malmesbury Towel Hanger 565mm Matt Cappuccino -> shelf
  ✓ model_4822.glb (18 polys)

[4823] Malmesbury Towel Hanger 470mm Matt Cappuccino -> shelf
  ✓ model_4823.glb (18 polys)

[4824] Malmesbury Towel Hanger 375mm Matt Cappuccino -> shelf
  ✓ model_4824.glb (18 polys)

[4825] Marlow 1150 x 500 Towel Rail Matt Grey -> towel-rail
  ✓ model_4825.glb (408 polys)

[4826] Universal Double Flat Style Towel Hanger 470mm Matt Black -> shelf
  ✓ model_4826.glb (18 polys)

[4827] Marlow 850 x 600 Towel Rail Matt Grey -> towel-rail
  ✓ model_4827.glb (408 polys)

[4828] Universal Double Flat Style Towel Hanger 375mm Matt Black -> shelf
  ✓ model_4828.glb (18 polys)

[4829] Marlow 850 x 500 Towel Rail Matt Grey -> towel-rail
  ✓ model_4829.glb (408 polys)

[4830] Universal Double Flat Style Towel Hanger 280mm Matt Black -> shelf
  ✓ model_4830.glb (18 polys)

[4831] Marlow 1750 x 600 Towel Rail Matt Anthracite -> towel-rail
  ✓ model_4831.glb (408 polys)

[4832] Burford Towel Hanger 345mm Matt White -> shelf
  ✓ model_4832.glb (18 polys)

[4833] Universal Double Flat Style Towel Hanger 850mm Matt Anthracite -> shelf
  ✓ model_4833.glb (18 polys)

[4834] Burford Towel Hanger 275mm Matt White -> shelf
  ✓ model_4834.glb (18 polys)

[4835] Marlow 1750 x 500 Towel Rail Matt Anthracite -> towel-rail
  ✓ model_4835.glb (408 polys)

[4836] Fairford Towel Hanger 565mm Chrome -> shelf
  ✓ model_4836.glb (18 polys)

[4837] Marlow 1150 x 600 Towel Rail Matt Anthracite -> towel-rail
  ✓ model_4837.glb (408 polys)

[4838] Fairford Towel Hanger 375mm Chrome -> shelf
  ✓ model_4838.glb (18 polys)

[4839] Marlow 1150 x 500 Towel Rail Matt Anthracite -> towel-rail
  ✓ model_4839.glb (408 polys)

[4840] Fairford Towel Hanger 565mm Matt Anthracite -> shelf
  ✓ model_4840.glb (18 polys)

[4841] Marlow 850 x 600 Towel Rail Matt Anthracite -> towel-rail
  ✓ model_4841.glb (408 polys)

[4842] Fairford Towel Hanger 375mm Matt Anthracite -> shelf
  ✓ model_4842.glb (18 polys)

[4843] Fairford Towel Hanger 565mm Matt White -> shelf
  ✓ model_4843.glb (18 polys)

[4844] Marlow 850 x 500 Towel Rail Matt Anthracite -> towel-rail
  ✓ model_4844.glb (408 polys)

[4845] Kelmscott Towel Hanger 485mm Matt White -> shelf
  ✓ model_4845.glb (18 polys)

[4846] Fairford Towel Hanger 375mm Matt White -> shelf
  ✓ model_4846.glb (18 polys)

[4847] Malmesbury Towel Hanger 185mm Matt Grey -> shelf
  ✓ model_4847.glb (18 polys)

[4848] Kelmscott Towel Hanger 415mm Matt White -> shelf
  ✓ model_4848.glb (18 polys)

[4849] Marlow 1750 x 600 Towel Rail Matt White -> towel-rail
  ✓ model_4849.glb (408 polys)

[4850] Malmesbury Flat Style Towel Hanger 565mm Matt Grey -> shelf
  ✓ model_4850.glb (18 polys)

[4852] Malmesbury Towel Hanger 185mm Matt Anthracite -> shelf
  ✓ model_4852.glb (18 polys)

[4853] Marlow 1750 x 500 Towel Rail Matt White -> towel-rail
  ✓ model_4853.glb (408 polys)

[4854] Malmesbury Towel Hanger 185mm Matt White -> shelf
  ✓ model_4854.glb (18 polys)

[4855] Malmesbury Flat Style Towel Hanger 470mm Matt Grey -> shelf
  ✓ model_4855.glb (18 polys)

[4856] Marlow 1150 x 600 Towel Rail Matt White -> towel-rail
  ✓ model_4856.glb (408 polys)

[4857] Universal Flat Style Towel Hanger 850mm Matt Black -> shelf
  ✓ model_4857.glb (18 polys)

[4858] Malmesbury Flat Style Towel Hanger 375mm Matt Grey -> shelf
  ✓ model_4858.glb (18 polys)

[4859] Malmesbury 600 x 470 Aluminium Radiator Matt Grey -> radiator
  ✓ model_4859.glb (286 polys)

[4860] Universal Flat Style Towel Hanger 660mm Matt Black -> shelf
  ✓ model_4860.glb (18 polys)

[4861] Marlow 1150 x 500 Towel Rail Matt White -> towel-rail
  ✓ model_4861.glb (408 polys)

[4862] Malmesbury Flat Style Towel Hanger 280mm Matt Grey -> shelf
  ✓ model_4862.glb (18 polys)

[4863] Malmesbury 600 x 375 Aluminium Radiator Matt Grey -> radiator
  ✓ model_4863.glb (286 polys)

[4864] Universal Flat Style Towel Hanger 470mm Matt Black -> shelf
  ✓ model_4864.glb (18 polys)

[4865] Marlow 850 x 600 Towel Rail Matt White -> towel-rail
  ✓ model_4865.glb (408 polys)

[4866] Malmesbury Flat Style Towel Hanger 565mm Matt Anthracite -> shelf
  ✓ model_4866.glb (18 polys)

[4867] Witney 1800 x 470 Aluminium Radiator Matt Anthracite -> radiator
  ✓ model_4867.glb (286 polys)

[4868] Universal Flat Style Towel Hanger 375mm Matt Black -> shelf
  ✓ model_4868.glb (18 polys)

[4869] Marlow 850 x 500 Towel Rail Matt White -> towel-rail
  ✓ model_4869.glb (408 polys)

[4870] Malmesbury Flat Style Towel Hanger 470mm Matt Anthracite -> shelf
  ✓ model_4870.glb (18 polys)

[4871] Witney 1800 x 375 Aluminium Radiator Matt Anthracite -> radiator
  ✓ model_4871.glb (286 polys)

[4872] Universal Flat Style Towel Hanger 280mm Matt Black -> shelf
  ✓ model_4872.glb (18 polys)

[4873] Malmesbury Flat Style Towel Hanger 375mm Matt Anthracite -> shelf
  ✓ model_4873.glb (18 polys)

[4874] Malmesbury Flat Style Towel Hanger 280mm Matt Anthracite -> shelf
  ✓ model_4874.glb (18 polys)

[4875] Malmesbury Flat Style Towel Hanger 565mm Matt White -> shelf
  ✓ model_4875.glb (18 polys)

[4876] Malmesbury Flat Style Towel Hanger 470mm Matt White -> shelf
  ✓ model_4876.glb (18 polys)

[4877] Malmesbury Flat Style Towel Hanger 375mm Matt White -> shelf
  ✓ model_4877.glb (18 polys)

[4878] Malmesbury Flat Style Towel Hanger 280mm Matt White -> shelf
  ✓ model_4878.glb (18 polys)

[4879] Malmesbury Towel Hanger 565mm Matt Grey -> shelf
  ✓ model_4879.glb (18 polys)

[4880] Malmesbury Towel Hanger 470mm Matt Grey -> shelf
  ✓ model_4880.glb (18 polys)

[4881] Malmesbury Towel Hanger 375mm Matt Grey -> shelf
  ✓ model_4881.glb (18 polys)

[4882] Malmesbury Flat Style Towel Hanger 565mm Matt Cappuccino -> shelf
  ✓ model_4882.glb (18 polys)

[4883] Malmesbury Flat Style Towel Hanger 470mm Matt Cappuccino -> shelf
  ✓ model_4883.glb (18 polys)

[4884] Malmesbury Flat Style Towel Hanger 375mm Matt Cappuccino -> shelf
  ✓ model_4884.glb (18 polys)

[4885] Malmesbury 500 x 565 Aluminium Radiator Matt Anthracite -> radiator
  ✓ model_4885.glb (286 polys)

[4886] Malmesbury 500 x 470 Aluminium Radiator Matt Anthracite -> radiator
  ✓ model_4886.glb (286 polys)

[4887] Corniche 2000 8mm Semi-Frameless 2000mm x 1700mm Slider Shower Door - Matt Black -> shower-enclosure
  ✓ model_4887.glb (178 polys)

[4888] Corniche 2000 8mm Semi-Frameless 2000mm x 1600mm Slider Shower Door - Matt Black -> shower-enclosure
  ✓ model_4888.glb (178 polys)

[4889] Imperia 2 Column Radiator 300 x 1145mm Matt Anthracite -> radiator
  ✓ model_4889.glb (286 polys)

[4890] Imperia 2 Column Radiator 1800 x 290mm Gloss White -> radiator
  ✓ model_4890.glb (286 polys)

[4891] Corniche 2000 8mm Semi-Frameless 2000mm x 1700mm Slider Shower Door - Brushed Brass -> shower-enclosure
  ✓ model_4891.glb (178 polys)

[4892] Imperia 2 Column Radiator 600 x 1460mm Gloss White -> radiator
  ✓ model_4892.glb (286 polys)

[4893] Imperia 2 Column Radiator 600 x 1010mm Gloss White -> radiator
  ✓ model_4893.glb (286 polys)

[4894] Imperia 2 Column Radiator 600 x 560mm Gloss White -> radiator
  ✓ model_4894.glb (286 polys)

[4895] Imperia 2 Column Radiator 600 x 515mm Gloss White -> radiator
  ✓ model_4895.glb (286 polys)

[4896] Imperia 2 Column Radiator 600 x 470mm Gloss White -> radiator
  ✓ model_4896.glb (286 polys)

[4897] Imperia 2 Column Radiator 600 x 425mm Gloss White -> radiator
  ✓ model_4897.glb (286 polys)

[4898] Imperia 2 Column Radiator 300 x 1370mm Gloss White -> radiator
  ✓ model_4898.glb (286 polys)

[4899] Imperia 2 Column Radiator 300 x 1145mm Gloss White -> radiator
  ✓ model_4899.glb (286 polys)

[4900] Staverton Tube on Tube 1200 x 600 Brushed Brass -> towel-rail
  ✓ model_4900.glb (408 polys)

[4901] Staverton Tube on Tube 1200 x 500 Brushed Brass -> towel-rail
  ✓ model_4901.glb (408 polys)

[4902] Imperia 3 Column Radiator 600 x 515mm Gloss White -> radiator
  ✓ model_4902.glb (286 polys)

[4903] Imperia 3 Column Radiator 600 x 470mm Gloss White -> radiator
  ✓ model_4903.glb (286 polys)

[4904] Imperia 3 Column Radiator 600 x 425mm Gloss White -> radiator
  ✓ model_4904.glb (286 polys)

[4905] Imperia 3 Column Radiator 300 x 1370mm Gloss White -> radiator
  ✓ model_4905.glb (286 polys)

[4906] Imperia 3 Column Radiator 300 x 1145mm Gloss White -> radiator
  ✓ model_4906.glb (286 polys)

[4907] Imperia 2 Column Radiator 1800 x 290mm Matt Anthracite -> radiator
  ✓ model_4907.glb (286 polys)

[4908] Imperia 2 Column Radiator 600 x 1460mm Matt Anthracite -> radiator
  ✓ model_4908.glb (286 polys)

[4909] Imperia 2 Column Radiator 600 x 1010mm Matt Anthracite -> radiator
  ✓ model_4909.glb (286 polys)

[4910] Imperia 2 Column Radiator 600 x 560mm Matt Anthracite -> radiator
  ✓ model_4910.glb (286 polys)

[4911] Imperia 2 Column Radiator 600 x 515mm Matt Anthracite -> radiator
  ✓ model_4911.glb (286 polys)

[4912] Imperia 2 Column Radiator 600 x 470mm Matt Anthracite -> radiator
  ✓ model_4912.glb (286 polys)

[4913] Imperia 2 Column Radiator 600 x 425mm Matt Anthracite -> radiator
  ✓ model_4913.glb (286 polys)

[4914] Imperia 2 Column Radiator 300 x 1370mm Matt Anthracite -> radiator
  ✓ model_4914.glb (286 polys)

[4915] Corniche 2000 8mm Semi-Frameless 2000mm x 1600mm Slider Shower Door - Brushed Brass -> shower-enclosure
  ✓ model_4915.glb (178 polys)

[4916] Corniche 2000 8mm Semi-Frameless 2000mm x 1100mm Slider Shower Door - Chrome -> shower-enclosure
  ✓ model_4916.glb (178 polys)

[4917] Corniche 2000 8mm Framed 2000mm x 1400mm Slider Shower Door - Brushed Brass -> shower-enclosure
  ✓ model_4917.glb (178 polys)

[4918] Corniche 2000 8mm Semi-Frameless 2000mm x 1000mm Slider Shower Door - Chrome -> shower-enclosure
  ✓ model_4918.glb (178 polys)

[4919] Corniche 2000 8mm Semi-Frameless 2000mm x 1200mm Slider Shower Door - Brushed Brass -> shower-enclosure
  ✓ model_4919.glb (178 polys)

[4920] Corniche 2000 8mm Semi-Frameless 2000mm x 1100mm Slider Shower Door - Brushed Brass -> shower-enclosure
  ✓ model_4920.glb (178 polys)

[4921] Corniche 2000 8mm Semi-Frameless 2000mm x 1000mm Slider Shower Door - Brushed Brass -> shower-enclosure
  ✓ model_4921.glb (178 polys)

[4922] Corniche 2000 8mm Semi-Frameless 2000mm x 1400mm Slider Shower Door - Matt Black -> shower-enclosure
  ✓ model_4922.glb (178 polys)

[4923] Corniche 2000 8mm Semi-Frameless 2000mm x 1200mm Slider Shower Door - Matt Black -> shower-enclosure
  ✓ model_4923.glb (178 polys)

[4924] Corniche 2000 8mm Semi-Frameless 2000mm x 1100mm Slider Shower Door - Matt Black -> shower-enclosure
  ✓ model_4924.glb (178 polys)

[4925] Corniche 2000 8mm Semi-Frameless 2000mm x 1000mm Slider Shower Door - Matt Black -> shower-enclosure
  ✓ model_4925.glb (178 polys)

[4926] Imperia 3 Column Radiator 600 x 1460mm Matt Anthracite -> radiator
  ✓ model_4926.glb (286 polys)

[4927] Corniche 2000 8mm Semi-Frameless 2000mm x 1700mm Slider Shower Door - Chrome -> shower-enclosure
  ✓ model_4927.glb (178 polys)

[4928] Imperia 3 Column Radiator 600 x 1010mm Matt Anthracite -> radiator
  ✓ model_4928.glb (286 polys)

[4929] Corniche 2000 8mm Semi-Frameless 2000mm x 1600mm Slider Shower Door - Chrome -> shower-enclosure
  ✓ model_4929.glb (178 polys)

[4930] Imperia 3 Column Radiator 600 x 560mm Matt Anthracite -> radiator
  ✓ model_4930.glb (286 polys)

[4931] Imperia 3 Column Radiator 1800 x 470mm Bare Metal -> radiator
  ✓ model_4931.glb (286 polys)

[4932] Corniche 2000 8mm Semi-Frameless 2000mm x 1400mm Slider Shower Door - Chrome -> shower-enclosure
  ✓ model_4932.glb (178 polys)

[4933] Imperia 3 Column Radiator 600 x 515mm Matt Anthracite -> radiator
  ✓ model_4933.glb (286 polys)

[4934] Corniche 2000 8mm Semi-Frameless 2000mm x 1200mm Slider Shower Door - Chrome -> shower-enclosure
  ✓ model_4934.glb (178 polys)

[4935] Imperia 3 Column Radiator 1800 x 380mm Bare Metal -> radiator
  ✓ model_4935.glb (286 polys)

[4936] Imperia 3 Column Radiator 600 x 470mm Matt Anthracite -> radiator
  ✓ model_4936.glb (286 polys)

[4937] Imperia 3 Column Radiator 600 x 1145mm Bare Metal -> radiator
  ✓ model_4937.glb (286 polys)

[4938] Imperia 3 Column Radiator 600 x 425mm Matt Anthracite -> radiator
  ✓ model_4938.glb (286 polys)

[4939] Imperia 3 Column Radiator 600 x 830mm Bare Metal -> radiator
  ✓ model_4939.glb (286 polys)

[4940] Wendover Straight Multirail 800 x 500 Brushed Brass -> towel-rail
  ✓ model_4940.glb (408 polys)

[4941] Imperia 3 Column Radiator 300 x 1370mm Matt Anthracite -> radiator
  ✓ model_4941.glb (286 polys)

[4942] Imperia 3 Column Radiator 600 x 605mm Bare Metal -> radiator
  ✓ model_4942.glb (286 polys)

[4943] Imperia 3 Column Radiator 300 x 1145mm Matt Anthracite -> radiator
  ✓ model_4943.glb (286 polys)

[4944] Imperia 2 Column Radiator 1800 x 470mm Bare Metal -> radiator
  ✓ model_4944.glb (286 polys)

[4945] Imperia 3 Column Radiator 1800 x 290mm Gloss White -> radiator
  ✓ model_4945.glb (286 polys)

[4946] Imperia 2 Column Radiator 1800 x 380mm Bare Metal -> radiator
  ✓ model_4946.glb (286 polys)

[4947] Imperia 3 Column Radiator 600 x 1460mm Gloss White -> radiator
  ✓ model_4947.glb (286 polys)

[4948] Imperia 2 Column Radiator 600 x 1145mm Bare Metal -> radiator
  ✓ model_4948.glb (286 polys)

[4949] Imperia 3 Column Radiator 600 x 1010mm Gloss White -> radiator
  ✓ model_4949.glb (286 polys)

[4950] Imperia 2 Column Radiator 600 x 830mm Bare Metal -> radiator
  ✓ model_4950.glb (286 polys)

[4951] Imperia 3 Column Radiator 600 x 560mm Gloss White -> radiator
  ✓ model_4951.glb (286 polys)

[4952] Imperia 2 Column Radiator 600 x 605mm Bare Metal -> radiator
  ✓ model_4952.glb (286 polys)

[4953] Staverton 1200 x 600 Brushed Brass -> towel-rail
  ✓ model_4953.glb (408 polys)

[4954] Imperia 3 Column Radiator 1800 x 290mm Matt Anthracite -> radiator
  ✓ model_4954.glb (286 polys)

[4955] Staverton 1200 x 500 Brushed Brass -> towel-rail
  ✓ model_4955.glb (408 polys)

[4956] New Leonardo 1200 x 600 Brushed Brass -> towel-rail
  ✓ model_4956.glb (408 polys)

[4957] New Leonardo 1200 x 500 Brushed Brass -> towel-rail
  ✓ model_4957.glb (408 polys)

[4958] Wendover Straight Multirail 1800 x 600 Brushed Brass -> towel-rail
  ✓ model_4958.glb (408 polys)

[4959] Wendover Straight Multirail 1800 x 500 Brushed Brass -> towel-rail
  ✓ model_4959.glb (408 polys)

[4960] Wendover Straight Multirail 1600 x 600 Brushed Brass -> towel-rail
  ✓ model_4960.glb (408 polys)

[4989] Tunstall V Towel Hanger 350mm Matt White -> shelf
  ✓ model_4989.glb (18 polys)

[4961] Wendover Straight Multirail 1600 x 500 Brushed Brass -> towel-rail
  ✓ model_4961.glb (408 polys)

[4962] Wendover Straight Multirail 1400 x 600 Brushed Brass -> towel-rail
  ✓ model_4962.glb (408 polys)

[4963] Wendover Straight Multirail 1400 x 500 Brushed Brass -> towel-rail
  ✓ model_4963.glb (408 polys)

[4964] Wendover Straight Multirail 1200 x 600 Brushed Brass -> towel-rail
  ✓ model_4964.glb (408 polys)

[4965] Wendover Straight Multirail 1200 x 500 Brushed Brass -> towel-rail
  ✓ model_4965.glb (408 polys)

[4966] Wendover Straight Multirail 800 x 600 Brushed Brass -> towel-rail
  ✓ model_4966.glb (408 polys)

[4967] Biava Multirail HV Straight 360 x 400mm Matt White -> towel-rail
  ✓ model_4967.glb (408 polys)

[4968] Rivassa 3 Column Radiator 600 x 1148mm Bronze Olive -> radiator
  ✓ model_4968.glb (286 polys)

[4969] Rivassa 3 Column Radiator 600 x 1010mm Bronze Olive -> radiator
  ✓ model_4969.glb (286 polys)

[4970] Rivassa 3 Column Radiator 600 x 833mm Bronze Olive -> radiator
  ✓ model_4970.glb (286 polys)

[4971] Rivassa 3 Column Radiator 600 x 608mm Bronze Olive -> radiator
  ✓ model_4971.glb (286 polys)

[4972] Rivassa 2 Column Radiator 600 x 1148mm Bronze Olive -> radiator
  ✓ model_4972.glb (286 polys)

[4973] Rivassa 2 Column Radiator 600 x 1010mm Bronze Olive -> radiator
  ✓ model_4973.glb (286 polys)

Done: 2000 generated, 0 failed.
